{
  "login": "00imvj00",
  "id": 5981019,
  "node_id": "MDQ6VXNlcjU5ODEwMTk=",
  "avatar_url": "https://avatars1.githubusercontent.com/u/5981019?v=4",
  "gravatar_id": "",
  "url": "https://api.github.com/users/00imvj00",
  "html_url": "https://github.com/00imvj00",
  "followers_url": "https://api.github.com/users/00imvj00/followers",
  "following_url": "https://api.github.com/users/00imvj00/following{/other_user}",
  "gists_url": "https://api.github.com/users/00imvj00/gists{/gist_id}",
  "starred_url": "https://api.github.com/users/00imvj00/starred{/owner}{/repo}",
  "subscriptions_url": "https://api.github.com/users/00imvj00/subscriptions",
  "organizations_url": "https://api.github.com/users/00imvj00/orgs",
  "repos_url": "https://api.github.com/users/00imvj00/repos",
  "events_url": "https://api.github.com/users/00imvj00/events{/privacy}",
  "received_events_url": "https://api.github.com/users/00imvj00/received_events",
  "type": "User",
  "site_admin": false
}
