{
  "login": "0neSe7en",
  "id": 2234539,
  "node_id": "MDQ6VXNlcjIyMzQ1Mzk=",
  "avatar_url": "https://avatars0.githubusercontent.com/u/2234539?v=4",
  "gravatar_id": "",
  "url": "https://api.github.com/users/0neSe7en",
  "html_url": "https://github.com/0neSe7en",
  "followers_url": "https://api.github.com/users/0neSe7en/followers",
  "following_url": "https://api.github.com/users/0neSe7en/following{/other_user}",
  "gists_url": "https://api.github.com/users/0neSe7en/gists{/gist_id}",
  "starred_url": "https://api.github.com/users/0neSe7en/starred{/owner}{/repo}",
  "subscriptions_url": "https://api.github.com/users/0neSe7en/subscriptions",
  "organizations_url": "https://api.github.com/users/0neSe7en/orgs",
  "repos_url": "https://api.github.com/users/0neSe7en/repos",
  "events_url": "https://api.github.com/users/0neSe7en/events{/privacy}",
  "received_events_url": "https://api.github.com/users/0neSe7en/received_events",
  "type": "User",
  "site_admin": false
}
