{
  "login": "33mm",
  "id": 1761391,
  "node_id": "MDQ6VXNlcjE3NjEzOTE=",
  "avatar_url": "https://avatars3.githubusercontent.com/u/1761391?v=4",
  "gravatar_id": "",
  "url": "https://api.github.com/users/33mm",
  "html_url": "https://github.com/33mm",
  "followers_url": "https://api.github.com/users/33mm/followers",
  "following_url": "https://api.github.com/users/33mm/following{/other_user}",
  "gists_url": "https://api.github.com/users/33mm/gists{/gist_id}",
  "starred_url": "https://api.github.com/users/33mm/starred{/owner}{/repo}",
  "subscriptions_url": "https://api.github.com/users/33mm/subscriptions",
  "organizations_url": "https://api.github.com/users/33mm/orgs",
  "repos_url": "https://api.github.com/users/33mm/repos",
  "events_url": "https://api.github.com/users/33mm/events{/privacy}",
  "received_events_url": "https://api.github.com/users/33mm/received_events",
  "type": "User",
  "site_admin": false
}
