{
  "login": "aa153",
  "id": 16975604,
  "node_id": "MDQ6VXNlcjE2OTc1NjA0",
  "avatar_url": "https://avatars1.githubusercontent.com/u/16975604?v=4",
  "gravatar_id": "",
  "url": "https://api.github.com/users/aa153",
  "html_url": "https://github.com/aa153",
  "followers_url": "https://api.github.com/users/aa153/followers",
  "following_url": "https://api.github.com/users/aa153/following{/other_user}",
  "gists_url": "https://api.github.com/users/aa153/gists{/gist_id}",
  "starred_url": "https://api.github.com/users/aa153/starred{/owner}{/repo}",
  "subscriptions_url": "https://api.github.com/users/aa153/subscriptions",
  "organizations_url": "https://api.github.com/users/aa153/orgs",
  "repos_url": "https://api.github.com/users/aa153/repos",
  "events_url": "https://api.github.com/users/aa153/events{/privacy}",
  "received_events_url": "https://api.github.com/users/aa153/received_events",
  "type": "User",
  "site_admin": false
}
