{
  "login": "adam-singer",
  "id": 654526,
  "node_id": "MDQ6VXNlcjY1NDUyNg==",
  "avatar_url": "https://avatars1.githubusercontent.com/u/654526?v=4",
  "gravatar_id": "",
  "url": "https://api.github.com/users/adam-singer",
  "html_url": "https://github.com/adam-singer",
  "followers_url": "https://api.github.com/users/adam-singer/followers",
  "following_url": "https://api.github.com/users/adam-singer/following{/other_user}",
  "gists_url": "https://api.github.com/users/adam-singer/gists{/gist_id}",
  "starred_url": "https://api.github.com/users/adam-singer/starred{/owner}{/repo}",
  "subscriptions_url": "https://api.github.com/users/adam-singer/subscriptions",
  "organizations_url": "https://api.github.com/users/adam-singer/orgs",
  "repos_url": "https://api.github.com/users/adam-singer/repos",
  "events_url": "https://api.github.com/users/adam-singer/events{/privacy}",
  "received_events_url": "https://api.github.com/users/adam-singer/received_events",
  "type": "User",
  "site_admin": false
}
