{
  "login": "aemonk",
  "id": 17816609,
  "node_id": "MDQ6VXNlcjE3ODE2NjA5",
  "avatar_url": "https://avatars3.githubusercontent.com/u/17816609?v=4",
  "gravatar_id": "",
  "url": "https://api.github.com/users/aemonk",
  "html_url": "https://github.com/aemonk",
  "followers_url": "https://api.github.com/users/aemonk/followers",
  "following_url": "https://api.github.com/users/aemonk/following{/other_user}",
  "gists_url": "https://api.github.com/users/aemonk/gists{/gist_id}",
  "starred_url": "https://api.github.com/users/aemonk/starred{/owner}{/repo}",
  "subscriptions_url": "https://api.github.com/users/aemonk/subscriptions",
  "organizations_url": "https://api.github.com/users/aemonk/orgs",
  "repos_url": "https://api.github.com/users/aemonk/repos",
  "events_url": "https://api.github.com/users/aemonk/events{/privacy}",
  "received_events_url": "https://api.github.com/users/aemonk/received_events",
  "type": "User",
  "site_admin": false
}
