{
  "login": "aft",
  "id": 149634,
  "node_id": "MDQ6VXNlcjE0OTYzNA==",
  "avatar_url": "https://avatars2.githubusercontent.com/u/149634?v=4",
  "gravatar_id": "",
  "url": "https://api.github.com/users/aft",
  "html_url": "https://github.com/aft",
  "followers_url": "https://api.github.com/users/aft/followers",
  "following_url": "https://api.github.com/users/aft/following{/other_user}",
  "gists_url": "https://api.github.com/users/aft/gists{/gist_id}",
  "starred_url": "https://api.github.com/users/aft/starred{/owner}{/repo}",
  "subscriptions_url": "https://api.github.com/users/aft/subscriptions",
  "organizations_url": "https://api.github.com/users/aft/orgs",
  "repos_url": "https://api.github.com/users/aft/repos",
  "events_url": "https://api.github.com/users/aft/events{/privacy}",
  "received_events_url": "https://api.github.com/users/aft/received_events",
  "type": "User",
  "site_admin": false
}
