{
  "login": "ahmetacikgoz",
  "id": 8920411,
  "node_id": "MDQ6VXNlcjg5MjA0MTE=",
  "avatar_url": "https://avatars0.githubusercontent.com/u/8920411?v=4",
  "gravatar_id": "",
  "url": "https://api.github.com/users/ahmetacikgoz",
  "html_url": "https://github.com/ahmetacikgoz",
  "followers_url": "https://api.github.com/users/ahmetacikgoz/followers",
  "following_url": "https://api.github.com/users/ahmetacikgoz/following{/other_user}",
  "gists_url": "https://api.github.com/users/ahmetacikgoz/gists{/gist_id}",
  "starred_url": "https://api.github.com/users/ahmetacikgoz/starred{/owner}{/repo}",
  "subscriptions_url": "https://api.github.com/users/ahmetacikgoz/subscriptions",
  "organizations_url": "https://api.github.com/users/ahmetacikgoz/orgs",
  "repos_url": "https://api.github.com/users/ahmetacikgoz/repos",
  "events_url": "https://api.github.com/users/ahmetacikgoz/events{/privacy}",
  "received_events_url": "https://api.github.com/users/ahmetacikgoz/received_events",
  "type": "User",
  "site_admin": false
}
