{
  "login": "ajbosco",
  "id": 5423676,
  "node_id": "MDQ6VXNlcjU0MjM2NzY=",
  "avatar_url": "https://avatars0.githubusercontent.com/u/5423676?v=4",
  "gravatar_id": "",
  "url": "https://api.github.com/users/ajbosco",
  "html_url": "https://github.com/ajbosco",
  "followers_url": "https://api.github.com/users/ajbosco/followers",
  "following_url": "https://api.github.com/users/ajbosco/following{/other_user}",
  "gists_url": "https://api.github.com/users/ajbosco/gists{/gist_id}",
  "starred_url": "https://api.github.com/users/ajbosco/starred{/owner}{/repo}",
  "subscriptions_url": "https://api.github.com/users/ajbosco/subscriptions",
  "organizations_url": "https://api.github.com/users/ajbosco/orgs",
  "repos_url": "https://api.github.com/users/ajbosco/repos",
  "events_url": "https://api.github.com/users/ajbosco/events{/privacy}",
  "received_events_url": "https://api.github.com/users/ajbosco/received_events",
  "type": "User",
  "site_admin": false
}
