{
  "login": "Ajitmca89",
  "id": 17469943,
  "node_id": "MDQ6VXNlcjE3NDY5OTQz",
  "avatar_url": "https://avatars2.githubusercontent.com/u/17469943?v=4",
  "gravatar_id": "",
  "url": "https://api.github.com/users/Ajitmca89",
  "html_url": "https://github.com/Ajitmca89",
  "followers_url": "https://api.github.com/users/Ajitmca89/followers",
  "following_url": "https://api.github.com/users/Ajitmca89/following{/other_user}",
  "gists_url": "https://api.github.com/users/Ajitmca89/gists{/gist_id}",
  "starred_url": "https://api.github.com/users/Ajitmca89/starred{/owner}{/repo}",
  "subscriptions_url": "https://api.github.com/users/Ajitmca89/subscriptions",
  "organizations_url": "https://api.github.com/users/Ajitmca89/orgs",
  "repos_url": "https://api.github.com/users/Ajitmca89/repos",
  "events_url": "https://api.github.com/users/Ajitmca89/events{/privacy}",
  "received_events_url": "https://api.github.com/users/Ajitmca89/received_events",
  "type": "User",
  "site_admin": false
}
