{
  "login": "ajsb85",
  "id": 663460,
  "node_id": "MDQ6VXNlcjY2MzQ2MA==",
  "avatar_url": "https://avatars3.githubusercontent.com/u/663460?v=4",
  "gravatar_id": "",
  "url": "https://api.github.com/users/ajsb85",
  "html_url": "https://github.com/ajsb85",
  "followers_url": "https://api.github.com/users/ajsb85/followers",
  "following_url": "https://api.github.com/users/ajsb85/following{/other_user}",
  "gists_url": "https://api.github.com/users/ajsb85/gists{/gist_id}",
  "starred_url": "https://api.github.com/users/ajsb85/starred{/owner}{/repo}",
  "subscriptions_url": "https://api.github.com/users/ajsb85/subscriptions",
  "organizations_url": "https://api.github.com/users/ajsb85/orgs",
  "repos_url": "https://api.github.com/users/ajsb85/repos",
  "events_url": "https://api.github.com/users/ajsb85/events{/privacy}",
  "received_events_url": "https://api.github.com/users/ajsb85/received_events",
  "type": "User",
  "site_admin": false
}
