{
  "login": "Akki2200",
  "id": 6202436,
  "node_id": "MDQ6VXNlcjYyMDI0MzY=",
  "avatar_url": "https://avatars1.githubusercontent.com/u/6202436?v=4",
  "gravatar_id": "",
  "url": "https://api.github.com/users/Akki2200",
  "html_url": "https://github.com/Akki2200",
  "followers_url": "https://api.github.com/users/Akki2200/followers",
  "following_url": "https://api.github.com/users/Akki2200/following{/other_user}",
  "gists_url": "https://api.github.com/users/Akki2200/gists{/gist_id}",
  "starred_url": "https://api.github.com/users/Akki2200/starred{/owner}{/repo}",
  "subscriptions_url": "https://api.github.com/users/Akki2200/subscriptions",
  "organizations_url": "https://api.github.com/users/Akki2200/orgs",
  "repos_url": "https://api.github.com/users/Akki2200/repos",
  "events_url": "https://api.github.com/users/Akki2200/events{/privacy}",
  "received_events_url": "https://api.github.com/users/Akki2200/received_events",
  "type": "User",
  "site_admin": false
}
