{
  "login": "aknuds1",
  "id": 281303,
  "node_id": "MDQ6VXNlcjI4MTMwMw==",
  "avatar_url": "https://avatars1.githubusercontent.com/u/281303?v=4",
  "gravatar_id": "",
  "url": "https://api.github.com/users/aknuds1",
  "html_url": "https://github.com/aknuds1",
  "followers_url": "https://api.github.com/users/aknuds1/followers",
  "following_url": "https://api.github.com/users/aknuds1/following{/other_user}",
  "gists_url": "https://api.github.com/users/aknuds1/gists{/gist_id}",
  "starred_url": "https://api.github.com/users/aknuds1/starred{/owner}{/repo}",
  "subscriptions_url": "https://api.github.com/users/aknuds1/subscriptions",
  "organizations_url": "https://api.github.com/users/aknuds1/orgs",
  "repos_url": "https://api.github.com/users/aknuds1/repos",
  "events_url": "https://api.github.com/users/aknuds1/events{/privacy}",
  "received_events_url": "https://api.github.com/users/aknuds1/received_events",
  "type": "User",
  "site_admin": false
}
