{
  "login": "alanhuang281",
  "id": 25600527,
  "node_id": "MDQ6VXNlcjI1NjAwNTI3",
  "avatar_url": "https://avatars2.githubusercontent.com/u/25600527?v=4",
  "gravatar_id": "",
  "url": "https://api.github.com/users/alanhuang281",
  "html_url": "https://github.com/alanhuang281",
  "followers_url": "https://api.github.com/users/alanhuang281/followers",
  "following_url": "https://api.github.com/users/alanhuang281/following{/other_user}",
  "gists_url": "https://api.github.com/users/alanhuang281/gists{/gist_id}",
  "starred_url": "https://api.github.com/users/alanhuang281/starred{/owner}{/repo}",
  "subscriptions_url": "https://api.github.com/users/alanhuang281/subscriptions",
  "organizations_url": "https://api.github.com/users/alanhuang281/orgs",
  "repos_url": "https://api.github.com/users/alanhuang281/repos",
  "events_url": "https://api.github.com/users/alanhuang281/events{/privacy}",
  "received_events_url": "https://api.github.com/users/alanhuang281/received_events",
  "type": "User",
  "site_admin": false
}
