{
  "login": "alejonext",
  "id": 1652887,
  "node_id": "MDQ6VXNlcjE2NTI4ODc=",
  "avatar_url": "https://avatars0.githubusercontent.com/u/1652887?v=4",
  "gravatar_id": "",
  "url": "https://api.github.com/users/alejonext",
  "html_url": "https://github.com/alejonext",
  "followers_url": "https://api.github.com/users/alejonext/followers",
  "following_url": "https://api.github.com/users/alejonext/following{/other_user}",
  "gists_url": "https://api.github.com/users/alejonext/gists{/gist_id}",
  "starred_url": "https://api.github.com/users/alejonext/starred{/owner}{/repo}",
  "subscriptions_url": "https://api.github.com/users/alejonext/subscriptions",
  "organizations_url": "https://api.github.com/users/alejonext/orgs",
  "repos_url": "https://api.github.com/users/alejonext/repos",
  "events_url": "https://api.github.com/users/alejonext/events{/privacy}",
  "received_events_url": "https://api.github.com/users/alejonext/received_events",
  "type": "User",
  "site_admin": false
}
