{
  "login": "alexandrasp",
  "id": 6344218,
  "node_id": "MDQ6VXNlcjYzNDQyMTg=",
  "avatar_url": "https://avatars0.githubusercontent.com/u/6344218?v=4",
  "gravatar_id": "",
  "url": "https://api.github.com/users/alexandrasp",
  "html_url": "https://github.com/alexandrasp",
  "followers_url": "https://api.github.com/users/alexandrasp/followers",
  "following_url": "https://api.github.com/users/alexandrasp/following{/other_user}",
  "gists_url": "https://api.github.com/users/alexandrasp/gists{/gist_id}",
  "starred_url": "https://api.github.com/users/alexandrasp/starred{/owner}{/repo}",
  "subscriptions_url": "https://api.github.com/users/alexandrasp/subscriptions",
  "organizations_url": "https://api.github.com/users/alexandrasp/orgs",
  "repos_url": "https://api.github.com/users/alexandrasp/repos",
  "events_url": "https://api.github.com/users/alexandrasp/events{/privacy}",
  "received_events_url": "https://api.github.com/users/alexandrasp/received_events",
  "type": "User",
  "site_admin": false
}
