{
  "login": "alihalabyah",
  "id": 1836535,
  "node_id": "MDQ6VXNlcjE4MzY1MzU=",
  "avatar_url": "https://avatars0.githubusercontent.com/u/1836535?v=4",
  "gravatar_id": "",
  "url": "https://api.github.com/users/alihalabyah",
  "html_url": "https://github.com/alihalabyah",
  "followers_url": "https://api.github.com/users/alihalabyah/followers",
  "following_url": "https://api.github.com/users/alihalabyah/following{/other_user}",
  "gists_url": "https://api.github.com/users/alihalabyah/gists{/gist_id}",
  "starred_url": "https://api.github.com/users/alihalabyah/starred{/owner}{/repo}",
  "subscriptions_url": "https://api.github.com/users/alihalabyah/subscriptions",
  "organizations_url": "https://api.github.com/users/alihalabyah/orgs",
  "repos_url": "https://api.github.com/users/alihalabyah/repos",
  "events_url": "https://api.github.com/users/alihalabyah/events{/privacy}",
  "received_events_url": "https://api.github.com/users/alihalabyah/received_events",
  "type": "User",
  "site_admin": false
}
