{
  "login": "Allenseal",
  "id": 8199555,
  "node_id": "MDQ6VXNlcjgxOTk1NTU=",
  "avatar_url": "https://avatars0.githubusercontent.com/u/8199555?v=4",
  "gravatar_id": "",
  "url": "https://api.github.com/users/Allenseal",
  "html_url": "https://github.com/Allenseal",
  "followers_url": "https://api.github.com/users/Allenseal/followers",
  "following_url": "https://api.github.com/users/Allenseal/following{/other_user}",
  "gists_url": "https://api.github.com/users/Allenseal/gists{/gist_id}",
  "starred_url": "https://api.github.com/users/Allenseal/starred{/owner}{/repo}",
  "subscriptions_url": "https://api.github.com/users/Allenseal/subscriptions",
  "organizations_url": "https://api.github.com/users/Allenseal/orgs",
  "repos_url": "https://api.github.com/users/Allenseal/repos",
  "events_url": "https://api.github.com/users/Allenseal/events{/privacy}",
  "received_events_url": "https://api.github.com/users/Allenseal/received_events",
  "type": "User",
  "site_admin": false
}
