{
  "login": "alperenbozkurt",
  "id": 19302254,
  "node_id": "MDQ6VXNlcjE5MzAyMjU0",
  "avatar_url": "https://avatars2.githubusercontent.com/u/19302254?v=4",
  "gravatar_id": "",
  "url": "https://api.github.com/users/alperenbozkurt",
  "html_url": "https://github.com/alperenbozkurt",
  "followers_url": "https://api.github.com/users/alperenbozkurt/followers",
  "following_url": "https://api.github.com/users/alperenbozkurt/following{/other_user}",
  "gists_url": "https://api.github.com/users/alperenbozkurt/gists{/gist_id}",
  "starred_url": "https://api.github.com/users/alperenbozkurt/starred{/owner}{/repo}",
  "subscriptions_url": "https://api.github.com/users/alperenbozkurt/subscriptions",
  "organizations_url": "https://api.github.com/users/alperenbozkurt/orgs",
  "repos_url": "https://api.github.com/users/alperenbozkurt/repos",
  "events_url": "https://api.github.com/users/alperenbozkurt/events{/privacy}",
  "received_events_url": "https://api.github.com/users/alperenbozkurt/received_events",
  "type": "User",
  "site_admin": false
}
