{
  "login": "altruity",
  "id": 937917,
  "node_id": "MDQ6VXNlcjkzNzkxNw==",
  "avatar_url": "https://avatars3.githubusercontent.com/u/937917?v=4",
  "gravatar_id": "",
  "url": "https://api.github.com/users/altruity",
  "html_url": "https://github.com/altruity",
  "followers_url": "https://api.github.com/users/altruity/followers",
  "following_url": "https://api.github.com/users/altruity/following{/other_user}",
  "gists_url": "https://api.github.com/users/altruity/gists{/gist_id}",
  "starred_url": "https://api.github.com/users/altruity/starred{/owner}{/repo}",
  "subscriptions_url": "https://api.github.com/users/altruity/subscriptions",
  "organizations_url": "https://api.github.com/users/altruity/orgs",
  "repos_url": "https://api.github.com/users/altruity/repos",
  "events_url": "https://api.github.com/users/altruity/events{/privacy}",
  "received_events_url": "https://api.github.com/users/altruity/received_events",
  "type": "User",
  "site_admin": false
}
