{
  "login": "amalfra",
  "id": 4033256,
  "node_id": "MDQ6VXNlcjQwMzMyNTY=",
  "avatar_url": "https://avatars1.githubusercontent.com/u/4033256?v=4",
  "gravatar_id": "",
  "url": "https://api.github.com/users/amalfra",
  "html_url": "https://github.com/amalfra",
  "followers_url": "https://api.github.com/users/amalfra/followers",
  "following_url": "https://api.github.com/users/amalfra/following{/other_user}",
  "gists_url": "https://api.github.com/users/amalfra/gists{/gist_id}",
  "starred_url": "https://api.github.com/users/amalfra/starred{/owner}{/repo}",
  "subscriptions_url": "https://api.github.com/users/amalfra/subscriptions",
  "organizations_url": "https://api.github.com/users/amalfra/orgs",
  "repos_url": "https://api.github.com/users/amalfra/repos",
  "events_url": "https://api.github.com/users/amalfra/events{/privacy}",
  "received_events_url": "https://api.github.com/users/amalfra/received_events",
  "type": "User",
  "site_admin": false
}
