{
  "login": "amangalvedhekar",
  "id": 15663361,
  "node_id": "MDQ6VXNlcjE1NjYzMzYx",
  "avatar_url": "https://avatars3.githubusercontent.com/u/15663361?v=4",
  "gravatar_id": "",
  "url": "https://api.github.com/users/amangalvedhekar",
  "html_url": "https://github.com/amangalvedhekar",
  "followers_url": "https://api.github.com/users/amangalvedhekar/followers",
  "following_url": "https://api.github.com/users/amangalvedhekar/following{/other_user}",
  "gists_url": "https://api.github.com/users/amangalvedhekar/gists{/gist_id}",
  "starred_url": "https://api.github.com/users/amangalvedhekar/starred{/owner}{/repo}",
  "subscriptions_url": "https://api.github.com/users/amangalvedhekar/subscriptions",
  "organizations_url": "https://api.github.com/users/amangalvedhekar/orgs",
  "repos_url": "https://api.github.com/users/amangalvedhekar/repos",
  "events_url": "https://api.github.com/users/amangalvedhekar/events{/privacy}",
  "received_events_url": "https://api.github.com/users/amangalvedhekar/received_events",
  "type": "User",
  "site_admin": false
}
