{
  "login": "AmrMohammed89",
  "id": 8438501,
  "node_id": "MDQ6VXNlcjg0Mzg1MDE=",
  "avatar_url": "https://avatars3.githubusercontent.com/u/8438501?v=4",
  "gravatar_id": "",
  "url": "https://api.github.com/users/AmrMohammed89",
  "html_url": "https://github.com/AmrMohammed89",
  "followers_url": "https://api.github.com/users/AmrMohammed89/followers",
  "following_url": "https://api.github.com/users/AmrMohammed89/following{/other_user}",
  "gists_url": "https://api.github.com/users/AmrMohammed89/gists{/gist_id}",
  "starred_url": "https://api.github.com/users/AmrMohammed89/starred{/owner}{/repo}",
  "subscriptions_url": "https://api.github.com/users/AmrMohammed89/subscriptions",
  "organizations_url": "https://api.github.com/users/AmrMohammed89/orgs",
  "repos_url": "https://api.github.com/users/AmrMohammed89/repos",
  "events_url": "https://api.github.com/users/AmrMohammed89/events{/privacy}",
  "received_events_url": "https://api.github.com/users/AmrMohammed89/received_events",
  "type": "User",
  "site_admin": false
}
