{
  "login": "Anasmp",
  "id": 35429541,
  "node_id": "MDQ6VXNlcjM1NDI5NTQx",
  "avatar_url": "https://avatars0.githubusercontent.com/u/35429541?v=4",
  "gravatar_id": "",
  "url": "https://api.github.com/users/Anasmp",
  "html_url": "https://github.com/Anasmp",
  "followers_url": "https://api.github.com/users/Anasmp/followers",
  "following_url": "https://api.github.com/users/Anasmp/following{/other_user}",
  "gists_url": "https://api.github.com/users/Anasmp/gists{/gist_id}",
  "starred_url": "https://api.github.com/users/Anasmp/starred{/owner}{/repo}",
  "subscriptions_url": "https://api.github.com/users/Anasmp/subscriptions",
  "organizations_url": "https://api.github.com/users/Anasmp/orgs",
  "repos_url": "https://api.github.com/users/Anasmp/repos",
  "events_url": "https://api.github.com/users/Anasmp/events{/privacy}",
  "received_events_url": "https://api.github.com/users/Anasmp/received_events",
  "type": "User",
  "site_admin": false
}
