{
  "login": "anastasop",
  "id": 1934184,
  "node_id": "MDQ6VXNlcjE5MzQxODQ=",
  "avatar_url": "https://avatars3.githubusercontent.com/u/1934184?v=4",
  "gravatar_id": "",
  "url": "https://api.github.com/users/anastasop",
  "html_url": "https://github.com/anastasop",
  "followers_url": "https://api.github.com/users/anastasop/followers",
  "following_url": "https://api.github.com/users/anastasop/following{/other_user}",
  "gists_url": "https://api.github.com/users/anastasop/gists{/gist_id}",
  "starred_url": "https://api.github.com/users/anastasop/starred{/owner}{/repo}",
  "subscriptions_url": "https://api.github.com/users/anastasop/subscriptions",
  "organizations_url": "https://api.github.com/users/anastasop/orgs",
  "repos_url": "https://api.github.com/users/anastasop/repos",
  "events_url": "https://api.github.com/users/anastasop/events{/privacy}",
  "received_events_url": "https://api.github.com/users/anastasop/received_events",
  "type": "User",
  "site_admin": false
}
