{
  "login": "anatollupacescu",
  "id": 932089,
  "node_id": "MDQ6VXNlcjkzMjA4OQ==",
  "avatar_url": "https://avatars1.githubusercontent.com/u/932089?v=4",
  "gravatar_id": "",
  "url": "https://api.github.com/users/anatollupacescu",
  "html_url": "https://github.com/anatollupacescu",
  "followers_url": "https://api.github.com/users/anatollupacescu/followers",
  "following_url": "https://api.github.com/users/anatollupacescu/following{/other_user}",
  "gists_url": "https://api.github.com/users/anatollupacescu/gists{/gist_id}",
  "starred_url": "https://api.github.com/users/anatollupacescu/starred{/owner}{/repo}",
  "subscriptions_url": "https://api.github.com/users/anatollupacescu/subscriptions",
  "organizations_url": "https://api.github.com/users/anatollupacescu/orgs",
  "repos_url": "https://api.github.com/users/anatollupacescu/repos",
  "events_url": "https://api.github.com/users/anatollupacescu/events{/privacy}",
  "received_events_url": "https://api.github.com/users/anatollupacescu/received_events",
  "type": "User",
  "site_admin": false
}
