{
  "login": "andrepiper",
  "id": 3706993,
  "node_id": "MDQ6VXNlcjM3MDY5OTM=",
  "avatar_url": "https://avatars3.githubusercontent.com/u/3706993?v=4",
  "gravatar_id": "",
  "url": "https://api.github.com/users/andrepiper",
  "html_url": "https://github.com/andrepiper",
  "followers_url": "https://api.github.com/users/andrepiper/followers",
  "following_url": "https://api.github.com/users/andrepiper/following{/other_user}",
  "gists_url": "https://api.github.com/users/andrepiper/gists{/gist_id}",
  "starred_url": "https://api.github.com/users/andrepiper/starred{/owner}{/repo}",
  "subscriptions_url": "https://api.github.com/users/andrepiper/subscriptions",
  "organizations_url": "https://api.github.com/users/andrepiper/orgs",
  "repos_url": "https://api.github.com/users/andrepiper/repos",
  "events_url": "https://api.github.com/users/andrepiper/events{/privacy}",
  "received_events_url": "https://api.github.com/users/andrepiper/received_events",
  "type": "User",
  "site_admin": false
}
