{
  "login": "AndreaM16",
  "id": 6943457,
  "node_id": "MDQ6VXNlcjY5NDM0NTc=",
  "avatar_url": "https://avatars1.githubusercontent.com/u/6943457?v=4",
  "gravatar_id": "",
  "url": "https://api.github.com/users/AndreaM16",
  "html_url": "https://github.com/AndreaM16",
  "followers_url": "https://api.github.com/users/AndreaM16/followers",
  "following_url": "https://api.github.com/users/AndreaM16/following{/other_user}",
  "gists_url": "https://api.github.com/users/AndreaM16/gists{/gist_id}",
  "starred_url": "https://api.github.com/users/AndreaM16/starred{/owner}{/repo}",
  "subscriptions_url": "https://api.github.com/users/AndreaM16/subscriptions",
  "organizations_url": "https://api.github.com/users/AndreaM16/orgs",
  "repos_url": "https://api.github.com/users/AndreaM16/repos",
  "events_url": "https://api.github.com/users/AndreaM16/events{/privacy}",
  "received_events_url": "https://api.github.com/users/AndreaM16/received_events",
  "type": "User",
  "site_admin": false
}
