{
  "login": "andyfen",
  "id": 5710962,
  "node_id": "MDQ6VXNlcjU3MTA5NjI=",
  "avatar_url": "https://avatars1.githubusercontent.com/u/5710962?v=4",
  "gravatar_id": "",
  "url": "https://api.github.com/users/andyfen",
  "html_url": "https://github.com/andyfen",
  "followers_url": "https://api.github.com/users/andyfen/followers",
  "following_url": "https://api.github.com/users/andyfen/following{/other_user}",
  "gists_url": "https://api.github.com/users/andyfen/gists{/gist_id}",
  "starred_url": "https://api.github.com/users/andyfen/starred{/owner}{/repo}",
  "subscriptions_url": "https://api.github.com/users/andyfen/subscriptions",
  "organizations_url": "https://api.github.com/users/andyfen/orgs",
  "repos_url": "https://api.github.com/users/andyfen/repos",
  "events_url": "https://api.github.com/users/andyfen/events{/privacy}",
  "received_events_url": "https://api.github.com/users/andyfen/received_events",
  "type": "User",
  "site_admin": false
}
