{
  "login": "AnthonyWC",
  "id": 6215805,
  "node_id": "MDQ6VXNlcjYyMTU4MDU=",
  "avatar_url": "https://avatars1.githubusercontent.com/u/6215805?v=4",
  "gravatar_id": "",
  "url": "https://api.github.com/users/AnthonyWC",
  "html_url": "https://github.com/AnthonyWC",
  "followers_url": "https://api.github.com/users/AnthonyWC/followers",
  "following_url": "https://api.github.com/users/AnthonyWC/following{/other_user}",
  "gists_url": "https://api.github.com/users/AnthonyWC/gists{/gist_id}",
  "starred_url": "https://api.github.com/users/AnthonyWC/starred{/owner}{/repo}",
  "subscriptions_url": "https://api.github.com/users/AnthonyWC/subscriptions",
  "organizations_url": "https://api.github.com/users/AnthonyWC/orgs",
  "repos_url": "https://api.github.com/users/AnthonyWC/repos",
  "events_url": "https://api.github.com/users/AnthonyWC/events{/privacy}",
  "received_events_url": "https://api.github.com/users/AnthonyWC/received_events",
  "type": "User",
  "site_admin": false
}
