{
  "login": "aredhelrim",
  "id": 984762,
  "node_id": "MDQ6VXNlcjk4NDc2Mg==",
  "avatar_url": "https://avatars0.githubusercontent.com/u/984762?v=4",
  "gravatar_id": "",
  "url": "https://api.github.com/users/aredhelrim",
  "html_url": "https://github.com/aredhelrim",
  "followers_url": "https://api.github.com/users/aredhelrim/followers",
  "following_url": "https://api.github.com/users/aredhelrim/following{/other_user}",
  "gists_url": "https://api.github.com/users/aredhelrim/gists{/gist_id}",
  "starred_url": "https://api.github.com/users/aredhelrim/starred{/owner}{/repo}",
  "subscriptions_url": "https://api.github.com/users/aredhelrim/subscriptions",
  "organizations_url": "https://api.github.com/users/aredhelrim/orgs",
  "repos_url": "https://api.github.com/users/aredhelrim/repos",
  "events_url": "https://api.github.com/users/aredhelrim/events{/privacy}",
  "received_events_url": "https://api.github.com/users/aredhelrim/received_events",
  "type": "User",
  "site_admin": false
}
