{
  "login": "arjsingh25",
  "id": 44539267,
  "node_id": "MDQ6VXNlcjQ0NTM5MjY3",
  "avatar_url": "https://avatars3.githubusercontent.com/u/44539267?v=4",
  "gravatar_id": "",
  "url": "https://api.github.com/users/arjsingh25",
  "html_url": "https://github.com/arjsingh25",
  "followers_url": "https://api.github.com/users/arjsingh25/followers",
  "following_url": "https://api.github.com/users/arjsingh25/following{/other_user}",
  "gists_url": "https://api.github.com/users/arjsingh25/gists{/gist_id}",
  "starred_url": "https://api.github.com/users/arjsingh25/starred{/owner}{/repo}",
  "subscriptions_url": "https://api.github.com/users/arjsingh25/subscriptions",
  "organizations_url": "https://api.github.com/users/arjsingh25/orgs",
  "repos_url": "https://api.github.com/users/arjsingh25/repos",
  "events_url": "https://api.github.com/users/arjsingh25/events{/privacy}",
  "received_events_url": "https://api.github.com/users/arjsingh25/received_events",
  "type": "User",
  "site_admin": false
}
