{
  "login": "arkan",
  "id": 216477,
  "node_id": "MDQ6VXNlcjIxNjQ3Nw==",
  "avatar_url": "https://avatars1.githubusercontent.com/u/216477?v=4",
  "gravatar_id": "",
  "url": "https://api.github.com/users/arkan",
  "html_url": "https://github.com/arkan",
  "followers_url": "https://api.github.com/users/arkan/followers",
  "following_url": "https://api.github.com/users/arkan/following{/other_user}",
  "gists_url": "https://api.github.com/users/arkan/gists{/gist_id}",
  "starred_url": "https://api.github.com/users/arkan/starred{/owner}{/repo}",
  "subscriptions_url": "https://api.github.com/users/arkan/subscriptions",
  "organizations_url": "https://api.github.com/users/arkan/orgs",
  "repos_url": "https://api.github.com/users/arkan/repos",
  "events_url": "https://api.github.com/users/arkan/events{/privacy}",
  "received_events_url": "https://api.github.com/users/arkan/received_events",
  "type": "User",
  "site_admin": false
}
