{
  "login": "Artemissian",
  "id": 2939684,
  "node_id": "MDQ6VXNlcjI5Mzk2ODQ=",
  "avatar_url": "https://avatars1.githubusercontent.com/u/2939684?v=4",
  "gravatar_id": "",
  "url": "https://api.github.com/users/Artemissian",
  "html_url": "https://github.com/Artemissian",
  "followers_url": "https://api.github.com/users/Artemissian/followers",
  "following_url": "https://api.github.com/users/Artemissian/following{/other_user}",
  "gists_url": "https://api.github.com/users/Artemissian/gists{/gist_id}",
  "starred_url": "https://api.github.com/users/Artemissian/starred{/owner}{/repo}",
  "subscriptions_url": "https://api.github.com/users/Artemissian/subscriptions",
  "organizations_url": "https://api.github.com/users/Artemissian/orgs",
  "repos_url": "https://api.github.com/users/Artemissian/repos",
  "events_url": "https://api.github.com/users/Artemissian/events{/privacy}",
  "received_events_url": "https://api.github.com/users/Artemissian/received_events",
  "type": "User",
  "site_admin": false
}
