{
  "login": "artefactop",
  "id": 1199371,
  "node_id": "MDQ6VXNlcjExOTkzNzE=",
  "avatar_url": "https://avatars0.githubusercontent.com/u/1199371?v=4",
  "gravatar_id": "",
  "url": "https://api.github.com/users/artefactop",
  "html_url": "https://github.com/artefactop",
  "followers_url": "https://api.github.com/users/artefactop/followers",
  "following_url": "https://api.github.com/users/artefactop/following{/other_user}",
  "gists_url": "https://api.github.com/users/artefactop/gists{/gist_id}",
  "starred_url": "https://api.github.com/users/artefactop/starred{/owner}{/repo}",
  "subscriptions_url": "https://api.github.com/users/artefactop/subscriptions",
  "organizations_url": "https://api.github.com/users/artefactop/orgs",
  "repos_url": "https://api.github.com/users/artefactop/repos",
  "events_url": "https://api.github.com/users/artefactop/events{/privacy}",
  "received_events_url": "https://api.github.com/users/artefactop/received_events",
  "type": "User",
  "site_admin": false
}
