{
  "login": "ashleytqy",
  "id": 11889765,
  "node_id": "MDQ6VXNlcjExODg5NzY1",
  "avatar_url": "https://avatars3.githubusercontent.com/u/11889765?v=4",
  "gravatar_id": "",
  "url": "https://api.github.com/users/ashleytqy",
  "html_url": "https://github.com/ashleytqy",
  "followers_url": "https://api.github.com/users/ashleytqy/followers",
  "following_url": "https://api.github.com/users/ashleytqy/following{/other_user}",
  "gists_url": "https://api.github.com/users/ashleytqy/gists{/gist_id}",
  "starred_url": "https://api.github.com/users/ashleytqy/starred{/owner}{/repo}",
  "subscriptions_url": "https://api.github.com/users/ashleytqy/subscriptions",
  "organizations_url": "https://api.github.com/users/ashleytqy/orgs",
  "repos_url": "https://api.github.com/users/ashleytqy/repos",
  "events_url": "https://api.github.com/users/ashleytqy/events{/privacy}",
  "received_events_url": "https://api.github.com/users/ashleytqy/received_events",
  "type": "User",
  "site_admin": false
}
