{
  "login": "Asphaltt",
  "id": 6274610,
  "node_id": "MDQ6VXNlcjYyNzQ2MTA=",
  "avatar_url": "https://avatars1.githubusercontent.com/u/6274610?v=4",
  "gravatar_id": "",
  "url": "https://api.github.com/users/Asphaltt",
  "html_url": "https://github.com/Asphaltt",
  "followers_url": "https://api.github.com/users/Asphaltt/followers",
  "following_url": "https://api.github.com/users/Asphaltt/following{/other_user}",
  "gists_url": "https://api.github.com/users/Asphaltt/gists{/gist_id}",
  "starred_url": "https://api.github.com/users/Asphaltt/starred{/owner}{/repo}",
  "subscriptions_url": "https://api.github.com/users/Asphaltt/subscriptions",
  "organizations_url": "https://api.github.com/users/Asphaltt/orgs",
  "repos_url": "https://api.github.com/users/Asphaltt/repos",
  "events_url": "https://api.github.com/users/Asphaltt/events{/privacy}",
  "received_events_url": "https://api.github.com/users/Asphaltt/received_events",
  "type": "User",
  "site_admin": false
}
