{
  "login": "atakurt",
  "id": 833483,
  "node_id": "MDQ6VXNlcjgzMzQ4Mw==",
  "avatar_url": "https://avatars3.githubusercontent.com/u/833483?v=4",
  "gravatar_id": "",
  "url": "https://api.github.com/users/atakurt",
  "html_url": "https://github.com/atakurt",
  "followers_url": "https://api.github.com/users/atakurt/followers",
  "following_url": "https://api.github.com/users/atakurt/following{/other_user}",
  "gists_url": "https://api.github.com/users/atakurt/gists{/gist_id}",
  "starred_url": "https://api.github.com/users/atakurt/starred{/owner}{/repo}",
  "subscriptions_url": "https://api.github.com/users/atakurt/subscriptions",
  "organizations_url": "https://api.github.com/users/atakurt/orgs",
  "repos_url": "https://api.github.com/users/atakurt/repos",
  "events_url": "https://api.github.com/users/atakurt/events{/privacy}",
  "received_events_url": "https://api.github.com/users/atakurt/received_events",
  "type": "User",
  "site_admin": false
}
