{
  "login": "augustohp",
  "id": 188613,
  "node_id": "MDQ6VXNlcjE4ODYxMw==",
  "avatar_url": "https://avatars3.githubusercontent.com/u/188613?v=4",
  "gravatar_id": "",
  "url": "https://api.github.com/users/augustohp",
  "html_url": "https://github.com/augustohp",
  "followers_url": "https://api.github.com/users/augustohp/followers",
  "following_url": "https://api.github.com/users/augustohp/following{/other_user}",
  "gists_url": "https://api.github.com/users/augustohp/gists{/gist_id}",
  "starred_url": "https://api.github.com/users/augustohp/starred{/owner}{/repo}",
  "subscriptions_url": "https://api.github.com/users/augustohp/subscriptions",
  "organizations_url": "https://api.github.com/users/augustohp/orgs",
  "repos_url": "https://api.github.com/users/augustohp/repos",
  "events_url": "https://api.github.com/users/augustohp/events{/privacy}",
  "received_events_url": "https://api.github.com/users/augustohp/received_events",
  "type": "User",
  "site_admin": false
}
