{
  "login": "avelino",
  "id": 31996,
  "node_id": "MDQ6VXNlcjMxOTk2",
  "avatar_url": "https://avatars2.githubusercontent.com/u/31996?v=4",
  "gravatar_id": "",
  "url": "https://api.github.com/users/avelino",
  "html_url": "https://github.com/avelino",
  "followers_url": "https://api.github.com/users/avelino/followers",
  "following_url": "https://api.github.com/users/avelino/following{/other_user}",
  "gists_url": "https://api.github.com/users/avelino/gists{/gist_id}",
  "starred_url": "https://api.github.com/users/avelino/starred{/owner}{/repo}",
  "subscriptions_url": "https://api.github.com/users/avelino/subscriptions",
  "organizations_url": "https://api.github.com/users/avelino/orgs",
  "repos_url": "https://api.github.com/users/avelino/repos",
  "events_url": "https://api.github.com/users/avelino/events{/privacy}",
  "received_events_url": "https://api.github.com/users/avelino/received_events",
  "type": "User",
  "site_admin": false
}
