{
  "login": "avinassh",
  "id": 640792,
  "node_id": "MDQ6VXNlcjY0MDc5Mg==",
  "avatar_url": "https://avatars2.githubusercontent.com/u/640792?v=4",
  "gravatar_id": "",
  "url": "https://api.github.com/users/avinassh",
  "html_url": "https://github.com/avinassh",
  "followers_url": "https://api.github.com/users/avinassh/followers",
  "following_url": "https://api.github.com/users/avinassh/following{/other_user}",
  "gists_url": "https://api.github.com/users/avinassh/gists{/gist_id}",
  "starred_url": "https://api.github.com/users/avinassh/starred{/owner}{/repo}",
  "subscriptions_url": "https://api.github.com/users/avinassh/subscriptions",
  "organizations_url": "https://api.github.com/users/avinassh/orgs",
  "repos_url": "https://api.github.com/users/avinassh/repos",
  "events_url": "https://api.github.com/users/avinassh/events{/privacy}",
  "received_events_url": "https://api.github.com/users/avinassh/received_events",
  "type": "User",
  "site_admin": false
}
