{
  "login": "babosamo",
  "id": 2282323,
  "node_id": "MDQ6VXNlcjIyODIzMjM=",
  "avatar_url": "https://avatars0.githubusercontent.com/u/2282323?v=4",
  "gravatar_id": "",
  "url": "https://api.github.com/users/babosamo",
  "html_url": "https://github.com/babosamo",
  "followers_url": "https://api.github.com/users/babosamo/followers",
  "following_url": "https://api.github.com/users/babosamo/following{/other_user}",
  "gists_url": "https://api.github.com/users/babosamo/gists{/gist_id}",
  "starred_url": "https://api.github.com/users/babosamo/starred{/owner}{/repo}",
  "subscriptions_url": "https://api.github.com/users/babosamo/subscriptions",
  "organizations_url": "https://api.github.com/users/babosamo/orgs",
  "repos_url": "https://api.github.com/users/babosamo/repos",
  "events_url": "https://api.github.com/users/babosamo/events{/privacy}",
  "received_events_url": "https://api.github.com/users/babosamo/received_events",
  "type": "User",
  "site_admin": false
}
