{
  "login": "barisgunduz",
  "id": 4303838,
  "node_id": "MDQ6VXNlcjQzMDM4Mzg=",
  "avatar_url": "https://avatars1.githubusercontent.com/u/4303838?v=4",
  "gravatar_id": "",
  "url": "https://api.github.com/users/barisgunduz",
  "html_url": "https://github.com/barisgunduz",
  "followers_url": "https://api.github.com/users/barisgunduz/followers",
  "following_url": "https://api.github.com/users/barisgunduz/following{/other_user}",
  "gists_url": "https://api.github.com/users/barisgunduz/gists{/gist_id}",
  "starred_url": "https://api.github.com/users/barisgunduz/starred{/owner}{/repo}",
  "subscriptions_url": "https://api.github.com/users/barisgunduz/subscriptions",
  "organizations_url": "https://api.github.com/users/barisgunduz/orgs",
  "repos_url": "https://api.github.com/users/barisgunduz/repos",
  "events_url": "https://api.github.com/users/barisgunduz/events{/privacy}",
  "received_events_url": "https://api.github.com/users/barisgunduz/received_events",
  "type": "User",
  "site_admin": false
}
