{
  "login": "barroque",
  "id": 1018844,
  "node_id": "MDQ6VXNlcjEwMTg4NDQ=",
  "avatar_url": "https://avatars0.githubusercontent.com/u/1018844?v=4",
  "gravatar_id": "",
  "url": "https://api.github.com/users/barroque",
  "html_url": "https://github.com/barroque",
  "followers_url": "https://api.github.com/users/barroque/followers",
  "following_url": "https://api.github.com/users/barroque/following{/other_user}",
  "gists_url": "https://api.github.com/users/barroque/gists{/gist_id}",
  "starred_url": "https://api.github.com/users/barroque/starred{/owner}{/repo}",
  "subscriptions_url": "https://api.github.com/users/barroque/subscriptions",
  "organizations_url": "https://api.github.com/users/barroque/orgs",
  "repos_url": "https://api.github.com/users/barroque/repos",
  "events_url": "https://api.github.com/users/barroque/events{/privacy}",
  "received_events_url": "https://api.github.com/users/barroque/received_events",
  "type": "User",
  "site_admin": false
}
