{
  "login": "belatrixi",
  "id": 13949407,
  "node_id": "MDQ6VXNlcjEzOTQ5NDA3",
  "avatar_url": "https://avatars0.githubusercontent.com/u/13949407?v=4",
  "gravatar_id": "",
  "url": "https://api.github.com/users/belatrixi",
  "html_url": "https://github.com/belatrixi",
  "followers_url": "https://api.github.com/users/belatrixi/followers",
  "following_url": "https://api.github.com/users/belatrixi/following{/other_user}",
  "gists_url": "https://api.github.com/users/belatrixi/gists{/gist_id}",
  "starred_url": "https://api.github.com/users/belatrixi/starred{/owner}{/repo}",
  "subscriptions_url": "https://api.github.com/users/belatrixi/subscriptions",
  "organizations_url": "https://api.github.com/users/belatrixi/orgs",
  "repos_url": "https://api.github.com/users/belatrixi/repos",
  "events_url": "https://api.github.com/users/belatrixi/events{/privacy}",
  "received_events_url": "https://api.github.com/users/belatrixi/received_events",
  "type": "User",
  "site_admin": false
}
