{
  "login": "bencagri",
  "id": 823521,
  "node_id": "MDQ6VXNlcjgyMzUyMQ==",
  "avatar_url": "https://avatars2.githubusercontent.com/u/823521?v=4",
  "gravatar_id": "",
  "url": "https://api.github.com/users/bencagri",
  "html_url": "https://github.com/bencagri",
  "followers_url": "https://api.github.com/users/bencagri/followers",
  "following_url": "https://api.github.com/users/bencagri/following{/other_user}",
  "gists_url": "https://api.github.com/users/bencagri/gists{/gist_id}",
  "starred_url": "https://api.github.com/users/bencagri/starred{/owner}{/repo}",
  "subscriptions_url": "https://api.github.com/users/bencagri/subscriptions",
  "organizations_url": "https://api.github.com/users/bencagri/orgs",
  "repos_url": "https://api.github.com/users/bencagri/repos",
  "events_url": "https://api.github.com/users/bencagri/events{/privacy}",
  "received_events_url": "https://api.github.com/users/bencagri/received_events",
  "type": "User",
  "site_admin": false
}
