{
  "login": "benjaminaaron",
  "id": 5141792,
  "node_id": "MDQ6VXNlcjUxNDE3OTI=",
  "avatar_url": "https://avatars3.githubusercontent.com/u/5141792?v=4",
  "gravatar_id": "",
  "url": "https://api.github.com/users/benjaminaaron",
  "html_url": "https://github.com/benjaminaaron",
  "followers_url": "https://api.github.com/users/benjaminaaron/followers",
  "following_url": "https://api.github.com/users/benjaminaaron/following{/other_user}",
  "gists_url": "https://api.github.com/users/benjaminaaron/gists{/gist_id}",
  "starred_url": "https://api.github.com/users/benjaminaaron/starred{/owner}{/repo}",
  "subscriptions_url": "https://api.github.com/users/benjaminaaron/subscriptions",
  "organizations_url": "https://api.github.com/users/benjaminaaron/orgs",
  "repos_url": "https://api.github.com/users/benjaminaaron/repos",
  "events_url": "https://api.github.com/users/benjaminaaron/events{/privacy}",
  "received_events_url": "https://api.github.com/users/benjaminaaron/received_events",
  "type": "User",
  "site_admin": false
}
