{
  "login": "bennotti",
  "id": 6445182,
  "node_id": "MDQ6VXNlcjY0NDUxODI=",
  "avatar_url": "https://avatars3.githubusercontent.com/u/6445182?v=4",
  "gravatar_id": "",
  "url": "https://api.github.com/users/bennotti",
  "html_url": "https://github.com/bennotti",
  "followers_url": "https://api.github.com/users/bennotti/followers",
  "following_url": "https://api.github.com/users/bennotti/following{/other_user}",
  "gists_url": "https://api.github.com/users/bennotti/gists{/gist_id}",
  "starred_url": "https://api.github.com/users/bennotti/starred{/owner}{/repo}",
  "subscriptions_url": "https://api.github.com/users/bennotti/subscriptions",
  "organizations_url": "https://api.github.com/users/bennotti/orgs",
  "repos_url": "https://api.github.com/users/bennotti/repos",
  "events_url": "https://api.github.com/users/bennotti/events{/privacy}",
  "received_events_url": "https://api.github.com/users/bennotti/received_events",
  "type": "User",
  "site_admin": false
}
