{
  "login": "beratgumus",
  "id": 23136157,
  "node_id": "MDQ6VXNlcjIzMTM2MTU3",
  "avatar_url": "https://avatars1.githubusercontent.com/u/23136157?v=4",
  "gravatar_id": "",
  "url": "https://api.github.com/users/beratgumus",
  "html_url": "https://github.com/beratgumus",
  "followers_url": "https://api.github.com/users/beratgumus/followers",
  "following_url": "https://api.github.com/users/beratgumus/following{/other_user}",
  "gists_url": "https://api.github.com/users/beratgumus/gists{/gist_id}",
  "starred_url": "https://api.github.com/users/beratgumus/starred{/owner}{/repo}",
  "subscriptions_url": "https://api.github.com/users/beratgumus/subscriptions",
  "organizations_url": "https://api.github.com/users/beratgumus/orgs",
  "repos_url": "https://api.github.com/users/beratgumus/repos",
  "events_url": "https://api.github.com/users/beratgumus/events{/privacy}",
  "received_events_url": "https://api.github.com/users/beratgumus/received_events",
  "type": "User",
  "site_admin": false
}
