{
  "login": "berfinsari",
  "id": 14864133,
  "node_id": "MDQ6VXNlcjE0ODY0MTMz",
  "avatar_url": "https://avatars3.githubusercontent.com/u/14864133?v=4",
  "gravatar_id": "",
  "url": "https://api.github.com/users/berfinsari",
  "html_url": "https://github.com/berfinsari",
  "followers_url": "https://api.github.com/users/berfinsari/followers",
  "following_url": "https://api.github.com/users/berfinsari/following{/other_user}",
  "gists_url": "https://api.github.com/users/berfinsari/gists{/gist_id}",
  "starred_url": "https://api.github.com/users/berfinsari/starred{/owner}{/repo}",
  "subscriptions_url": "https://api.github.com/users/berfinsari/subscriptions",
  "organizations_url": "https://api.github.com/users/berfinsari/orgs",
  "repos_url": "https://api.github.com/users/berfinsari/repos",
  "events_url": "https://api.github.com/users/berfinsari/events{/privacy}",
  "received_events_url": "https://api.github.com/users/berfinsari/received_events",
  "type": "User",
  "site_admin": false
}
