{
  "login": "berkansasmaz",
  "id": 31216880,
  "node_id": "MDQ6VXNlcjMxMjE2ODgw",
  "avatar_url": "https://avatars3.githubusercontent.com/u/31216880?v=4",
  "gravatar_id": "",
  "url": "https://api.github.com/users/berkansasmaz",
  "html_url": "https://github.com/berkansasmaz",
  "followers_url": "https://api.github.com/users/berkansasmaz/followers",
  "following_url": "https://api.github.com/users/berkansasmaz/following{/other_user}",
  "gists_url": "https://api.github.com/users/berkansasmaz/gists{/gist_id}",
  "starred_url": "https://api.github.com/users/berkansasmaz/starred{/owner}{/repo}",
  "subscriptions_url": "https://api.github.com/users/berkansasmaz/subscriptions",
  "organizations_url": "https://api.github.com/users/berkansasmaz/orgs",
  "repos_url": "https://api.github.com/users/berkansasmaz/repos",
  "events_url": "https://api.github.com/users/berkansasmaz/events{/privacy}",
  "received_events_url": "https://api.github.com/users/berkansasmaz/received_events",
  "type": "User",
  "site_admin": false
}
