{
  "login": "bilalmehrban",
  "id": 17435774,
  "node_id": "MDQ6VXNlcjE3NDM1Nzc0",
  "avatar_url": "https://avatars1.githubusercontent.com/u/17435774?v=4",
  "gravatar_id": "",
  "url": "https://api.github.com/users/bilalmehrban",
  "html_url": "https://github.com/bilalmehrban",
  "followers_url": "https://api.github.com/users/bilalmehrban/followers",
  "following_url": "https://api.github.com/users/bilalmehrban/following{/other_user}",
  "gists_url": "https://api.github.com/users/bilalmehrban/gists{/gist_id}",
  "starred_url": "https://api.github.com/users/bilalmehrban/starred{/owner}{/repo}",
  "subscriptions_url": "https://api.github.com/users/bilalmehrban/subscriptions",
  "organizations_url": "https://api.github.com/users/bilalmehrban/orgs",
  "repos_url": "https://api.github.com/users/bilalmehrban/repos",
  "events_url": "https://api.github.com/users/bilalmehrban/events{/privacy}",
  "received_events_url": "https://api.github.com/users/bilalmehrban/received_events",
  "type": "User",
  "site_admin": false
}
