{
  "login": "blackAndWhite7",
  "id": 20613731,
  "node_id": "MDQ6VXNlcjIwNjEzNzMx",
  "avatar_url": "https://avatars0.githubusercontent.com/u/20613731?v=4",
  "gravatar_id": "",
  "url": "https://api.github.com/users/blackAndWhite7",
  "html_url": "https://github.com/blackAndWhite7",
  "followers_url": "https://api.github.com/users/blackAndWhite7/followers",
  "following_url": "https://api.github.com/users/blackAndWhite7/following{/other_user}",
  "gists_url": "https://api.github.com/users/blackAndWhite7/gists{/gist_id}",
  "starred_url": "https://api.github.com/users/blackAndWhite7/starred{/owner}{/repo}",
  "subscriptions_url": "https://api.github.com/users/blackAndWhite7/subscriptions",
  "organizations_url": "https://api.github.com/users/blackAndWhite7/orgs",
  "repos_url": "https://api.github.com/users/blackAndWhite7/repos",
  "events_url": "https://api.github.com/users/blackAndWhite7/events{/privacy}",
  "received_events_url": "https://api.github.com/users/blackAndWhite7/received_events",
  "type": "User",
  "site_admin": false
}
