{
  "login": "bobohackbutter",
  "id": 23731145,
  "node_id": "MDQ6VXNlcjIzNzMxMTQ1",
  "avatar_url": "https://avatars2.githubusercontent.com/u/23731145?v=4",
  "gravatar_id": "",
  "url": "https://api.github.com/users/bobohackbutter",
  "html_url": "https://github.com/bobohackbutter",
  "followers_url": "https://api.github.com/users/bobohackbutter/followers",
  "following_url": "https://api.github.com/users/bobohackbutter/following{/other_user}",
  "gists_url": "https://api.github.com/users/bobohackbutter/gists{/gist_id}",
  "starred_url": "https://api.github.com/users/bobohackbutter/starred{/owner}{/repo}",
  "subscriptions_url": "https://api.github.com/users/bobohackbutter/subscriptions",
  "organizations_url": "https://api.github.com/users/bobohackbutter/orgs",
  "repos_url": "https://api.github.com/users/bobohackbutter/repos",
  "events_url": "https://api.github.com/users/bobohackbutter/events{/privacy}",
  "received_events_url": "https://api.github.com/users/bobohackbutter/received_events",
  "type": "User",
  "site_admin": false
}
