{
  "login": "bonly",
  "id": 202523,
  "node_id": "MDQ6VXNlcjIwMjUyMw==",
  "avatar_url": "https://avatars3.githubusercontent.com/u/202523?v=4",
  "gravatar_id": "",
  "url": "https://api.github.com/users/bonly",
  "html_url": "https://github.com/bonly",
  "followers_url": "https://api.github.com/users/bonly/followers",
  "following_url": "https://api.github.com/users/bonly/following{/other_user}",
  "gists_url": "https://api.github.com/users/bonly/gists{/gist_id}",
  "starred_url": "https://api.github.com/users/bonly/starred{/owner}{/repo}",
  "subscriptions_url": "https://api.github.com/users/bonly/subscriptions",
  "organizations_url": "https://api.github.com/users/bonly/orgs",
  "repos_url": "https://api.github.com/users/bonly/repos",
  "events_url": "https://api.github.com/users/bonly/events{/privacy}",
  "received_events_url": "https://api.github.com/users/bonly/received_events",
  "type": "User",
  "site_admin": false
}
