{
  "login": "booming",
  "id": 1512064,
  "node_id": "MDQ6VXNlcjE1MTIwNjQ=",
  "avatar_url": "https://avatars0.githubusercontent.com/u/1512064?v=4",
  "gravatar_id": "",
  "url": "https://api.github.com/users/booming",
  "html_url": "https://github.com/booming",
  "followers_url": "https://api.github.com/users/booming/followers",
  "following_url": "https://api.github.com/users/booming/following{/other_user}",
  "gists_url": "https://api.github.com/users/booming/gists{/gist_id}",
  "starred_url": "https://api.github.com/users/booming/starred{/owner}{/repo}",
  "subscriptions_url": "https://api.github.com/users/booming/subscriptions",
  "organizations_url": "https://api.github.com/users/booming/orgs",
  "repos_url": "https://api.github.com/users/booming/repos",
  "events_url": "https://api.github.com/users/booming/events{/privacy}",
  "received_events_url": "https://api.github.com/users/booming/received_events",
  "type": "User",
  "site_admin": false
}
