{
  "login": "bradkyle",
  "id": 16698307,
  "node_id": "MDQ6VXNlcjE2Njk4MzA3",
  "avatar_url": "https://avatars0.githubusercontent.com/u/16698307?v=4",
  "gravatar_id": "",
  "url": "https://api.github.com/users/bradkyle",
  "html_url": "https://github.com/bradkyle",
  "followers_url": "https://api.github.com/users/bradkyle/followers",
  "following_url": "https://api.github.com/users/bradkyle/following{/other_user}",
  "gists_url": "https://api.github.com/users/bradkyle/gists{/gist_id}",
  "starred_url": "https://api.github.com/users/bradkyle/starred{/owner}{/repo}",
  "subscriptions_url": "https://api.github.com/users/bradkyle/subscriptions",
  "organizations_url": "https://api.github.com/users/bradkyle/orgs",
  "repos_url": "https://api.github.com/users/bradkyle/repos",
  "events_url": "https://api.github.com/users/bradkyle/events{/privacy}",
  "received_events_url": "https://api.github.com/users/bradkyle/received_events",
  "type": "User",
  "site_admin": false
}
