{
  "login": "brianbaliat",
  "id": 6523106,
  "node_id": "MDQ6VXNlcjY1MjMxMDY=",
  "avatar_url": "https://avatars1.githubusercontent.com/u/6523106?v=4",
  "gravatar_id": "",
  "url": "https://api.github.com/users/brianbaliat",
  "html_url": "https://github.com/brianbaliat",
  "followers_url": "https://api.github.com/users/brianbaliat/followers",
  "following_url": "https://api.github.com/users/brianbaliat/following{/other_user}",
  "gists_url": "https://api.github.com/users/brianbaliat/gists{/gist_id}",
  "starred_url": "https://api.github.com/users/brianbaliat/starred{/owner}{/repo}",
  "subscriptions_url": "https://api.github.com/users/brianbaliat/subscriptions",
  "organizations_url": "https://api.github.com/users/brianbaliat/orgs",
  "repos_url": "https://api.github.com/users/brianbaliat/repos",
  "events_url": "https://api.github.com/users/brianbaliat/events{/privacy}",
  "received_events_url": "https://api.github.com/users/brianbaliat/received_events",
  "type": "User",
  "site_admin": false
}
