{
  "login": "brkzr",
  "id": 2824264,
  "node_id": "MDQ6VXNlcjI4MjQyNjQ=",
  "avatar_url": "https://avatars2.githubusercontent.com/u/2824264?v=4",
  "gravatar_id": "",
  "url": "https://api.github.com/users/brkzr",
  "html_url": "https://github.com/brkzr",
  "followers_url": "https://api.github.com/users/brkzr/followers",
  "following_url": "https://api.github.com/users/brkzr/following{/other_user}",
  "gists_url": "https://api.github.com/users/brkzr/gists{/gist_id}",
  "starred_url": "https://api.github.com/users/brkzr/starred{/owner}{/repo}",
  "subscriptions_url": "https://api.github.com/users/brkzr/subscriptions",
  "organizations_url": "https://api.github.com/users/brkzr/orgs",
  "repos_url": "https://api.github.com/users/brkzr/repos",
  "events_url": "https://api.github.com/users/brkzr/events{/privacy}",
  "received_events_url": "https://api.github.com/users/brkzr/received_events",
  "type": "User",
  "site_admin": false
}
