{
  "login": "brtn",
  "id": 777271,
  "node_id": "MDQ6VXNlcjc3NzI3MQ==",
  "avatar_url": "https://avatars3.githubusercontent.com/u/777271?v=4",
  "gravatar_id": "",
  "url": "https://api.github.com/users/brtn",
  "html_url": "https://github.com/brtn",
  "followers_url": "https://api.github.com/users/brtn/followers",
  "following_url": "https://api.github.com/users/brtn/following{/other_user}",
  "gists_url": "https://api.github.com/users/brtn/gists{/gist_id}",
  "starred_url": "https://api.github.com/users/brtn/starred{/owner}{/repo}",
  "subscriptions_url": "https://api.github.com/users/brtn/subscriptions",
  "organizations_url": "https://api.github.com/users/brtn/orgs",
  "repos_url": "https://api.github.com/users/brtn/repos",
  "events_url": "https://api.github.com/users/brtn/events{/privacy}",
  "received_events_url": "https://api.github.com/users/brtn/received_events",
  "type": "User",
  "site_admin": false
}
