{
  "login": "brunomvsouza",
  "id": 195411,
  "node_id": "MDQ6VXNlcjE5NTQxMQ==",
  "avatar_url": "https://avatars0.githubusercontent.com/u/195411?v=4",
  "gravatar_id": "",
  "url": "https://api.github.com/users/brunomvsouza",
  "html_url": "https://github.com/brunomvsouza",
  "followers_url": "https://api.github.com/users/brunomvsouza/followers",
  "following_url": "https://api.github.com/users/brunomvsouza/following{/other_user}",
  "gists_url": "https://api.github.com/users/brunomvsouza/gists{/gist_id}",
  "starred_url": "https://api.github.com/users/brunomvsouza/starred{/owner}{/repo}",
  "subscriptions_url": "https://api.github.com/users/brunomvsouza/subscriptions",
  "organizations_url": "https://api.github.com/users/brunomvsouza/orgs",
  "repos_url": "https://api.github.com/users/brunomvsouza/repos",
  "events_url": "https://api.github.com/users/brunomvsouza/events{/privacy}",
  "received_events_url": "https://api.github.com/users/brunomvsouza/received_events",
  "type": "User",
  "site_admin": false
}
