{
  "login": "bunyaminakin",
  "id": 10887680,
  "node_id": "MDQ6VXNlcjEwODg3Njgw",
  "avatar_url": "https://avatars1.githubusercontent.com/u/10887680?v=4",
  "gravatar_id": "",
  "url": "https://api.github.com/users/bunyaminakin",
  "html_url": "https://github.com/bunyaminakin",
  "followers_url": "https://api.github.com/users/bunyaminakin/followers",
  "following_url": "https://api.github.com/users/bunyaminakin/following{/other_user}",
  "gists_url": "https://api.github.com/users/bunyaminakin/gists{/gist_id}",
  "starred_url": "https://api.github.com/users/bunyaminakin/starred{/owner}{/repo}",
  "subscriptions_url": "https://api.github.com/users/bunyaminakin/subscriptions",
  "organizations_url": "https://api.github.com/users/bunyaminakin/orgs",
  "repos_url": "https://api.github.com/users/bunyaminakin/repos",
  "events_url": "https://api.github.com/users/bunyaminakin/events{/privacy}",
  "received_events_url": "https://api.github.com/users/bunyaminakin/received_events",
  "type": "User",
  "site_admin": false
}
