{
  "login": "burakbozan",
  "id": 2915790,
  "node_id": "MDQ6VXNlcjI5MTU3OTA=",
  "avatar_url": "https://avatars1.githubusercontent.com/u/2915790?v=4",
  "gravatar_id": "",
  "url": "https://api.github.com/users/burakbozan",
  "html_url": "https://github.com/burakbozan",
  "followers_url": "https://api.github.com/users/burakbozan/followers",
  "following_url": "https://api.github.com/users/burakbozan/following{/other_user}",
  "gists_url": "https://api.github.com/users/burakbozan/gists{/gist_id}",
  "starred_url": "https://api.github.com/users/burakbozan/starred{/owner}{/repo}",
  "subscriptions_url": "https://api.github.com/users/burakbozan/subscriptions",
  "organizations_url": "https://api.github.com/users/burakbozan/orgs",
  "repos_url": "https://api.github.com/users/burakbozan/repos",
  "events_url": "https://api.github.com/users/burakbozan/events{/privacy}",
  "received_events_url": "https://api.github.com/users/burakbozan/received_events",
  "type": "User",
  "site_admin": false
}
