{
  "login": "burakiren",
  "id": 5212861,
  "node_id": "MDQ6VXNlcjUyMTI4NjE=",
  "avatar_url": "https://avatars0.githubusercontent.com/u/5212861?v=4",
  "gravatar_id": "",
  "url": "https://api.github.com/users/burakiren",
  "html_url": "https://github.com/burakiren",
  "followers_url": "https://api.github.com/users/burakiren/followers",
  "following_url": "https://api.github.com/users/burakiren/following{/other_user}",
  "gists_url": "https://api.github.com/users/burakiren/gists{/gist_id}",
  "starred_url": "https://api.github.com/users/burakiren/starred{/owner}{/repo}",
  "subscriptions_url": "https://api.github.com/users/burakiren/subscriptions",
  "organizations_url": "https://api.github.com/users/burakiren/orgs",
  "repos_url": "https://api.github.com/users/burakiren/repos",
  "events_url": "https://api.github.com/users/burakiren/events{/privacy}",
  "received_events_url": "https://api.github.com/users/burakiren/received_events",
  "type": "User",
  "site_admin": false
}
