{
  "login": "burakvarli",
  "id": 2301137,
  "node_id": "MDQ6VXNlcjIzMDExMzc=",
  "avatar_url": "https://avatars1.githubusercontent.com/u/2301137?v=4",
  "gravatar_id": "",
  "url": "https://api.github.com/users/burakvarli",
  "html_url": "https://github.com/burakvarli",
  "followers_url": "https://api.github.com/users/burakvarli/followers",
  "following_url": "https://api.github.com/users/burakvarli/following{/other_user}",
  "gists_url": "https://api.github.com/users/burakvarli/gists{/gist_id}",
  "starred_url": "https://api.github.com/users/burakvarli/starred{/owner}{/repo}",
  "subscriptions_url": "https://api.github.com/users/burakvarli/subscriptions",
  "organizations_url": "https://api.github.com/users/burakvarli/orgs",
  "repos_url": "https://api.github.com/users/burakvarli/repos",
  "events_url": "https://api.github.com/users/burakvarli/events{/privacy}",
  "received_events_url": "https://api.github.com/users/burakvarli/received_events",
  "type": "User",
  "site_admin": false
}
