{
  "login": "busradeniz",
  "id": 1152513,
  "node_id": "MDQ6VXNlcjExNTI1MTM=",
  "avatar_url": "https://avatars1.githubusercontent.com/u/1152513?v=4",
  "gravatar_id": "",
  "url": "https://api.github.com/users/busradeniz",
  "html_url": "https://github.com/busradeniz",
  "followers_url": "https://api.github.com/users/busradeniz/followers",
  "following_url": "https://api.github.com/users/busradeniz/following{/other_user}",
  "gists_url": "https://api.github.com/users/busradeniz/gists{/gist_id}",
  "starred_url": "https://api.github.com/users/busradeniz/starred{/owner}{/repo}",
  "subscriptions_url": "https://api.github.com/users/busradeniz/subscriptions",
  "organizations_url": "https://api.github.com/users/busradeniz/orgs",
  "repos_url": "https://api.github.com/users/busradeniz/repos",
  "events_url": "https://api.github.com/users/busradeniz/events{/privacy}",
  "received_events_url": "https://api.github.com/users/busradeniz/received_events",
  "type": "User",
  "site_admin": false
}
