{
  "login": "bxcodec",
  "id": 11002383,
  "node_id": "MDQ6VXNlcjExMDAyMzgz",
  "avatar_url": "https://avatars2.githubusercontent.com/u/11002383?v=4",
  "gravatar_id": "",
  "url": "https://api.github.com/users/bxcodec",
  "html_url": "https://github.com/bxcodec",
  "followers_url": "https://api.github.com/users/bxcodec/followers",
  "following_url": "https://api.github.com/users/bxcodec/following{/other_user}",
  "gists_url": "https://api.github.com/users/bxcodec/gists{/gist_id}",
  "starred_url": "https://api.github.com/users/bxcodec/starred{/owner}{/repo}",
  "subscriptions_url": "https://api.github.com/users/bxcodec/subscriptions",
  "organizations_url": "https://api.github.com/users/bxcodec/orgs",
  "repos_url": "https://api.github.com/users/bxcodec/repos",
  "events_url": "https://api.github.com/users/bxcodec/events{/privacy}",
  "received_events_url": "https://api.github.com/users/bxcodec/received_events",
  "type": "User",
  "site_admin": false
}
