{
  "login": "byEB",
  "id": 16593925,
  "node_id": "MDQ6VXNlcjE2NTkzOTI1",
  "avatar_url": "https://avatars0.githubusercontent.com/u/16593925?v=4",
  "gravatar_id": "",
  "url": "https://api.github.com/users/byEB",
  "html_url": "https://github.com/byEB",
  "followers_url": "https://api.github.com/users/byEB/followers",
  "following_url": "https://api.github.com/users/byEB/following{/other_user}",
  "gists_url": "https://api.github.com/users/byEB/gists{/gist_id}",
  "starred_url": "https://api.github.com/users/byEB/starred{/owner}{/repo}",
  "subscriptions_url": "https://api.github.com/users/byEB/subscriptions",
  "organizations_url": "https://api.github.com/users/byEB/orgs",
  "repos_url": "https://api.github.com/users/byEB/repos",
  "events_url": "https://api.github.com/users/byEB/events{/privacy}",
  "received_events_url": "https://api.github.com/users/byEB/received_events",
  "type": "User",
  "site_admin": false
}
