{
  "login": "byphper",
  "id": 3981867,
  "node_id": "MDQ6VXNlcjM5ODE4Njc=",
  "avatar_url": "https://avatars0.githubusercontent.com/u/3981867?v=4",
  "gravatar_id": "",
  "url": "https://api.github.com/users/byphper",
  "html_url": "https://github.com/byphper",
  "followers_url": "https://api.github.com/users/byphper/followers",
  "following_url": "https://api.github.com/users/byphper/following{/other_user}",
  "gists_url": "https://api.github.com/users/byphper/gists{/gist_id}",
  "starred_url": "https://api.github.com/users/byphper/starred{/owner}{/repo}",
  "subscriptions_url": "https://api.github.com/users/byphper/subscriptions",
  "organizations_url": "https://api.github.com/users/byphper/orgs",
  "repos_url": "https://api.github.com/users/byphper/repos",
  "events_url": "https://api.github.com/users/byphper/events{/privacy}",
  "received_events_url": "https://api.github.com/users/byphper/received_events",
  "type": "User",
  "site_admin": false
}
