{
  "login": "caiqizhen",
  "id": 3351685,
  "node_id": "MDQ6VXNlcjMzNTE2ODU=",
  "avatar_url": "https://avatars3.githubusercontent.com/u/3351685?v=4",
  "gravatar_id": "",
  "url": "https://api.github.com/users/caiqizhen",
  "html_url": "https://github.com/caiqizhen",
  "followers_url": "https://api.github.com/users/caiqizhen/followers",
  "following_url": "https://api.github.com/users/caiqizhen/following{/other_user}",
  "gists_url": "https://api.github.com/users/caiqizhen/gists{/gist_id}",
  "starred_url": "https://api.github.com/users/caiqizhen/starred{/owner}{/repo}",
  "subscriptions_url": "https://api.github.com/users/caiqizhen/subscriptions",
  "organizations_url": "https://api.github.com/users/caiqizhen/orgs",
  "repos_url": "https://api.github.com/users/caiqizhen/repos",
  "events_url": "https://api.github.com/users/caiqizhen/events{/privacy}",
  "received_events_url": "https://api.github.com/users/caiqizhen/received_events",
  "type": "User",
  "site_admin": false
}
