{
  "login": "canerbasaran",
  "id": 541789,
  "node_id": "MDQ6VXNlcjU0MTc4OQ==",
  "avatar_url": "https://avatars3.githubusercontent.com/u/541789?v=4",
  "gravatar_id": "",
  "url": "https://api.github.com/users/canerbasaran",
  "html_url": "https://github.com/canerbasaran",
  "followers_url": "https://api.github.com/users/canerbasaran/followers",
  "following_url": "https://api.github.com/users/canerbasaran/following{/other_user}",
  "gists_url": "https://api.github.com/users/canerbasaran/gists{/gist_id}",
  "starred_url": "https://api.github.com/users/canerbasaran/starred{/owner}{/repo}",
  "subscriptions_url": "https://api.github.com/users/canerbasaran/subscriptions",
  "organizations_url": "https://api.github.com/users/canerbasaran/orgs",
  "repos_url": "https://api.github.com/users/canerbasaran/repos",
  "events_url": "https://api.github.com/users/canerbasaran/events{/privacy}",
  "received_events_url": "https://api.github.com/users/canerbasaran/received_events",
  "type": "User",
  "site_admin": false
}
