{
  "login": "cbrgm",
  "id": 24737434,
  "node_id": "MDQ6VXNlcjI0NzM3NDM0",
  "avatar_url": "https://avatars1.githubusercontent.com/u/24737434?v=4",
  "gravatar_id": "",
  "url": "https://api.github.com/users/cbrgm",
  "html_url": "https://github.com/cbrgm",
  "followers_url": "https://api.github.com/users/cbrgm/followers",
  "following_url": "https://api.github.com/users/cbrgm/following{/other_user}",
  "gists_url": "https://api.github.com/users/cbrgm/gists{/gist_id}",
  "starred_url": "https://api.github.com/users/cbrgm/starred{/owner}{/repo}",
  "subscriptions_url": "https://api.github.com/users/cbrgm/subscriptions",
  "organizations_url": "https://api.github.com/users/cbrgm/orgs",
  "repos_url": "https://api.github.com/users/cbrgm/repos",
  "events_url": "https://api.github.com/users/cbrgm/events{/privacy}",
  "received_events_url": "https://api.github.com/users/cbrgm/received_events",
  "type": "User",
  "site_admin": false
}
