{
  "login": "cechu66",
  "id": 11829239,
  "node_id": "MDQ6VXNlcjExODI5MjM5",
  "avatar_url": "https://avatars0.githubusercontent.com/u/11829239?v=4",
  "gravatar_id": "",
  "url": "https://api.github.com/users/cechu66",
  "html_url": "https://github.com/cechu66",
  "followers_url": "https://api.github.com/users/cechu66/followers",
  "following_url": "https://api.github.com/users/cechu66/following{/other_user}",
  "gists_url": "https://api.github.com/users/cechu66/gists{/gist_id}",
  "starred_url": "https://api.github.com/users/cechu66/starred{/owner}{/repo}",
  "subscriptions_url": "https://api.github.com/users/cechu66/subscriptions",
  "organizations_url": "https://api.github.com/users/cechu66/orgs",
  "repos_url": "https://api.github.com/users/cechu66/repos",
  "events_url": "https://api.github.com/users/cechu66/events{/privacy}",
  "received_events_url": "https://api.github.com/users/cechu66/received_events",
  "type": "User",
  "site_admin": false
}
