{
  "login": "charlesreid1",
  "id": 368075,
  "node_id": "MDQ6VXNlcjM2ODA3NQ==",
  "avatar_url": "https://avatars3.githubusercontent.com/u/368075?v=4",
  "gravatar_id": "",
  "url": "https://api.github.com/users/charlesreid1",
  "html_url": "https://github.com/charlesreid1",
  "followers_url": "https://api.github.com/users/charlesreid1/followers",
  "following_url": "https://api.github.com/users/charlesreid1/following{/other_user}",
  "gists_url": "https://api.github.com/users/charlesreid1/gists{/gist_id}",
  "starred_url": "https://api.github.com/users/charlesreid1/starred{/owner}{/repo}",
  "subscriptions_url": "https://api.github.com/users/charlesreid1/subscriptions",
  "organizations_url": "https://api.github.com/users/charlesreid1/orgs",
  "repos_url": "https://api.github.com/users/charlesreid1/repos",
  "events_url": "https://api.github.com/users/charlesreid1/events{/privacy}",
  "received_events_url": "https://api.github.com/users/charlesreid1/received_events",
  "type": "User",
  "site_admin": false
}
