{
  "login": "charlod",
  "id": 19364976,
  "node_id": "MDQ6VXNlcjE5MzY0OTc2",
  "avatar_url": "https://avatars2.githubusercontent.com/u/19364976?v=4",
  "gravatar_id": "",
  "url": "https://api.github.com/users/charlod",
  "html_url": "https://github.com/charlod",
  "followers_url": "https://api.github.com/users/charlod/followers",
  "following_url": "https://api.github.com/users/charlod/following{/other_user}",
  "gists_url": "https://api.github.com/users/charlod/gists{/gist_id}",
  "starred_url": "https://api.github.com/users/charlod/starred{/owner}{/repo}",
  "subscriptions_url": "https://api.github.com/users/charlod/subscriptions",
  "organizations_url": "https://api.github.com/users/charlod/orgs",
  "repos_url": "https://api.github.com/users/charlod/repos",
  "events_url": "https://api.github.com/users/charlod/events{/privacy}",
  "received_events_url": "https://api.github.com/users/charlod/received_events",
  "type": "User",
  "site_admin": false
}
