{
  "login": "chenqi9177",
  "id": 20013048,
  "node_id": "MDQ6VXNlcjIwMDEzMDQ4",
  "avatar_url": "https://avatars0.githubusercontent.com/u/20013048?v=4",
  "gravatar_id": "",
  "url": "https://api.github.com/users/chenqi9177",
  "html_url": "https://github.com/chenqi9177",
  "followers_url": "https://api.github.com/users/chenqi9177/followers",
  "following_url": "https://api.github.com/users/chenqi9177/following{/other_user}",
  "gists_url": "https://api.github.com/users/chenqi9177/gists{/gist_id}",
  "starred_url": "https://api.github.com/users/chenqi9177/starred{/owner}{/repo}",
  "subscriptions_url": "https://api.github.com/users/chenqi9177/subscriptions",
  "organizations_url": "https://api.github.com/users/chenqi9177/orgs",
  "repos_url": "https://api.github.com/users/chenqi9177/repos",
  "events_url": "https://api.github.com/users/chenqi9177/events{/privacy}",
  "received_events_url": "https://api.github.com/users/chenqi9177/received_events",
  "type": "User",
  "site_admin": false
}
