{
  "login": "chen-TeamNails",
  "id": 7478892,
  "node_id": "MDQ6VXNlcjc0Nzg4OTI=",
  "avatar_url": "https://avatars1.githubusercontent.com/u/7478892?v=4",
  "gravatar_id": "",
  "url": "https://api.github.com/users/chen-TeamNails",
  "html_url": "https://github.com/chen-TeamNails",
  "followers_url": "https://api.github.com/users/chen-TeamNails/followers",
  "following_url": "https://api.github.com/users/chen-TeamNails/following{/other_user}",
  "gists_url": "https://api.github.com/users/chen-TeamNails/gists{/gist_id}",
  "starred_url": "https://api.github.com/users/chen-TeamNails/starred{/owner}{/repo}",
  "subscriptions_url": "https://api.github.com/users/chen-TeamNails/subscriptions",
  "organizations_url": "https://api.github.com/users/chen-TeamNails/orgs",
  "repos_url": "https://api.github.com/users/chen-TeamNails/repos",
  "events_url": "https://api.github.com/users/chen-TeamNails/events{/privacy}",
  "received_events_url": "https://api.github.com/users/chen-TeamNails/received_events",
  "type": "User",
  "site_admin": false
}
