{
  "login": "chinmay29",
  "id": 7398280,
  "node_id": "MDQ6VXNlcjczOTgyODA=",
  "avatar_url": "https://avatars1.githubusercontent.com/u/7398280?v=4",
  "gravatar_id": "",
  "url": "https://api.github.com/users/chinmay29",
  "html_url": "https://github.com/chinmay29",
  "followers_url": "https://api.github.com/users/chinmay29/followers",
  "following_url": "https://api.github.com/users/chinmay29/following{/other_user}",
  "gists_url": "https://api.github.com/users/chinmay29/gists{/gist_id}",
  "starred_url": "https://api.github.com/users/chinmay29/starred{/owner}{/repo}",
  "subscriptions_url": "https://api.github.com/users/chinmay29/subscriptions",
  "organizations_url": "https://api.github.com/users/chinmay29/orgs",
  "repos_url": "https://api.github.com/users/chinmay29/repos",
  "events_url": "https://api.github.com/users/chinmay29/events{/privacy}",
  "received_events_url": "https://api.github.com/users/chinmay29/received_events",
  "type": "User",
  "site_admin": false
}
