{
  "login": "chow1937",
  "id": 1002211,
  "node_id": "MDQ6VXNlcjEwMDIyMTE=",
  "avatar_url": "https://avatars2.githubusercontent.com/u/1002211?v=4",
  "gravatar_id": "",
  "url": "https://api.github.com/users/chow1937",
  "html_url": "https://github.com/chow1937",
  "followers_url": "https://api.github.com/users/chow1937/followers",
  "following_url": "https://api.github.com/users/chow1937/following{/other_user}",
  "gists_url": "https://api.github.com/users/chow1937/gists{/gist_id}",
  "starred_url": "https://api.github.com/users/chow1937/starred{/owner}{/repo}",
  "subscriptions_url": "https://api.github.com/users/chow1937/subscriptions",
  "organizations_url": "https://api.github.com/users/chow1937/orgs",
  "repos_url": "https://api.github.com/users/chow1937/repos",
  "events_url": "https://api.github.com/users/chow1937/events{/privacy}",
  "received_events_url": "https://api.github.com/users/chow1937/received_events",
  "type": "User",
  "site_admin": false
}
