{
  "login": "chrisvdg",
  "id": 23582741,
  "node_id": "MDQ6VXNlcjIzNTgyNzQx",
  "avatar_url": "https://avatars3.githubusercontent.com/u/23582741?v=4",
  "gravatar_id": "",
  "url": "https://api.github.com/users/chrisvdg",
  "html_url": "https://github.com/chrisvdg",
  "followers_url": "https://api.github.com/users/chrisvdg/followers",
  "following_url": "https://api.github.com/users/chrisvdg/following{/other_user}",
  "gists_url": "https://api.github.com/users/chrisvdg/gists{/gist_id}",
  "starred_url": "https://api.github.com/users/chrisvdg/starred{/owner}{/repo}",
  "subscriptions_url": "https://api.github.com/users/chrisvdg/subscriptions",
  "organizations_url": "https://api.github.com/users/chrisvdg/orgs",
  "repos_url": "https://api.github.com/users/chrisvdg/repos",
  "events_url": "https://api.github.com/users/chrisvdg/events{/privacy}",
  "received_events_url": "https://api.github.com/users/chrisvdg/received_events",
  "type": "User",
  "site_admin": false
}
