{
  "login": "ChrisMoney",
  "id": 1332383,
  "node_id": "MDQ6VXNlcjEzMzIzODM=",
  "avatar_url": "https://avatars0.githubusercontent.com/u/1332383?v=4",
  "gravatar_id": "",
  "url": "https://api.github.com/users/ChrisMoney",
  "html_url": "https://github.com/ChrisMoney",
  "followers_url": "https://api.github.com/users/ChrisMoney/followers",
  "following_url": "https://api.github.com/users/ChrisMoney/following{/other_user}",
  "gists_url": "https://api.github.com/users/ChrisMoney/gists{/gist_id}",
  "starred_url": "https://api.github.com/users/ChrisMoney/starred{/owner}{/repo}",
  "subscriptions_url": "https://api.github.com/users/ChrisMoney/subscriptions",
  "organizations_url": "https://api.github.com/users/ChrisMoney/orgs",
  "repos_url": "https://api.github.com/users/ChrisMoney/repos",
  "events_url": "https://api.github.com/users/ChrisMoney/events{/privacy}",
  "received_events_url": "https://api.github.com/users/ChrisMoney/received_events",
  "type": "User",
  "site_admin": false
}
