{
  "login": "clenimar",
  "id": 410648,
  "node_id": "MDQ6VXNlcjQxMDY0OA==",
  "avatar_url": "https://avatars3.githubusercontent.com/u/410648?v=4",
  "gravatar_id": "",
  "url": "https://api.github.com/users/clenimar",
  "html_url": "https://github.com/clenimar",
  "followers_url": "https://api.github.com/users/clenimar/followers",
  "following_url": "https://api.github.com/users/clenimar/following{/other_user}",
  "gists_url": "https://api.github.com/users/clenimar/gists{/gist_id}",
  "starred_url": "https://api.github.com/users/clenimar/starred{/owner}{/repo}",
  "subscriptions_url": "https://api.github.com/users/clenimar/subscriptions",
  "organizations_url": "https://api.github.com/users/clenimar/orgs",
  "repos_url": "https://api.github.com/users/clenimar/repos",
  "events_url": "https://api.github.com/users/clenimar/events{/privacy}",
  "received_events_url": "https://api.github.com/users/clenimar/received_events",
  "type": "User",
  "site_admin": false
}
