{
  "login": "cluo",
  "id": 2350066,
  "node_id": "MDQ6VXNlcjIzNTAwNjY=",
  "avatar_url": "https://avatars3.githubusercontent.com/u/2350066?v=4",
  "gravatar_id": "",
  "url": "https://api.github.com/users/cluo",
  "html_url": "https://github.com/cluo",
  "followers_url": "https://api.github.com/users/cluo/followers",
  "following_url": "https://api.github.com/users/cluo/following{/other_user}",
  "gists_url": "https://api.github.com/users/cluo/gists{/gist_id}",
  "starred_url": "https://api.github.com/users/cluo/starred{/owner}{/repo}",
  "subscriptions_url": "https://api.github.com/users/cluo/subscriptions",
  "organizations_url": "https://api.github.com/users/cluo/orgs",
  "repos_url": "https://api.github.com/users/cluo/repos",
  "events_url": "https://api.github.com/users/cluo/events{/privacy}",
  "received_events_url": "https://api.github.com/users/cluo/received_events",
  "type": "User",
  "site_admin": false
}
