{
  "login": "coderlikeadog",
  "id": 9688174,
  "node_id": "MDQ6VXNlcjk2ODgxNzQ=",
  "avatar_url": "https://avatars0.githubusercontent.com/u/9688174?v=4",
  "gravatar_id": "",
  "url": "https://api.github.com/users/coderlikeadog",
  "html_url": "https://github.com/coderlikeadog",
  "followers_url": "https://api.github.com/users/coderlikeadog/followers",
  "following_url": "https://api.github.com/users/coderlikeadog/following{/other_user}",
  "gists_url": "https://api.github.com/users/coderlikeadog/gists{/gist_id}",
  "starred_url": "https://api.github.com/users/coderlikeadog/starred{/owner}{/repo}",
  "subscriptions_url": "https://api.github.com/users/coderlikeadog/subscriptions",
  "organizations_url": "https://api.github.com/users/coderlikeadog/orgs",
  "repos_url": "https://api.github.com/users/coderlikeadog/repos",
  "events_url": "https://api.github.com/users/coderlikeadog/events{/privacy}",
  "received_events_url": "https://api.github.com/users/coderlikeadog/received_events",
  "type": "User",
  "site_admin": false
}
