{
  "login": "codesuki",
  "id": 5276006,
  "node_id": "MDQ6VXNlcjUyNzYwMDY=",
  "avatar_url": "https://avatars2.githubusercontent.com/u/5276006?v=4",
  "gravatar_id": "",
  "url": "https://api.github.com/users/codesuki",
  "html_url": "https://github.com/codesuki",
  "followers_url": "https://api.github.com/users/codesuki/followers",
  "following_url": "https://api.github.com/users/codesuki/following{/other_user}",
  "gists_url": "https://api.github.com/users/codesuki/gists{/gist_id}",
  "starred_url": "https://api.github.com/users/codesuki/starred{/owner}{/repo}",
  "subscriptions_url": "https://api.github.com/users/codesuki/subscriptions",
  "organizations_url": "https://api.github.com/users/codesuki/orgs",
  "repos_url": "https://api.github.com/users/codesuki/repos",
  "events_url": "https://api.github.com/users/codesuki/events{/privacy}",
  "received_events_url": "https://api.github.com/users/codesuki/received_events",
  "type": "User",
  "site_admin": false
}
