{
  "login": "coocooooo",
  "id": 7315454,
  "node_id": "MDQ6VXNlcjczMTU0NTQ=",
  "avatar_url": "https://avatars0.githubusercontent.com/u/7315454?v=4",
  "gravatar_id": "",
  "url": "https://api.github.com/users/coocooooo",
  "html_url": "https://github.com/coocooooo",
  "followers_url": "https://api.github.com/users/coocooooo/followers",
  "following_url": "https://api.github.com/users/coocooooo/following{/other_user}",
  "gists_url": "https://api.github.com/users/coocooooo/gists{/gist_id}",
  "starred_url": "https://api.github.com/users/coocooooo/starred{/owner}{/repo}",
  "subscriptions_url": "https://api.github.com/users/coocooooo/subscriptions",
  "organizations_url": "https://api.github.com/users/coocooooo/orgs",
  "repos_url": "https://api.github.com/users/coocooooo/repos",
  "events_url": "https://api.github.com/users/coocooooo/events{/privacy}",
  "received_events_url": "https://api.github.com/users/coocooooo/received_events",
  "type": "User",
  "site_admin": false
}
