{
  "login": "cooldarkdryplace",
  "id": 6103939,
  "node_id": "MDQ6VXNlcjYxMDM5Mzk=",
  "avatar_url": "https://avatars1.githubusercontent.com/u/6103939?v=4",
  "gravatar_id": "",
  "url": "https://api.github.com/users/cooldarkdryplace",
  "html_url": "https://github.com/cooldarkdryplace",
  "followers_url": "https://api.github.com/users/cooldarkdryplace/followers",
  "following_url": "https://api.github.com/users/cooldarkdryplace/following{/other_user}",
  "gists_url": "https://api.github.com/users/cooldarkdryplace/gists{/gist_id}",
  "starred_url": "https://api.github.com/users/cooldarkdryplace/starred{/owner}{/repo}",
  "subscriptions_url": "https://api.github.com/users/cooldarkdryplace/subscriptions",
  "organizations_url": "https://api.github.com/users/cooldarkdryplace/orgs",
  "repos_url": "https://api.github.com/users/cooldarkdryplace/repos",
  "events_url": "https://api.github.com/users/cooldarkdryplace/events{/privacy}",
  "received_events_url": "https://api.github.com/users/cooldarkdryplace/received_events",
  "type": "User",
  "site_admin": false
}
