{
  "login": "coyo8",
  "id": 3780511,
  "node_id": "MDQ6VXNlcjM3ODA1MTE=",
  "avatar_url": "https://avatars1.githubusercontent.com/u/3780511?v=4",
  "gravatar_id": "",
  "url": "https://api.github.com/users/coyo8",
  "html_url": "https://github.com/coyo8",
  "followers_url": "https://api.github.com/users/coyo8/followers",
  "following_url": "https://api.github.com/users/coyo8/following{/other_user}",
  "gists_url": "https://api.github.com/users/coyo8/gists{/gist_id}",
  "starred_url": "https://api.github.com/users/coyo8/starred{/owner}{/repo}",
  "subscriptions_url": "https://api.github.com/users/coyo8/subscriptions",
  "organizations_url": "https://api.github.com/users/coyo8/orgs",
  "repos_url": "https://api.github.com/users/coyo8/repos",
  "events_url": "https://api.github.com/users/coyo8/events{/privacy}",
  "received_events_url": "https://api.github.com/users/coyo8/received_events",
  "type": "User",
  "site_admin": false
}
