{
  "login": "cqisan",
  "id": 13866436,
  "node_id": "MDQ6VXNlcjEzODY2NDM2",
  "avatar_url": "https://avatars2.githubusercontent.com/u/13866436?v=4",
  "gravatar_id": "",
  "url": "https://api.github.com/users/cqisan",
  "html_url": "https://github.com/cqisan",
  "followers_url": "https://api.github.com/users/cqisan/followers",
  "following_url": "https://api.github.com/users/cqisan/following{/other_user}",
  "gists_url": "https://api.github.com/users/cqisan/gists{/gist_id}",
  "starred_url": "https://api.github.com/users/cqisan/starred{/owner}{/repo}",
  "subscriptions_url": "https://api.github.com/users/cqisan/subscriptions",
  "organizations_url": "https://api.github.com/users/cqisan/orgs",
  "repos_url": "https://api.github.com/users/cqisan/repos",
  "events_url": "https://api.github.com/users/cqisan/events{/privacy}",
  "received_events_url": "https://api.github.com/users/cqisan/received_events",
  "type": "User",
  "site_admin": false
}
