{
  "login": "csrgxtu",
  "id": 5053620,
  "node_id": "MDQ6VXNlcjUwNTM2MjA=",
  "avatar_url": "https://avatars0.githubusercontent.com/u/5053620?v=4",
  "gravatar_id": "",
  "url": "https://api.github.com/users/csrgxtu",
  "html_url": "https://github.com/csrgxtu",
  "followers_url": "https://api.github.com/users/csrgxtu/followers",
  "following_url": "https://api.github.com/users/csrgxtu/following{/other_user}",
  "gists_url": "https://api.github.com/users/csrgxtu/gists{/gist_id}",
  "starred_url": "https://api.github.com/users/csrgxtu/starred{/owner}{/repo}",
  "subscriptions_url": "https://api.github.com/users/csrgxtu/subscriptions",
  "organizations_url": "https://api.github.com/users/csrgxtu/orgs",
  "repos_url": "https://api.github.com/users/csrgxtu/repos",
  "events_url": "https://api.github.com/users/csrgxtu/events{/privacy}",
  "received_events_url": "https://api.github.com/users/csrgxtu/received_events",
  "type": "User",
  "site_admin": false
}
