{
  "login": "d2s",
  "id": 135053,
  "node_id": "MDQ6VXNlcjEzNTA1Mw==",
  "avatar_url": "https://avatars3.githubusercontent.com/u/135053?v=4",
  "gravatar_id": "",
  "url": "https://api.github.com/users/d2s",
  "html_url": "https://github.com/d2s",
  "followers_url": "https://api.github.com/users/d2s/followers",
  "following_url": "https://api.github.com/users/d2s/following{/other_user}",
  "gists_url": "https://api.github.com/users/d2s/gists{/gist_id}",
  "starred_url": "https://api.github.com/users/d2s/starred{/owner}{/repo}",
  "subscriptions_url": "https://api.github.com/users/d2s/subscriptions",
  "organizations_url": "https://api.github.com/users/d2s/orgs",
  "repos_url": "https://api.github.com/users/d2s/repos",
  "events_url": "https://api.github.com/users/d2s/events{/privacy}",
  "received_events_url": "https://api.github.com/users/d2s/received_events",
  "type": "User",
  "site_admin": false
}
