{
  "login": "D4v1d98Ru1z",
  "id": 21083108,
  "node_id": "MDQ6VXNlcjIxMDgzMTA4",
  "avatar_url": "https://avatars1.githubusercontent.com/u/21083108?v=4",
  "gravatar_id": "",
  "url": "https://api.github.com/users/D4v1d98Ru1z",
  "html_url": "https://github.com/D4v1d98Ru1z",
  "followers_url": "https://api.github.com/users/D4v1d98Ru1z/followers",
  "following_url": "https://api.github.com/users/D4v1d98Ru1z/following{/other_user}",
  "gists_url": "https://api.github.com/users/D4v1d98Ru1z/gists{/gist_id}",
  "starred_url": "https://api.github.com/users/D4v1d98Ru1z/starred{/owner}{/repo}",
  "subscriptions_url": "https://api.github.com/users/D4v1d98Ru1z/subscriptions",
  "organizations_url": "https://api.github.com/users/D4v1d98Ru1z/orgs",
  "repos_url": "https://api.github.com/users/D4v1d98Ru1z/repos",
  "events_url": "https://api.github.com/users/D4v1d98Ru1z/events{/privacy}",
  "received_events_url": "https://api.github.com/users/D4v1d98Ru1z/received_events",
  "type": "User",
  "site_admin": false
}
