{
  "login": "dabba39",
  "id": 10358808,
  "node_id": "MDQ6VXNlcjEwMzU4ODA4",
  "avatar_url": "https://avatars0.githubusercontent.com/u/10358808?v=4",
  "gravatar_id": "",
  "url": "https://api.github.com/users/dabba39",
  "html_url": "https://github.com/dabba39",
  "followers_url": "https://api.github.com/users/dabba39/followers",
  "following_url": "https://api.github.com/users/dabba39/following{/other_user}",
  "gists_url": "https://api.github.com/users/dabba39/gists{/gist_id}",
  "starred_url": "https://api.github.com/users/dabba39/starred{/owner}{/repo}",
  "subscriptions_url": "https://api.github.com/users/dabba39/subscriptions",
  "organizations_url": "https://api.github.com/users/dabba39/orgs",
  "repos_url": "https://api.github.com/users/dabba39/repos",
  "events_url": "https://api.github.com/users/dabba39/events{/privacy}",
  "received_events_url": "https://api.github.com/users/dabba39/received_events",
  "type": "User",
  "site_admin": false
}
