{
  "login": "dacamp",
  "id": 2781009,
  "node_id": "MDQ6VXNlcjI3ODEwMDk=",
  "avatar_url": "https://avatars0.githubusercontent.com/u/2781009?v=4",
  "gravatar_id": "",
  "url": "https://api.github.com/users/dacamp",
  "html_url": "https://github.com/dacamp",
  "followers_url": "https://api.github.com/users/dacamp/followers",
  "following_url": "https://api.github.com/users/dacamp/following{/other_user}",
  "gists_url": "https://api.github.com/users/dacamp/gists{/gist_id}",
  "starred_url": "https://api.github.com/users/dacamp/starred{/owner}{/repo}",
  "subscriptions_url": "https://api.github.com/users/dacamp/subscriptions",
  "organizations_url": "https://api.github.com/users/dacamp/orgs",
  "repos_url": "https://api.github.com/users/dacamp/repos",
  "events_url": "https://api.github.com/users/dacamp/events{/privacy}",
  "received_events_url": "https://api.github.com/users/dacamp/received_events",
  "type": "User",
  "site_admin": false
}
