{
  "login": "danielrhammond",
  "id": 3551,
  "node_id": "MDQ6VXNlcjM1NTE=",
  "avatar_url": "https://avatars2.githubusercontent.com/u/3551?v=4",
  "gravatar_id": "",
  "url": "https://api.github.com/users/danielrhammond",
  "html_url": "https://github.com/danielrhammond",
  "followers_url": "https://api.github.com/users/danielrhammond/followers",
  "following_url": "https://api.github.com/users/danielrhammond/following{/other_user}",
  "gists_url": "https://api.github.com/users/danielrhammond/gists{/gist_id}",
  "starred_url": "https://api.github.com/users/danielrhammond/starred{/owner}{/repo}",
  "subscriptions_url": "https://api.github.com/users/danielrhammond/subscriptions",
  "organizations_url": "https://api.github.com/users/danielrhammond/orgs",
  "repos_url": "https://api.github.com/users/danielrhammond/repos",
  "events_url": "https://api.github.com/users/danielrhammond/events{/privacy}",
  "received_events_url": "https://api.github.com/users/danielrhammond/received_events",
  "type": "User",
  "site_admin": false
}
