{
  "login": "davidpatters0n",
  "id": 870447,
  "node_id": "MDQ6VXNlcjg3MDQ0Nw==",
  "avatar_url": "https://avatars3.githubusercontent.com/u/870447?v=4",
  "gravatar_id": "",
  "url": "https://api.github.com/users/davidpatters0n",
  "html_url": "https://github.com/davidpatters0n",
  "followers_url": "https://api.github.com/users/davidpatters0n/followers",
  "following_url": "https://api.github.com/users/davidpatters0n/following{/other_user}",
  "gists_url": "https://api.github.com/users/davidpatters0n/gists{/gist_id}",
  "starred_url": "https://api.github.com/users/davidpatters0n/starred{/owner}{/repo}",
  "subscriptions_url": "https://api.github.com/users/davidpatters0n/subscriptions",
  "organizations_url": "https://api.github.com/users/davidpatters0n/orgs",
  "repos_url": "https://api.github.com/users/davidpatters0n/repos",
  "events_url": "https://api.github.com/users/davidpatters0n/events{/privacy}",
  "received_events_url": "https://api.github.com/users/davidpatters0n/received_events",
  "type": "User",
  "site_admin": false
}
