{
  "login": "dcandrade",
  "id": 7541478,
  "node_id": "MDQ6VXNlcjc1NDE0Nzg=",
  "avatar_url": "https://avatars0.githubusercontent.com/u/7541478?v=4",
  "gravatar_id": "",
  "url": "https://api.github.com/users/dcandrade",
  "html_url": "https://github.com/dcandrade",
  "followers_url": "https://api.github.com/users/dcandrade/followers",
  "following_url": "https://api.github.com/users/dcandrade/following{/other_user}",
  "gists_url": "https://api.github.com/users/dcandrade/gists{/gist_id}",
  "starred_url": "https://api.github.com/users/dcandrade/starred{/owner}{/repo}",
  "subscriptions_url": "https://api.github.com/users/dcandrade/subscriptions",
  "organizations_url": "https://api.github.com/users/dcandrade/orgs",
  "repos_url": "https://api.github.com/users/dcandrade/repos",
  "events_url": "https://api.github.com/users/dcandrade/events{/privacy}",
  "received_events_url": "https://api.github.com/users/dcandrade/received_events",
  "type": "User",
  "site_admin": false
}
