{
  "login": "deepthawtz",
  "id": 31030,
  "node_id": "MDQ6VXNlcjMxMDMw",
  "avatar_url": "https://avatars3.githubusercontent.com/u/31030?v=4",
  "gravatar_id": "",
  "url": "https://api.github.com/users/deepthawtz",
  "html_url": "https://github.com/deepthawtz",
  "followers_url": "https://api.github.com/users/deepthawtz/followers",
  "following_url": "https://api.github.com/users/deepthawtz/following{/other_user}",
  "gists_url": "https://api.github.com/users/deepthawtz/gists{/gist_id}",
  "starred_url": "https://api.github.com/users/deepthawtz/starred{/owner}{/repo}",
  "subscriptions_url": "https://api.github.com/users/deepthawtz/subscriptions",
  "organizations_url": "https://api.github.com/users/deepthawtz/orgs",
  "repos_url": "https://api.github.com/users/deepthawtz/repos",
  "events_url": "https://api.github.com/users/deepthawtz/events{/privacy}",
  "received_events_url": "https://api.github.com/users/deepthawtz/received_events",
  "type": "User",
  "site_admin": false
}
