{
  "login": "denizsalman",
  "id": 20844204,
  "node_id": "MDQ6VXNlcjIwODQ0MjA0",
  "avatar_url": "https://avatars0.githubusercontent.com/u/20844204?v=4",
  "gravatar_id": "",
  "url": "https://api.github.com/users/denizsalman",
  "html_url": "https://github.com/denizsalman",
  "followers_url": "https://api.github.com/users/denizsalman/followers",
  "following_url": "https://api.github.com/users/denizsalman/following{/other_user}",
  "gists_url": "https://api.github.com/users/denizsalman/gists{/gist_id}",
  "starred_url": "https://api.github.com/users/denizsalman/starred{/owner}{/repo}",
  "subscriptions_url": "https://api.github.com/users/denizsalman/subscriptions",
  "organizations_url": "https://api.github.com/users/denizsalman/orgs",
  "repos_url": "https://api.github.com/users/denizsalman/repos",
  "events_url": "https://api.github.com/users/denizsalman/events{/privacy}",
  "received_events_url": "https://api.github.com/users/denizsalman/received_events",
  "type": "User",
  "site_admin": false
}
