{
  "login": "dereulenspiegel",
  "id": 103365,
  "node_id": "MDQ6VXNlcjEwMzM2NQ==",
  "avatar_url": "https://avatars2.githubusercontent.com/u/103365?v=4",
  "gravatar_id": "",
  "url": "https://api.github.com/users/dereulenspiegel",
  "html_url": "https://github.com/dereulenspiegel",
  "followers_url": "https://api.github.com/users/dereulenspiegel/followers",
  "following_url": "https://api.github.com/users/dereulenspiegel/following{/other_user}",
  "gists_url": "https://api.github.com/users/dereulenspiegel/gists{/gist_id}",
  "starred_url": "https://api.github.com/users/dereulenspiegel/starred{/owner}{/repo}",
  "subscriptions_url": "https://api.github.com/users/dereulenspiegel/subscriptions",
  "organizations_url": "https://api.github.com/users/dereulenspiegel/orgs",
  "repos_url": "https://api.github.com/users/dereulenspiegel/repos",
  "events_url": "https://api.github.com/users/dereulenspiegel/events{/privacy}",
  "received_events_url": "https://api.github.com/users/dereulenspiegel/received_events",
  "type": "User",
  "site_admin": false
}
