{
  "login": "DevTking",
  "id": 17881087,
  "node_id": "MDQ6VXNlcjE3ODgxMDg3",
  "avatar_url": "https://avatars3.githubusercontent.com/u/17881087?v=4",
  "gravatar_id": "",
  "url": "https://api.github.com/users/DevTking",
  "html_url": "https://github.com/DevTking",
  "followers_url": "https://api.github.com/users/DevTking/followers",
  "following_url": "https://api.github.com/users/DevTking/following{/other_user}",
  "gists_url": "https://api.github.com/users/DevTking/gists{/gist_id}",
  "starred_url": "https://api.github.com/users/DevTking/starred{/owner}{/repo}",
  "subscriptions_url": "https://api.github.com/users/DevTking/subscriptions",
  "organizations_url": "https://api.github.com/users/DevTking/orgs",
  "repos_url": "https://api.github.com/users/DevTking/repos",
  "events_url": "https://api.github.com/users/DevTking/events{/privacy}",
  "received_events_url": "https://api.github.com/users/DevTking/received_events",
  "type": "User",
  "site_admin": false
}
