{
  "login": "dgryski",
  "id": 970862,
  "node_id": "MDQ6VXNlcjk3MDg2Mg==",
  "avatar_url": "https://avatars2.githubusercontent.com/u/970862?v=4",
  "gravatar_id": "",
  "url": "https://api.github.com/users/dgryski",
  "html_url": "https://github.com/dgryski",
  "followers_url": "https://api.github.com/users/dgryski/followers",
  "following_url": "https://api.github.com/users/dgryski/following{/other_user}",
  "gists_url": "https://api.github.com/users/dgryski/gists{/gist_id}",
  "starred_url": "https://api.github.com/users/dgryski/starred{/owner}{/repo}",
  "subscriptions_url": "https://api.github.com/users/dgryski/subscriptions",
  "organizations_url": "https://api.github.com/users/dgryski/orgs",
  "repos_url": "https://api.github.com/users/dgryski/repos",
  "events_url": "https://api.github.com/users/dgryski/events{/privacy}",
  "received_events_url": "https://api.github.com/users/dgryski/received_events",
  "type": "User",
  "site_admin": false
}
