{
  "login": "Dhanyatha",
  "id": 5468059,
  "node_id": "MDQ6VXNlcjU0NjgwNTk=",
  "avatar_url": "https://avatars2.githubusercontent.com/u/5468059?v=4",
  "gravatar_id": "",
  "url": "https://api.github.com/users/Dhanyatha",
  "html_url": "https://github.com/Dhanyatha",
  "followers_url": "https://api.github.com/users/Dhanyatha/followers",
  "following_url": "https://api.github.com/users/Dhanyatha/following{/other_user}",
  "gists_url": "https://api.github.com/users/Dhanyatha/gists{/gist_id}",
  "starred_url": "https://api.github.com/users/Dhanyatha/starred{/owner}{/repo}",
  "subscriptions_url": "https://api.github.com/users/Dhanyatha/subscriptions",
  "organizations_url": "https://api.github.com/users/Dhanyatha/orgs",
  "repos_url": "https://api.github.com/users/Dhanyatha/repos",
  "events_url": "https://api.github.com/users/Dhanyatha/events{/privacy}",
  "received_events_url": "https://api.github.com/users/Dhanyatha/received_events",
  "type": "User",
  "site_admin": false
}
