{
  "login": "dhimanck",
  "id": 16656166,
  "node_id": "MDQ6VXNlcjE2NjU2MTY2",
  "avatar_url": "https://avatars2.githubusercontent.com/u/16656166?v=4",
  "gravatar_id": "",
  "url": "https://api.github.com/users/dhimanck",
  "html_url": "https://github.com/dhimanck",
  "followers_url": "https://api.github.com/users/dhimanck/followers",
  "following_url": "https://api.github.com/users/dhimanck/following{/other_user}",
  "gists_url": "https://api.github.com/users/dhimanck/gists{/gist_id}",
  "starred_url": "https://api.github.com/users/dhimanck/starred{/owner}{/repo}",
  "subscriptions_url": "https://api.github.com/users/dhimanck/subscriptions",
  "organizations_url": "https://api.github.com/users/dhimanck/orgs",
  "repos_url": "https://api.github.com/users/dhimanck/repos",
  "events_url": "https://api.github.com/users/dhimanck/events{/privacy}",
  "received_events_url": "https://api.github.com/users/dhimanck/received_events",
  "type": "User",
  "site_admin": false
}
