{
  "login": "dnomak",
  "id": 919913,
  "node_id": "MDQ6VXNlcjkxOTkxMw==",
  "avatar_url": "https://avatars3.githubusercontent.com/u/919913?v=4",
  "gravatar_id": "",
  "url": "https://api.github.com/users/dnomak",
  "html_url": "https://github.com/dnomak",
  "followers_url": "https://api.github.com/users/dnomak/followers",
  "following_url": "https://api.github.com/users/dnomak/following{/other_user}",
  "gists_url": "https://api.github.com/users/dnomak/gists{/gist_id}",
  "starred_url": "https://api.github.com/users/dnomak/starred{/owner}{/repo}",
  "subscriptions_url": "https://api.github.com/users/dnomak/subscriptions",
  "organizations_url": "https://api.github.com/users/dnomak/orgs",
  "repos_url": "https://api.github.com/users/dnomak/repos",
  "events_url": "https://api.github.com/users/dnomak/events{/privacy}",
  "received_events_url": "https://api.github.com/users/dnomak/received_events",
  "type": "User",
  "site_admin": false
}
