{
  "login": "Dogild",
  "id": 2860781,
  "node_id": "MDQ6VXNlcjI4NjA3ODE=",
  "avatar_url": "https://avatars3.githubusercontent.com/u/2860781?v=4",
  "gravatar_id": "",
  "url": "https://api.github.com/users/Dogild",
  "html_url": "https://github.com/Dogild",
  "followers_url": "https://api.github.com/users/Dogild/followers",
  "following_url": "https://api.github.com/users/Dogild/following{/other_user}",
  "gists_url": "https://api.github.com/users/Dogild/gists{/gist_id}",
  "starred_url": "https://api.github.com/users/Dogild/starred{/owner}{/repo}",
  "subscriptions_url": "https://api.github.com/users/Dogild/subscriptions",
  "organizations_url": "https://api.github.com/users/Dogild/orgs",
  "repos_url": "https://api.github.com/users/Dogild/repos",
  "events_url": "https://api.github.com/users/Dogild/events{/privacy}",
  "received_events_url": "https://api.github.com/users/Dogild/received_events",
  "type": "User",
  "site_admin": false
}
