{
  "login": "dolanor",
  "id": 928722,
  "node_id": "MDQ6VXNlcjkyODcyMg==",
  "avatar_url": "https://avatars3.githubusercontent.com/u/928722?v=4",
  "gravatar_id": "",
  "url": "https://api.github.com/users/dolanor",
  "html_url": "https://github.com/dolanor",
  "followers_url": "https://api.github.com/users/dolanor/followers",
  "following_url": "https://api.github.com/users/dolanor/following{/other_user}",
  "gists_url": "https://api.github.com/users/dolanor/gists{/gist_id}",
  "starred_url": "https://api.github.com/users/dolanor/starred{/owner}{/repo}",
  "subscriptions_url": "https://api.github.com/users/dolanor/subscriptions",
  "organizations_url": "https://api.github.com/users/dolanor/orgs",
  "repos_url": "https://api.github.com/users/dolanor/repos",
  "events_url": "https://api.github.com/users/dolanor/events{/privacy}",
  "received_events_url": "https://api.github.com/users/dolanor/received_events",
  "type": "User",
  "site_admin": false
}
