{
  "login": "donggx",
  "id": 4017371,
  "node_id": "MDQ6VXNlcjQwMTczNzE=",
  "avatar_url": "https://avatars2.githubusercontent.com/u/4017371?v=4",
  "gravatar_id": "",
  "url": "https://api.github.com/users/donggx",
  "html_url": "https://github.com/donggx",
  "followers_url": "https://api.github.com/users/donggx/followers",
  "following_url": "https://api.github.com/users/donggx/following{/other_user}",
  "gists_url": "https://api.github.com/users/donggx/gists{/gist_id}",
  "starred_url": "https://api.github.com/users/donggx/starred{/owner}{/repo}",
  "subscriptions_url": "https://api.github.com/users/donggx/subscriptions",
  "organizations_url": "https://api.github.com/users/donggx/orgs",
  "repos_url": "https://api.github.com/users/donggx/repos",
  "events_url": "https://api.github.com/users/donggx/events{/privacy}",
  "received_events_url": "https://api.github.com/users/donggx/received_events",
  "type": "User",
  "site_admin": false
}
