{
  "login": "dongpil",
  "id": 5584073,
  "node_id": "MDQ6VXNlcjU1ODQwNzM=",
  "avatar_url": "https://avatars3.githubusercontent.com/u/5584073?v=4",
  "gravatar_id": "",
  "url": "https://api.github.com/users/dongpil",
  "html_url": "https://github.com/dongpil",
  "followers_url": "https://api.github.com/users/dongpil/followers",
  "following_url": "https://api.github.com/users/dongpil/following{/other_user}",
  "gists_url": "https://api.github.com/users/dongpil/gists{/gist_id}",
  "starred_url": "https://api.github.com/users/dongpil/starred{/owner}{/repo}",
  "subscriptions_url": "https://api.github.com/users/dongpil/subscriptions",
  "organizations_url": "https://api.github.com/users/dongpil/orgs",
  "repos_url": "https://api.github.com/users/dongpil/repos",
  "events_url": "https://api.github.com/users/dongpil/events{/privacy}",
  "received_events_url": "https://api.github.com/users/dongpil/received_events",
  "type": "User",
  "site_admin": false
}
