{
  "login": "Dr-Terrible",
  "id": 200897,
  "node_id": "MDQ6VXNlcjIwMDg5Nw==",
  "avatar_url": "https://avatars1.githubusercontent.com/u/200897?v=4",
  "gravatar_id": "",
  "url": "https://api.github.com/users/Dr-Terrible",
  "html_url": "https://github.com/Dr-Terrible",
  "followers_url": "https://api.github.com/users/Dr-Terrible/followers",
  "following_url": "https://api.github.com/users/Dr-Terrible/following{/other_user}",
  "gists_url": "https://api.github.com/users/Dr-Terrible/gists{/gist_id}",
  "starred_url": "https://api.github.com/users/Dr-Terrible/starred{/owner}{/repo}",
  "subscriptions_url": "https://api.github.com/users/Dr-Terrible/subscriptions",
  "organizations_url": "https://api.github.com/users/Dr-Terrible/orgs",
  "repos_url": "https://api.github.com/users/Dr-Terrible/repos",
  "events_url": "https://api.github.com/users/Dr-Terrible/events{/privacy}",
  "received_events_url": "https://api.github.com/users/Dr-Terrible/received_events",
  "type": "User",
  "site_admin": false
}
