{
  "login": "dragon3",
  "id": 20374,
  "node_id": "MDQ6VXNlcjIwMzc0",
  "avatar_url": "https://avatars1.githubusercontent.com/u/20374?v=4",
  "gravatar_id": "",
  "url": "https://api.github.com/users/dragon3",
  "html_url": "https://github.com/dragon3",
  "followers_url": "https://api.github.com/users/dragon3/followers",
  "following_url": "https://api.github.com/users/dragon3/following{/other_user}",
  "gists_url": "https://api.github.com/users/dragon3/gists{/gist_id}",
  "starred_url": "https://api.github.com/users/dragon3/starred{/owner}{/repo}",
  "subscriptions_url": "https://api.github.com/users/dragon3/subscriptions",
  "organizations_url": "https://api.github.com/users/dragon3/orgs",
  "repos_url": "https://api.github.com/users/dragon3/repos",
  "events_url": "https://api.github.com/users/dragon3/events{/privacy}",
  "received_events_url": "https://api.github.com/users/dragon3/received_events",
  "type": "User",
  "site_admin": false
}
