{
  "login": "drmdrew",
  "id": 11796173,
  "node_id": "MDQ6VXNlcjExNzk2MTcz",
  "avatar_url": "https://avatars2.githubusercontent.com/u/11796173?v=4",
  "gravatar_id": "",
  "url": "https://api.github.com/users/drmdrew",
  "html_url": "https://github.com/drmdrew",
  "followers_url": "https://api.github.com/users/drmdrew/followers",
  "following_url": "https://api.github.com/users/drmdrew/following{/other_user}",
  "gists_url": "https://api.github.com/users/drmdrew/gists{/gist_id}",
  "starred_url": "https://api.github.com/users/drmdrew/starred{/owner}{/repo}",
  "subscriptions_url": "https://api.github.com/users/drmdrew/subscriptions",
  "organizations_url": "https://api.github.com/users/drmdrew/orgs",
  "repos_url": "https://api.github.com/users/drmdrew/repos",
  "events_url": "https://api.github.com/users/drmdrew/events{/privacy}",
  "received_events_url": "https://api.github.com/users/drmdrew/received_events",
  "type": "User",
  "site_admin": false
}
