{
  "login": "dropedev",
  "id": 20032564,
  "node_id": "MDQ6VXNlcjIwMDMyNTY0",
  "avatar_url": "https://avatars1.githubusercontent.com/u/20032564?v=4",
  "gravatar_id": "",
  "url": "https://api.github.com/users/dropedev",
  "html_url": "https://github.com/dropedev",
  "followers_url": "https://api.github.com/users/dropedev/followers",
  "following_url": "https://api.github.com/users/dropedev/following{/other_user}",
  "gists_url": "https://api.github.com/users/dropedev/gists{/gist_id}",
  "starred_url": "https://api.github.com/users/dropedev/starred{/owner}{/repo}",
  "subscriptions_url": "https://api.github.com/users/dropedev/subscriptions",
  "organizations_url": "https://api.github.com/users/dropedev/orgs",
  "repos_url": "https://api.github.com/users/dropedev/repos",
  "events_url": "https://api.github.com/users/dropedev/events{/privacy}",
  "received_events_url": "https://api.github.com/users/dropedev/received_events",
  "type": "User",
  "site_admin": false
}
