{
  "login": "drsect0r",
  "id": 9106228,
  "node_id": "MDQ6VXNlcjkxMDYyMjg=",
  "avatar_url": "https://avatars0.githubusercontent.com/u/9106228?v=4",
  "gravatar_id": "",
  "url": "https://api.github.com/users/drsect0r",
  "html_url": "https://github.com/drsect0r",
  "followers_url": "https://api.github.com/users/drsect0r/followers",
  "following_url": "https://api.github.com/users/drsect0r/following{/other_user}",
  "gists_url": "https://api.github.com/users/drsect0r/gists{/gist_id}",
  "starred_url": "https://api.github.com/users/drsect0r/starred{/owner}{/repo}",
  "subscriptions_url": "https://api.github.com/users/drsect0r/subscriptions",
  "organizations_url": "https://api.github.com/users/drsect0r/orgs",
  "repos_url": "https://api.github.com/users/drsect0r/repos",
  "events_url": "https://api.github.com/users/drsect0r/events{/privacy}",
  "received_events_url": "https://api.github.com/users/drsect0r/received_events",
  "type": "User",
  "site_admin": false
}
