{
  "login": "dsymonds",
  "id": 31506,
  "node_id": "MDQ6VXNlcjMxNTA2",
  "avatar_url": "https://avatars2.githubusercontent.com/u/31506?v=4",
  "gravatar_id": "",
  "url": "https://api.github.com/users/dsymonds",
  "html_url": "https://github.com/dsymonds",
  "followers_url": "https://api.github.com/users/dsymonds/followers",
  "following_url": "https://api.github.com/users/dsymonds/following{/other_user}",
  "gists_url": "https://api.github.com/users/dsymonds/gists{/gist_id}",
  "starred_url": "https://api.github.com/users/dsymonds/starred{/owner}{/repo}",
  "subscriptions_url": "https://api.github.com/users/dsymonds/subscriptions",
  "organizations_url": "https://api.github.com/users/dsymonds/orgs",
  "repos_url": "https://api.github.com/users/dsymonds/repos",
  "events_url": "https://api.github.com/users/dsymonds/events{/privacy}",
  "received_events_url": "https://api.github.com/users/dsymonds/received_events",
  "type": "User",
  "site_admin": false
}
