{
  "login": "DTherHtun",
  "id": 16239096,
  "node_id": "MDQ6VXNlcjE2MjM5MDk2",
  "avatar_url": "https://avatars3.githubusercontent.com/u/16239096?v=4",
  "gravatar_id": "",
  "url": "https://api.github.com/users/DTherHtun",
  "html_url": "https://github.com/DTherHtun",
  "followers_url": "https://api.github.com/users/DTherHtun/followers",
  "following_url": "https://api.github.com/users/DTherHtun/following{/other_user}",
  "gists_url": "https://api.github.com/users/DTherHtun/gists{/gist_id}",
  "starred_url": "https://api.github.com/users/DTherHtun/starred{/owner}{/repo}",
  "subscriptions_url": "https://api.github.com/users/DTherHtun/subscriptions",
  "organizations_url": "https://api.github.com/users/DTherHtun/orgs",
  "repos_url": "https://api.github.com/users/DTherHtun/repos",
  "events_url": "https://api.github.com/users/DTherHtun/events{/privacy}",
  "received_events_url": "https://api.github.com/users/DTherHtun/received_events",
  "type": "User",
  "site_admin": false
}
