{
  "login": "dubyte",
  "id": 2609571,
  "node_id": "MDQ6VXNlcjI2MDk1NzE=",
  "avatar_url": "https://avatars1.githubusercontent.com/u/2609571?v=4",
  "gravatar_id": "",
  "url": "https://api.github.com/users/dubyte",
  "html_url": "https://github.com/dubyte",
  "followers_url": "https://api.github.com/users/dubyte/followers",
  "following_url": "https://api.github.com/users/dubyte/following{/other_user}",
  "gists_url": "https://api.github.com/users/dubyte/gists{/gist_id}",
  "starred_url": "https://api.github.com/users/dubyte/starred{/owner}{/repo}",
  "subscriptions_url": "https://api.github.com/users/dubyte/subscriptions",
  "organizations_url": "https://api.github.com/users/dubyte/orgs",
  "repos_url": "https://api.github.com/users/dubyte/repos",
  "events_url": "https://api.github.com/users/dubyte/events{/privacy}",
  "received_events_url": "https://api.github.com/users/dubyte/received_events",
  "type": "User",
  "site_admin": false
}
