{
  "login": "dunyakirkali",
  "id": 698335,
  "node_id": "MDQ6VXNlcjY5ODMzNQ==",
  "avatar_url": "https://avatars1.githubusercontent.com/u/698335?v=4",
  "gravatar_id": "",
  "url": "https://api.github.com/users/dunyakirkali",
  "html_url": "https://github.com/dunyakirkali",
  "followers_url": "https://api.github.com/users/dunyakirkali/followers",
  "following_url": "https://api.github.com/users/dunyakirkali/following{/other_user}",
  "gists_url": "https://api.github.com/users/dunyakirkali/gists{/gist_id}",
  "starred_url": "https://api.github.com/users/dunyakirkali/starred{/owner}{/repo}",
  "subscriptions_url": "https://api.github.com/users/dunyakirkali/subscriptions",
  "organizations_url": "https://api.github.com/users/dunyakirkali/orgs",
  "repos_url": "https://api.github.com/users/dunyakirkali/repos",
  "events_url": "https://api.github.com/users/dunyakirkali/events{/privacy}",
  "received_events_url": "https://api.github.com/users/dunyakirkali/received_events",
  "type": "User",
  "site_admin": false
}
