{
  "login": "dutn158",
  "id": 7959286,
  "node_id": "MDQ6VXNlcjc5NTkyODY=",
  "avatar_url": "https://avatars2.githubusercontent.com/u/7959286?v=4",
  "gravatar_id": "",
  "url": "https://api.github.com/users/dutn158",
  "html_url": "https://github.com/dutn158",
  "followers_url": "https://api.github.com/users/dutn158/followers",
  "following_url": "https://api.github.com/users/dutn158/following{/other_user}",
  "gists_url": "https://api.github.com/users/dutn158/gists{/gist_id}",
  "starred_url": "https://api.github.com/users/dutn158/starred{/owner}{/repo}",
  "subscriptions_url": "https://api.github.com/users/dutn158/subscriptions",
  "organizations_url": "https://api.github.com/users/dutn158/orgs",
  "repos_url": "https://api.github.com/users/dutn158/repos",
  "events_url": "https://api.github.com/users/dutn158/events{/privacy}",
  "received_events_url": "https://api.github.com/users/dutn158/received_events",
  "type": "User",
  "site_admin": false
}
