{
  "login": "dynamicy",
  "id": 1680848,
  "node_id": "MDQ6VXNlcjE2ODA4NDg=",
  "avatar_url": "https://avatars0.githubusercontent.com/u/1680848?v=4",
  "gravatar_id": "",
  "url": "https://api.github.com/users/dynamicy",
  "html_url": "https://github.com/dynamicy",
  "followers_url": "https://api.github.com/users/dynamicy/followers",
  "following_url": "https://api.github.com/users/dynamicy/following{/other_user}",
  "gists_url": "https://api.github.com/users/dynamicy/gists{/gist_id}",
  "starred_url": "https://api.github.com/users/dynamicy/starred{/owner}{/repo}",
  "subscriptions_url": "https://api.github.com/users/dynamicy/subscriptions",
  "organizations_url": "https://api.github.com/users/dynamicy/orgs",
  "repos_url": "https://api.github.com/users/dynamicy/repos",
  "events_url": "https://api.github.com/users/dynamicy/events{/privacy}",
  "received_events_url": "https://api.github.com/users/dynamicy/received_events",
  "type": "User",
  "site_admin": false
}
