{
  "login": "EduardTsoy",
  "id": 10813578,
  "node_id": "MDQ6VXNlcjEwODEzNTc4",
  "avatar_url": "https://avatars1.githubusercontent.com/u/10813578?v=4",
  "gravatar_id": "",
  "url": "https://api.github.com/users/EduardTsoy",
  "html_url": "https://github.com/EduardTsoy",
  "followers_url": "https://api.github.com/users/EduardTsoy/followers",
  "following_url": "https://api.github.com/users/EduardTsoy/following{/other_user}",
  "gists_url": "https://api.github.com/users/EduardTsoy/gists{/gist_id}",
  "starred_url": "https://api.github.com/users/EduardTsoy/starred{/owner}{/repo}",
  "subscriptions_url": "https://api.github.com/users/EduardTsoy/subscriptions",
  "organizations_url": "https://api.github.com/users/EduardTsoy/orgs",
  "repos_url": "https://api.github.com/users/EduardTsoy/repos",
  "events_url": "https://api.github.com/users/EduardTsoy/events{/privacy}",
  "received_events_url": "https://api.github.com/users/EduardTsoy/received_events",
  "type": "User",
  "site_admin": false
}
