{
  "login": "egerten",
  "id": 8500615,
  "node_id": "MDQ6VXNlcjg1MDA2MTU=",
  "avatar_url": "https://avatars1.githubusercontent.com/u/8500615?v=4",
  "gravatar_id": "",
  "url": "https://api.github.com/users/egerten",
  "html_url": "https://github.com/egerten",
  "followers_url": "https://api.github.com/users/egerten/followers",
  "following_url": "https://api.github.com/users/egerten/following{/other_user}",
  "gists_url": "https://api.github.com/users/egerten/gists{/gist_id}",
  "starred_url": "https://api.github.com/users/egerten/starred{/owner}{/repo}",
  "subscriptions_url": "https://api.github.com/users/egerten/subscriptions",
  "organizations_url": "https://api.github.com/users/egerten/orgs",
  "repos_url": "https://api.github.com/users/egerten/repos",
  "events_url": "https://api.github.com/users/egerten/events{/privacy}",
  "received_events_url": "https://api.github.com/users/egerten/received_events",
  "type": "User",
  "site_admin": false
}
