{
  "login": "ekinertac",
  "id": 127144,
  "node_id": "MDQ6VXNlcjEyNzE0NA==",
  "avatar_url": "https://avatars0.githubusercontent.com/u/127144?v=4",
  "gravatar_id": "",
  "url": "https://api.github.com/users/ekinertac",
  "html_url": "https://github.com/ekinertac",
  "followers_url": "https://api.github.com/users/ekinertac/followers",
  "following_url": "https://api.github.com/users/ekinertac/following{/other_user}",
  "gists_url": "https://api.github.com/users/ekinertac/gists{/gist_id}",
  "starred_url": "https://api.github.com/users/ekinertac/starred{/owner}{/repo}",
  "subscriptions_url": "https://api.github.com/users/ekinertac/subscriptions",
  "organizations_url": "https://api.github.com/users/ekinertac/orgs",
  "repos_url": "https://api.github.com/users/ekinertac/repos",
  "events_url": "https://api.github.com/users/ekinertac/events{/privacy}",
  "received_events_url": "https://api.github.com/users/ekinertac/received_events",
  "type": "User",
  "site_admin": false
}
