{
  "login": "elamurugan",
  "id": 168342,
  "node_id": "MDQ6VXNlcjE2ODM0Mg==",
  "avatar_url": "https://avatars1.githubusercontent.com/u/168342?v=4",
  "gravatar_id": "",
  "url": "https://api.github.com/users/elamurugan",
  "html_url": "https://github.com/elamurugan",
  "followers_url": "https://api.github.com/users/elamurugan/followers",
  "following_url": "https://api.github.com/users/elamurugan/following{/other_user}",
  "gists_url": "https://api.github.com/users/elamurugan/gists{/gist_id}",
  "starred_url": "https://api.github.com/users/elamurugan/starred{/owner}{/repo}",
  "subscriptions_url": "https://api.github.com/users/elamurugan/subscriptions",
  "organizations_url": "https://api.github.com/users/elamurugan/orgs",
  "repos_url": "https://api.github.com/users/elamurugan/repos",
  "events_url": "https://api.github.com/users/elamurugan/events{/privacy}",
  "received_events_url": "https://api.github.com/users/elamurugan/received_events",
  "type": "User",
  "site_admin": false
}
