{
  "login": "emrahseren",
  "id": 1422237,
  "node_id": "MDQ6VXNlcjE0MjIyMzc=",
  "avatar_url": "https://avatars1.githubusercontent.com/u/1422237?v=4",
  "gravatar_id": "",
  "url": "https://api.github.com/users/emrahseren",
  "html_url": "https://github.com/emrahseren",
  "followers_url": "https://api.github.com/users/emrahseren/followers",
  "following_url": "https://api.github.com/users/emrahseren/following{/other_user}",
  "gists_url": "https://api.github.com/users/emrahseren/gists{/gist_id}",
  "starred_url": "https://api.github.com/users/emrahseren/starred{/owner}{/repo}",
  "subscriptions_url": "https://api.github.com/users/emrahseren/subscriptions",
  "organizations_url": "https://api.github.com/users/emrahseren/orgs",
  "repos_url": "https://api.github.com/users/emrahseren/repos",
  "events_url": "https://api.github.com/users/emrahseren/events{/privacy}",
  "received_events_url": "https://api.github.com/users/emrahseren/received_events",
  "type": "User",
  "site_admin": false
}
