{
  "login": "emre-yilmaz",
  "id": 9967669,
  "node_id": "MDQ6VXNlcjk5Njc2Njk=",
  "avatar_url": "https://avatars1.githubusercontent.com/u/9967669?v=4",
  "gravatar_id": "",
  "url": "https://api.github.com/users/emre-yilmaz",
  "html_url": "https://github.com/emre-yilmaz",
  "followers_url": "https://api.github.com/users/emre-yilmaz/followers",
  "following_url": "https://api.github.com/users/emre-yilmaz/following{/other_user}",
  "gists_url": "https://api.github.com/users/emre-yilmaz/gists{/gist_id}",
  "starred_url": "https://api.github.com/users/emre-yilmaz/starred{/owner}{/repo}",
  "subscriptions_url": "https://api.github.com/users/emre-yilmaz/subscriptions",
  "organizations_url": "https://api.github.com/users/emre-yilmaz/orgs",
  "repos_url": "https://api.github.com/users/emre-yilmaz/repos",
  "events_url": "https://api.github.com/users/emre-yilmaz/events{/privacy}",
  "received_events_url": "https://api.github.com/users/emre-yilmaz/received_events",
  "type": "User",
  "site_admin": false
}
