{
  "login": "enrichman",
  "id": 1763949,
  "node_id": "MDQ6VXNlcjE3NjM5NDk=",
  "avatar_url": "https://avatars3.githubusercontent.com/u/1763949?v=4",
  "gravatar_id": "",
  "url": "https://api.github.com/users/enrichman",
  "html_url": "https://github.com/enrichman",
  "followers_url": "https://api.github.com/users/enrichman/followers",
  "following_url": "https://api.github.com/users/enrichman/following{/other_user}",
  "gists_url": "https://api.github.com/users/enrichman/gists{/gist_id}",
  "starred_url": "https://api.github.com/users/enrichman/starred{/owner}{/repo}",
  "subscriptions_url": "https://api.github.com/users/enrichman/subscriptions",
  "organizations_url": "https://api.github.com/users/enrichman/orgs",
  "repos_url": "https://api.github.com/users/enrichman/repos",
  "events_url": "https://api.github.com/users/enrichman/events{/privacy}",
  "received_events_url": "https://api.github.com/users/enrichman/received_events",
  "type": "User",
  "site_admin": false
}
