{
  "login": "eremit",
  "id": 118527,
  "node_id": "MDQ6VXNlcjExODUyNw==",
  "avatar_url": "https://avatars3.githubusercontent.com/u/118527?v=4",
  "gravatar_id": "",
  "url": "https://api.github.com/users/eremit",
  "html_url": "https://github.com/eremit",
  "followers_url": "https://api.github.com/users/eremit/followers",
  "following_url": "https://api.github.com/users/eremit/following{/other_user}",
  "gists_url": "https://api.github.com/users/eremit/gists{/gist_id}",
  "starred_url": "https://api.github.com/users/eremit/starred{/owner}{/repo}",
  "subscriptions_url": "https://api.github.com/users/eremit/subscriptions",
  "organizations_url": "https://api.github.com/users/eremit/orgs",
  "repos_url": "https://api.github.com/users/eremit/repos",
  "events_url": "https://api.github.com/users/eremit/events{/privacy}",
  "received_events_url": "https://api.github.com/users/eremit/received_events",
  "type": "User",
  "site_admin": false
}
