{
  "login": "erikreppel",
  "id": 7102968,
  "node_id": "MDQ6VXNlcjcxMDI5Njg=",
  "avatar_url": "https://avatars0.githubusercontent.com/u/7102968?v=4",
  "gravatar_id": "",
  "url": "https://api.github.com/users/erikreppel",
  "html_url": "https://github.com/erikreppel",
  "followers_url": "https://api.github.com/users/erikreppel/followers",
  "following_url": "https://api.github.com/users/erikreppel/following{/other_user}",
  "gists_url": "https://api.github.com/users/erikreppel/gists{/gist_id}",
  "starred_url": "https://api.github.com/users/erikreppel/starred{/owner}{/repo}",
  "subscriptions_url": "https://api.github.com/users/erikreppel/subscriptions",
  "organizations_url": "https://api.github.com/users/erikreppel/orgs",
  "repos_url": "https://api.github.com/users/erikreppel/repos",
  "events_url": "https://api.github.com/users/erikreppel/events{/privacy}",
  "received_events_url": "https://api.github.com/users/erikreppel/received_events",
  "type": "User",
  "site_admin": false
}
