{
  "login": "erikfloresq",
  "id": 1220717,
  "node_id": "MDQ6VXNlcjEyMjA3MTc=",
  "avatar_url": "https://avatars3.githubusercontent.com/u/1220717?v=4",
  "gravatar_id": "",
  "url": "https://api.github.com/users/erikfloresq",
  "html_url": "https://github.com/erikfloresq",
  "followers_url": "https://api.github.com/users/erikfloresq/followers",
  "following_url": "https://api.github.com/users/erikfloresq/following{/other_user}",
  "gists_url": "https://api.github.com/users/erikfloresq/gists{/gist_id}",
  "starred_url": "https://api.github.com/users/erikfloresq/starred{/owner}{/repo}",
  "subscriptions_url": "https://api.github.com/users/erikfloresq/subscriptions",
  "organizations_url": "https://api.github.com/users/erikfloresq/orgs",
  "repos_url": "https://api.github.com/users/erikfloresq/repos",
  "events_url": "https://api.github.com/users/erikfloresq/events{/privacy}",
  "received_events_url": "https://api.github.com/users/erikfloresq/received_events",
  "type": "User",
  "site_admin": false
}
