{
  "login": "ermantaylan",
  "id": 434661,
  "node_id": "MDQ6VXNlcjQzNDY2MQ==",
  "avatar_url": "https://avatars1.githubusercontent.com/u/434661?v=4",
  "gravatar_id": "",
  "url": "https://api.github.com/users/ermantaylan",
  "html_url": "https://github.com/ermantaylan",
  "followers_url": "https://api.github.com/users/ermantaylan/followers",
  "following_url": "https://api.github.com/users/ermantaylan/following{/other_user}",
  "gists_url": "https://api.github.com/users/ermantaylan/gists{/gist_id}",
  "starred_url": "https://api.github.com/users/ermantaylan/starred{/owner}{/repo}",
  "subscriptions_url": "https://api.github.com/users/ermantaylan/subscriptions",
  "organizations_url": "https://api.github.com/users/ermantaylan/orgs",
  "repos_url": "https://api.github.com/users/ermantaylan/repos",
  "events_url": "https://api.github.com/users/ermantaylan/events{/privacy}",
  "received_events_url": "https://api.github.com/users/ermantaylan/received_events",
  "type": "User",
  "site_admin": false
}
