{
  "login": "erodri17",
  "id": 13034882,
  "node_id": "MDQ6VXNlcjEzMDM0ODgy",
  "avatar_url": "https://avatars3.githubusercontent.com/u/13034882?v=4",
  "gravatar_id": "",
  "url": "https://api.github.com/users/erodri17",
  "html_url": "https://github.com/erodri17",
  "followers_url": "https://api.github.com/users/erodri17/followers",
  "following_url": "https://api.github.com/users/erodri17/following{/other_user}",
  "gists_url": "https://api.github.com/users/erodri17/gists{/gist_id}",
  "starred_url": "https://api.github.com/users/erodri17/starred{/owner}{/repo}",
  "subscriptions_url": "https://api.github.com/users/erodri17/subscriptions",
  "organizations_url": "https://api.github.com/users/erodri17/orgs",
  "repos_url": "https://api.github.com/users/erodri17/repos",
  "events_url": "https://api.github.com/users/erodri17/events{/privacy}",
  "received_events_url": "https://api.github.com/users/erodri17/received_events",
  "type": "User",
  "site_admin": false
}
