{
  "login": "erravimishracse",
  "id": 20433967,
  "node_id": "MDQ6VXNlcjIwNDMzOTY3",
  "avatar_url": "https://avatars1.githubusercontent.com/u/20433967?v=4",
  "gravatar_id": "",
  "url": "https://api.github.com/users/erravimishracse",
  "html_url": "https://github.com/erravimishracse",
  "followers_url": "https://api.github.com/users/erravimishracse/followers",
  "following_url": "https://api.github.com/users/erravimishracse/following{/other_user}",
  "gists_url": "https://api.github.com/users/erravimishracse/gists{/gist_id}",
  "starred_url": "https://api.github.com/users/erravimishracse/starred{/owner}{/repo}",
  "subscriptions_url": "https://api.github.com/users/erravimishracse/subscriptions",
  "organizations_url": "https://api.github.com/users/erravimishracse/orgs",
  "repos_url": "https://api.github.com/users/erravimishracse/repos",
  "events_url": "https://api.github.com/users/erravimishracse/events{/privacy}",
  "received_events_url": "https://api.github.com/users/erravimishracse/received_events",
  "type": "User",
  "site_admin": false
}
