{
  "login": "esokullu",
  "id": 19166,
  "node_id": "MDQ6VXNlcjE5MTY2",
  "avatar_url": "https://avatars3.githubusercontent.com/u/19166?v=4",
  "gravatar_id": "",
  "url": "https://api.github.com/users/esokullu",
  "html_url": "https://github.com/esokullu",
  "followers_url": "https://api.github.com/users/esokullu/followers",
  "following_url": "https://api.github.com/users/esokullu/following{/other_user}",
  "gists_url": "https://api.github.com/users/esokullu/gists{/gist_id}",
  "starred_url": "https://api.github.com/users/esokullu/starred{/owner}{/repo}",
  "subscriptions_url": "https://api.github.com/users/esokullu/subscriptions",
  "organizations_url": "https://api.github.com/users/esokullu/orgs",
  "repos_url": "https://api.github.com/users/esokullu/repos",
  "events_url": "https://api.github.com/users/esokullu/events{/privacy}",
  "received_events_url": "https://api.github.com/users/esokullu/received_events",
  "type": "User",
  "site_admin": false
}
