{
  "login": "ezkl",
  "id": 40455,
  "node_id": "MDQ6VXNlcjQwNDU1",
  "avatar_url": "https://avatars2.githubusercontent.com/u/40455?v=4",
  "gravatar_id": "",
  "url": "https://api.github.com/users/ezkl",
  "html_url": "https://github.com/ezkl",
  "followers_url": "https://api.github.com/users/ezkl/followers",
  "following_url": "https://api.github.com/users/ezkl/following{/other_user}",
  "gists_url": "https://api.github.com/users/ezkl/gists{/gist_id}",
  "starred_url": "https://api.github.com/users/ezkl/starred{/owner}{/repo}",
  "subscriptions_url": "https://api.github.com/users/ezkl/subscriptions",
  "organizations_url": "https://api.github.com/users/ezkl/orgs",
  "repos_url": "https://api.github.com/users/ezkl/repos",
  "events_url": "https://api.github.com/users/ezkl/events{/privacy}",
  "received_events_url": "https://api.github.com/users/ezkl/received_events",
  "type": "User",
  "site_admin": false
}
