{
  "login": "fakcan",
  "id": 2991091,
  "node_id": "MDQ6VXNlcjI5OTEwOTE=",
  "avatar_url": "https://avatars1.githubusercontent.com/u/2991091?v=4",
  "gravatar_id": "",
  "url": "https://api.github.com/users/fakcan",
  "html_url": "https://github.com/fakcan",
  "followers_url": "https://api.github.com/users/fakcan/followers",
  "following_url": "https://api.github.com/users/fakcan/following{/other_user}",
  "gists_url": "https://api.github.com/users/fakcan/gists{/gist_id}",
  "starred_url": "https://api.github.com/users/fakcan/starred{/owner}{/repo}",
  "subscriptions_url": "https://api.github.com/users/fakcan/subscriptions",
  "organizations_url": "https://api.github.com/users/fakcan/orgs",
  "repos_url": "https://api.github.com/users/fakcan/repos",
  "events_url": "https://api.github.com/users/fakcan/events{/privacy}",
  "received_events_url": "https://api.github.com/users/fakcan/received_events",
  "type": "User",
  "site_admin": false
}
