{
  "login": "falcucci",
  "id": 33763843,
  "node_id": "MDQ6VXNlcjMzNzYzODQz",
  "avatar_url": "https://avatars0.githubusercontent.com/u/33763843?v=4",
  "gravatar_id": "",
  "url": "https://api.github.com/users/falcucci",
  "html_url": "https://github.com/falcucci",
  "followers_url": "https://api.github.com/users/falcucci/followers",
  "following_url": "https://api.github.com/users/falcucci/following{/other_user}",
  "gists_url": "https://api.github.com/users/falcucci/gists{/gist_id}",
  "starred_url": "https://api.github.com/users/falcucci/starred{/owner}{/repo}",
  "subscriptions_url": "https://api.github.com/users/falcucci/subscriptions",
  "organizations_url": "https://api.github.com/users/falcucci/orgs",
  "repos_url": "https://api.github.com/users/falcucci/repos",
  "events_url": "https://api.github.com/users/falcucci/events{/privacy}",
  "received_events_url": "https://api.github.com/users/falcucci/received_events",
  "type": "User",
  "site_admin": false
}
