{
  "login": "fanliyan",
  "id": 18374344,
  "node_id": "MDQ6VXNlcjE4Mzc0MzQ0",
  "avatar_url": "https://avatars1.githubusercontent.com/u/18374344?v=4",
  "gravatar_id": "",
  "url": "https://api.github.com/users/fanliyan",
  "html_url": "https://github.com/fanliyan",
  "followers_url": "https://api.github.com/users/fanliyan/followers",
  "following_url": "https://api.github.com/users/fanliyan/following{/other_user}",
  "gists_url": "https://api.github.com/users/fanliyan/gists{/gist_id}",
  "starred_url": "https://api.github.com/users/fanliyan/starred{/owner}{/repo}",
  "subscriptions_url": "https://api.github.com/users/fanliyan/subscriptions",
  "organizations_url": "https://api.github.com/users/fanliyan/orgs",
  "repos_url": "https://api.github.com/users/fanliyan/repos",
  "events_url": "https://api.github.com/users/fanliyan/events{/privacy}",
  "received_events_url": "https://api.github.com/users/fanliyan/received_events",
  "type": "User",
  "site_admin": false
}
