{
  "login": "fanyang01",
  "id": 7264836,
  "node_id": "MDQ6VXNlcjcyNjQ4MzY=",
  "avatar_url": "https://avatars0.githubusercontent.com/u/7264836?v=4",
  "gravatar_id": "",
  "url": "https://api.github.com/users/fanyang01",
  "html_url": "https://github.com/fanyang01",
  "followers_url": "https://api.github.com/users/fanyang01/followers",
  "following_url": "https://api.github.com/users/fanyang01/following{/other_user}",
  "gists_url": "https://api.github.com/users/fanyang01/gists{/gist_id}",
  "starred_url": "https://api.github.com/users/fanyang01/starred{/owner}{/repo}",
  "subscriptions_url": "https://api.github.com/users/fanyang01/subscriptions",
  "organizations_url": "https://api.github.com/users/fanyang01/orgs",
  "repos_url": "https://api.github.com/users/fanyang01/repos",
  "events_url": "https://api.github.com/users/fanyang01/events{/privacy}",
  "received_events_url": "https://api.github.com/users/fanyang01/received_events",
  "type": "User",
  "site_admin": false
}
