{
  "login": "Fatur",
  "id": 975792,
  "node_id": "MDQ6VXNlcjk3NTc5Mg==",
  "avatar_url": "https://avatars2.githubusercontent.com/u/975792?v=4",
  "gravatar_id": "",
  "url": "https://api.github.com/users/Fatur",
  "html_url": "https://github.com/Fatur",
  "followers_url": "https://api.github.com/users/Fatur/followers",
  "following_url": "https://api.github.com/users/Fatur/following{/other_user}",
  "gists_url": "https://api.github.com/users/Fatur/gists{/gist_id}",
  "starred_url": "https://api.github.com/users/Fatur/starred{/owner}{/repo}",
  "subscriptions_url": "https://api.github.com/users/Fatur/subscriptions",
  "organizations_url": "https://api.github.com/users/Fatur/orgs",
  "repos_url": "https://api.github.com/users/Fatur/repos",
  "events_url": "https://api.github.com/users/Fatur/events{/privacy}",
  "received_events_url": "https://api.github.com/users/Fatur/received_events",
  "type": "User",
  "site_admin": false
}
