{
  "login": "faustohernandez",
  "id": 17534132,
  "node_id": "MDQ6VXNlcjE3NTM0MTMy",
  "avatar_url": "https://avatars1.githubusercontent.com/u/17534132?v=4",
  "gravatar_id": "",
  "url": "https://api.github.com/users/faustohernandez",
  "html_url": "https://github.com/faustohernandez",
  "followers_url": "https://api.github.com/users/faustohernandez/followers",
  "following_url": "https://api.github.com/users/faustohernandez/following{/other_user}",
  "gists_url": "https://api.github.com/users/faustohernandez/gists{/gist_id}",
  "starred_url": "https://api.github.com/users/faustohernandez/starred{/owner}{/repo}",
  "subscriptions_url": "https://api.github.com/users/faustohernandez/subscriptions",
  "organizations_url": "https://api.github.com/users/faustohernandez/orgs",
  "repos_url": "https://api.github.com/users/faustohernandez/repos",
  "events_url": "https://api.github.com/users/faustohernandez/events{/privacy}",
  "received_events_url": "https://api.github.com/users/faustohernandez/received_events",
  "type": "User",
  "site_admin": false
}
