{
  "login": "faza",
  "id": 3815875,
  "node_id": "MDQ6VXNlcjM4MTU4NzU=",
  "avatar_url": "https://avatars2.githubusercontent.com/u/3815875?v=4",
  "gravatar_id": "",
  "url": "https://api.github.com/users/faza",
  "html_url": "https://github.com/faza",
  "followers_url": "https://api.github.com/users/faza/followers",
  "following_url": "https://api.github.com/users/faza/following{/other_user}",
  "gists_url": "https://api.github.com/users/faza/gists{/gist_id}",
  "starred_url": "https://api.github.com/users/faza/starred{/owner}{/repo}",
  "subscriptions_url": "https://api.github.com/users/faza/subscriptions",
  "organizations_url": "https://api.github.com/users/faza/orgs",
  "repos_url": "https://api.github.com/users/faza/repos",
  "events_url": "https://api.github.com/users/faza/events{/privacy}",
  "received_events_url": "https://api.github.com/users/faza/received_events",
  "type": "User",
  "site_admin": false
}
