{
  "login": "feidegenggao",
  "id": 1720733,
  "node_id": "MDQ6VXNlcjE3MjA3MzM=",
  "avatar_url": "https://avatars0.githubusercontent.com/u/1720733?v=4",
  "gravatar_id": "",
  "url": "https://api.github.com/users/feidegenggao",
  "html_url": "https://github.com/feidegenggao",
  "followers_url": "https://api.github.com/users/feidegenggao/followers",
  "following_url": "https://api.github.com/users/feidegenggao/following{/other_user}",
  "gists_url": "https://api.github.com/users/feidegenggao/gists{/gist_id}",
  "starred_url": "https://api.github.com/users/feidegenggao/starred{/owner}{/repo}",
  "subscriptions_url": "https://api.github.com/users/feidegenggao/subscriptions",
  "organizations_url": "https://api.github.com/users/feidegenggao/orgs",
  "repos_url": "https://api.github.com/users/feidegenggao/repos",
  "events_url": "https://api.github.com/users/feidegenggao/events{/privacy}",
  "received_events_url": "https://api.github.com/users/feidegenggao/received_events",
  "type": "User",
  "site_admin": false
}
