{
  "login": "felipeluna",
  "id": 2497307,
  "node_id": "MDQ6VXNlcjI0OTczMDc=",
  "avatar_url": "https://avatars3.githubusercontent.com/u/2497307?v=4",
  "gravatar_id": "",
  "url": "https://api.github.com/users/felipeluna",
  "html_url": "https://github.com/felipeluna",
  "followers_url": "https://api.github.com/users/felipeluna/followers",
  "following_url": "https://api.github.com/users/felipeluna/following{/other_user}",
  "gists_url": "https://api.github.com/users/felipeluna/gists{/gist_id}",
  "starred_url": "https://api.github.com/users/felipeluna/starred{/owner}{/repo}",
  "subscriptions_url": "https://api.github.com/users/felipeluna/subscriptions",
  "organizations_url": "https://api.github.com/users/felipeluna/orgs",
  "repos_url": "https://api.github.com/users/felipeluna/repos",
  "events_url": "https://api.github.com/users/felipeluna/events{/privacy}",
  "received_events_url": "https://api.github.com/users/felipeluna/received_events",
  "type": "User",
  "site_admin": false
}
