{
  "login": "fengpf",
  "id": 19323474,
  "node_id": "MDQ6VXNlcjE5MzIzNDc0",
  "avatar_url": "https://avatars3.githubusercontent.com/u/19323474?v=4",
  "gravatar_id": "",
  "url": "https://api.github.com/users/fengpf",
  "html_url": "https://github.com/fengpf",
  "followers_url": "https://api.github.com/users/fengpf/followers",
  "following_url": "https://api.github.com/users/fengpf/following{/other_user}",
  "gists_url": "https://api.github.com/users/fengpf/gists{/gist_id}",
  "starred_url": "https://api.github.com/users/fengpf/starred{/owner}{/repo}",
  "subscriptions_url": "https://api.github.com/users/fengpf/subscriptions",
  "organizations_url": "https://api.github.com/users/fengpf/orgs",
  "repos_url": "https://api.github.com/users/fengpf/repos",
  "events_url": "https://api.github.com/users/fengpf/events{/privacy}",
  "received_events_url": "https://api.github.com/users/fengpf/received_events",
  "type": "User",
  "site_admin": false
}
