{
  "login": "ferhatelmas",
  "id": 648018,
  "node_id": "MDQ6VXNlcjY0ODAxOA==",
  "avatar_url": "https://avatars1.githubusercontent.com/u/648018?v=4",
  "gravatar_id": "",
  "url": "https://api.github.com/users/ferhatelmas",
  "html_url": "https://github.com/ferhatelmas",
  "followers_url": "https://api.github.com/users/ferhatelmas/followers",
  "following_url": "https://api.github.com/users/ferhatelmas/following{/other_user}",
  "gists_url": "https://api.github.com/users/ferhatelmas/gists{/gist_id}",
  "starred_url": "https://api.github.com/users/ferhatelmas/starred{/owner}{/repo}",
  "subscriptions_url": "https://api.github.com/users/ferhatelmas/subscriptions",
  "organizations_url": "https://api.github.com/users/ferhatelmas/orgs",
  "repos_url": "https://api.github.com/users/ferhatelmas/repos",
  "events_url": "https://api.github.com/users/ferhatelmas/events{/privacy}",
  "received_events_url": "https://api.github.com/users/ferhatelmas/received_events",
  "type": "User",
  "site_admin": false
}
