{
  "login": "ferruvich",
  "id": 6943389,
  "node_id": "MDQ6VXNlcjY5NDMzODk=",
  "avatar_url": "https://avatars0.githubusercontent.com/u/6943389?v=4",
  "gravatar_id": "",
  "url": "https://api.github.com/users/ferruvich",
  "html_url": "https://github.com/ferruvich",
  "followers_url": "https://api.github.com/users/ferruvich/followers",
  "following_url": "https://api.github.com/users/ferruvich/following{/other_user}",
  "gists_url": "https://api.github.com/users/ferruvich/gists{/gist_id}",
  "starred_url": "https://api.github.com/users/ferruvich/starred{/owner}{/repo}",
  "subscriptions_url": "https://api.github.com/users/ferruvich/subscriptions",
  "organizations_url": "https://api.github.com/users/ferruvich/orgs",
  "repos_url": "https://api.github.com/users/ferruvich/repos",
  "events_url": "https://api.github.com/users/ferruvich/events{/privacy}",
  "received_events_url": "https://api.github.com/users/ferruvich/received_events",
  "type": "User",
  "site_admin": false
}
