{
  "login": "fgoyer",
  "id": 8864734,
  "node_id": "MDQ6VXNlcjg4NjQ3MzQ=",
  "avatar_url": "https://avatars2.githubusercontent.com/u/8864734?v=4",
  "gravatar_id": "",
  "url": "https://api.github.com/users/fgoyer",
  "html_url": "https://github.com/fgoyer",
  "followers_url": "https://api.github.com/users/fgoyer/followers",
  "following_url": "https://api.github.com/users/fgoyer/following{/other_user}",
  "gists_url": "https://api.github.com/users/fgoyer/gists{/gist_id}",
  "starred_url": "https://api.github.com/users/fgoyer/starred{/owner}{/repo}",
  "subscriptions_url": "https://api.github.com/users/fgoyer/subscriptions",
  "organizations_url": "https://api.github.com/users/fgoyer/orgs",
  "repos_url": "https://api.github.com/users/fgoyer/repos",
  "events_url": "https://api.github.com/users/fgoyer/events{/privacy}",
  "received_events_url": "https://api.github.com/users/fgoyer/received_events",
  "type": "User",
  "site_admin": false
}
