{
  "login": "fikrif",
  "id": 33051882,
  "node_id": "MDQ6VXNlcjMzMDUxODgy",
  "avatar_url": "https://avatars2.githubusercontent.com/u/33051882?v=4",
  "gravatar_id": "",
  "url": "https://api.github.com/users/fikrif",
  "html_url": "https://github.com/fikrif",
  "followers_url": "https://api.github.com/users/fikrif/followers",
  "following_url": "https://api.github.com/users/fikrif/following{/other_user}",
  "gists_url": "https://api.github.com/users/fikrif/gists{/gist_id}",
  "starred_url": "https://api.github.com/users/fikrif/starred{/owner}{/repo}",
  "subscriptions_url": "https://api.github.com/users/fikrif/subscriptions",
  "organizations_url": "https://api.github.com/users/fikrif/orgs",
  "repos_url": "https://api.github.com/users/fikrif/repos",
  "events_url": "https://api.github.com/users/fikrif/events{/privacy}",
  "received_events_url": "https://api.github.com/users/fikrif/received_events",
  "type": "User",
  "site_admin": false
}
