{
  "login": "frodonLD",
  "id": 9200168,
  "node_id": "MDQ6VXNlcjkyMDAxNjg=",
  "avatar_url": "https://avatars3.githubusercontent.com/u/9200168?v=4",
  "gravatar_id": "",
  "url": "https://api.github.com/users/frodonLD",
  "html_url": "https://github.com/frodonLD",
  "followers_url": "https://api.github.com/users/frodonLD/followers",
  "following_url": "https://api.github.com/users/frodonLD/following{/other_user}",
  "gists_url": "https://api.github.com/users/frodonLD/gists{/gist_id}",
  "starred_url": "https://api.github.com/users/frodonLD/starred{/owner}{/repo}",
  "subscriptions_url": "https://api.github.com/users/frodonLD/subscriptions",
  "organizations_url": "https://api.github.com/users/frodonLD/orgs",
  "repos_url": "https://api.github.com/users/frodonLD/repos",
  "events_url": "https://api.github.com/users/frodonLD/events{/privacy}",
  "received_events_url": "https://api.github.com/users/frodonLD/received_events",
  "type": "User",
  "site_admin": false
}
