{
  "login": "frozenxia",
  "id": 5286725,
  "node_id": "MDQ6VXNlcjUyODY3MjU=",
  "avatar_url": "https://avatars2.githubusercontent.com/u/5286725?v=4",
  "gravatar_id": "",
  "url": "https://api.github.com/users/frozenxia",
  "html_url": "https://github.com/frozenxia",
  "followers_url": "https://api.github.com/users/frozenxia/followers",
  "following_url": "https://api.github.com/users/frozenxia/following{/other_user}",
  "gists_url": "https://api.github.com/users/frozenxia/gists{/gist_id}",
  "starred_url": "https://api.github.com/users/frozenxia/starred{/owner}{/repo}",
  "subscriptions_url": "https://api.github.com/users/frozenxia/subscriptions",
  "organizations_url": "https://api.github.com/users/frozenxia/orgs",
  "repos_url": "https://api.github.com/users/frozenxia/repos",
  "events_url": "https://api.github.com/users/frozenxia/events{/privacy}",
  "received_events_url": "https://api.github.com/users/frozenxia/received_events",
  "type": "User",
  "site_admin": false
}
