{
  "login": "fuatto",
  "id": 17435002,
  "node_id": "MDQ6VXNlcjE3NDM1MDAy",
  "avatar_url": "https://avatars3.githubusercontent.com/u/17435002?v=4",
  "gravatar_id": "",
  "url": "https://api.github.com/users/fuatto",
  "html_url": "https://github.com/fuatto",
  "followers_url": "https://api.github.com/users/fuatto/followers",
  "following_url": "https://api.github.com/users/fuatto/following{/other_user}",
  "gists_url": "https://api.github.com/users/fuatto/gists{/gist_id}",
  "starred_url": "https://api.github.com/users/fuatto/starred{/owner}{/repo}",
  "subscriptions_url": "https://api.github.com/users/fuatto/subscriptions",
  "organizations_url": "https://api.github.com/users/fuatto/orgs",
  "repos_url": "https://api.github.com/users/fuatto/repos",
  "events_url": "https://api.github.com/users/fuatto/events{/privacy}",
  "received_events_url": "https://api.github.com/users/fuatto/received_events",
  "type": "User",
  "site_admin": false
}
