{
  "login": "gabjef",
  "id": 10983331,
  "node_id": "MDQ6VXNlcjEwOTgzMzMx",
  "avatar_url": "https://avatars1.githubusercontent.com/u/10983331?v=4",
  "gravatar_id": "",
  "url": "https://api.github.com/users/gabjef",
  "html_url": "https://github.com/gabjef",
  "followers_url": "https://api.github.com/users/gabjef/followers",
  "following_url": "https://api.github.com/users/gabjef/following{/other_user}",
  "gists_url": "https://api.github.com/users/gabjef/gists{/gist_id}",
  "starred_url": "https://api.github.com/users/gabjef/starred{/owner}{/repo}",
  "subscriptions_url": "https://api.github.com/users/gabjef/subscriptions",
  "organizations_url": "https://api.github.com/users/gabjef/orgs",
  "repos_url": "https://api.github.com/users/gabjef/repos",
  "events_url": "https://api.github.com/users/gabjef/events{/privacy}",
  "received_events_url": "https://api.github.com/users/gabjef/received_events",
  "type": "User",
  "site_admin": false
}
