{
  "login": "gabrielalmeida",
  "id": 310382,
  "node_id": "MDQ6VXNlcjMxMDM4Mg==",
  "avatar_url": "https://avatars3.githubusercontent.com/u/310382?v=4",
  "gravatar_id": "",
  "url": "https://api.github.com/users/gabrielalmeida",
  "html_url": "https://github.com/gabrielalmeida",
  "followers_url": "https://api.github.com/users/gabrielalmeida/followers",
  "following_url": "https://api.github.com/users/gabrielalmeida/following{/other_user}",
  "gists_url": "https://api.github.com/users/gabrielalmeida/gists{/gist_id}",
  "starred_url": "https://api.github.com/users/gabrielalmeida/starred{/owner}{/repo}",
  "subscriptions_url": "https://api.github.com/users/gabrielalmeida/subscriptions",
  "organizations_url": "https://api.github.com/users/gabrielalmeida/orgs",
  "repos_url": "https://api.github.com/users/gabrielalmeida/repos",
  "events_url": "https://api.github.com/users/gabrielalmeida/events{/privacy}",
  "received_events_url": "https://api.github.com/users/gabrielalmeida/received_events",
  "type": "User",
  "site_admin": false
}
