{
  "login": "geekfarmer",
  "id": 32463838,
  "node_id": "MDQ6VXNlcjMyNDYzODM4",
  "avatar_url": "https://avatars2.githubusercontent.com/u/32463838?v=4",
  "gravatar_id": "",
  "url": "https://api.github.com/users/geekfarmer",
  "html_url": "https://github.com/geekfarmer",
  "followers_url": "https://api.github.com/users/geekfarmer/followers",
  "following_url": "https://api.github.com/users/geekfarmer/following{/other_user}",
  "gists_url": "https://api.github.com/users/geekfarmer/gists{/gist_id}",
  "starred_url": "https://api.github.com/users/geekfarmer/starred{/owner}{/repo}",
  "subscriptions_url": "https://api.github.com/users/geekfarmer/subscriptions",
  "organizations_url": "https://api.github.com/users/geekfarmer/orgs",
  "repos_url": "https://api.github.com/users/geekfarmer/repos",
  "events_url": "https://api.github.com/users/geekfarmer/events{/privacy}",
  "received_events_url": "https://api.github.com/users/geekfarmer/received_events",
  "type": "User",
  "site_admin": false
}
