{
  "login": "geiltonxavier",
  "id": 4085573,
  "node_id": "MDQ6VXNlcjQwODU1NzM=",
  "avatar_url": "https://avatars2.githubusercontent.com/u/4085573?v=4",
  "gravatar_id": "",
  "url": "https://api.github.com/users/geiltonxavier",
  "html_url": "https://github.com/geiltonxavier",
  "followers_url": "https://api.github.com/users/geiltonxavier/followers",
  "following_url": "https://api.github.com/users/geiltonxavier/following{/other_user}",
  "gists_url": "https://api.github.com/users/geiltonxavier/gists{/gist_id}",
  "starred_url": "https://api.github.com/users/geiltonxavier/starred{/owner}{/repo}",
  "subscriptions_url": "https://api.github.com/users/geiltonxavier/subscriptions",
  "organizations_url": "https://api.github.com/users/geiltonxavier/orgs",
  "repos_url": "https://api.github.com/users/geiltonxavier/repos",
  "events_url": "https://api.github.com/users/geiltonxavier/events{/privacy}",
  "received_events_url": "https://api.github.com/users/geiltonxavier/received_events",
  "type": "User",
  "site_admin": false
}
