{
  "login": "ghishadow",
  "id": 9583775,
  "node_id": "MDQ6VXNlcjk1ODM3NzU=",
  "avatar_url": "https://avatars3.githubusercontent.com/u/9583775?v=4",
  "gravatar_id": "",
  "url": "https://api.github.com/users/ghishadow",
  "html_url": "https://github.com/ghishadow",
  "followers_url": "https://api.github.com/users/ghishadow/followers",
  "following_url": "https://api.github.com/users/ghishadow/following{/other_user}",
  "gists_url": "https://api.github.com/users/ghishadow/gists{/gist_id}",
  "starred_url": "https://api.github.com/users/ghishadow/starred{/owner}{/repo}",
  "subscriptions_url": "https://api.github.com/users/ghishadow/subscriptions",
  "organizations_url": "https://api.github.com/users/ghishadow/orgs",
  "repos_url": "https://api.github.com/users/ghishadow/repos",
  "events_url": "https://api.github.com/users/ghishadow/events{/privacy}",
  "received_events_url": "https://api.github.com/users/ghishadow/received_events",
  "type": "User",
  "site_admin": false
}
