{
  "login": "gilbertwyw",
  "id": 213096,
  "node_id": "MDQ6VXNlcjIxMzA5Ng==",
  "avatar_url": "https://avatars2.githubusercontent.com/u/213096?v=4",
  "gravatar_id": "",
  "url": "https://api.github.com/users/gilbertwyw",
  "html_url": "https://github.com/gilbertwyw",
  "followers_url": "https://api.github.com/users/gilbertwyw/followers",
  "following_url": "https://api.github.com/users/gilbertwyw/following{/other_user}",
  "gists_url": "https://api.github.com/users/gilbertwyw/gists{/gist_id}",
  "starred_url": "https://api.github.com/users/gilbertwyw/starred{/owner}{/repo}",
  "subscriptions_url": "https://api.github.com/users/gilbertwyw/subscriptions",
  "organizations_url": "https://api.github.com/users/gilbertwyw/orgs",
  "repos_url": "https://api.github.com/users/gilbertwyw/repos",
  "events_url": "https://api.github.com/users/gilbertwyw/events{/privacy}",
  "received_events_url": "https://api.github.com/users/gilbertwyw/received_events",
  "type": "User",
  "site_admin": false
}
