{
  "login": "git-hulk",
  "id": 4987594,
  "node_id": "MDQ6VXNlcjQ5ODc1OTQ=",
  "avatar_url": "https://avatars1.githubusercontent.com/u/4987594?v=4",
  "gravatar_id": "",
  "url": "https://api.github.com/users/git-hulk",
  "html_url": "https://github.com/git-hulk",
  "followers_url": "https://api.github.com/users/git-hulk/followers",
  "following_url": "https://api.github.com/users/git-hulk/following{/other_user}",
  "gists_url": "https://api.github.com/users/git-hulk/gists{/gist_id}",
  "starred_url": "https://api.github.com/users/git-hulk/starred{/owner}{/repo}",
  "subscriptions_url": "https://api.github.com/users/git-hulk/subscriptions",
  "organizations_url": "https://api.github.com/users/git-hulk/orgs",
  "repos_url": "https://api.github.com/users/git-hulk/repos",
  "events_url": "https://api.github.com/users/git-hulk/events{/privacy}",
  "received_events_url": "https://api.github.com/users/git-hulk/received_events",
  "type": "User",
  "site_admin": false
}
