{
  "login": "githubdata",
  "id": 3800755,
  "node_id": "MDQ6VXNlcjM4MDA3NTU=",
  "avatar_url": "https://avatars3.githubusercontent.com/u/3800755?v=4",
  "gravatar_id": "",
  "url": "https://api.github.com/users/githubdata",
  "html_url": "https://github.com/githubdata",
  "followers_url": "https://api.github.com/users/githubdata/followers",
  "following_url": "https://api.github.com/users/githubdata/following{/other_user}",
  "gists_url": "https://api.github.com/users/githubdata/gists{/gist_id}",
  "starred_url": "https://api.github.com/users/githubdata/starred{/owner}{/repo}",
  "subscriptions_url": "https://api.github.com/users/githubdata/subscriptions",
  "organizations_url": "https://api.github.com/users/githubdata/orgs",
  "repos_url": "https://api.github.com/users/githubdata/repos",
  "events_url": "https://api.github.com/users/githubdata/events{/privacy}",
  "received_events_url": "https://api.github.com/users/githubdata/received_events",
  "type": "User",
  "site_admin": false
}
