{
  "login": "godwhoa",
  "id": 6015902,
  "node_id": "MDQ6VXNlcjYwMTU5MDI=",
  "avatar_url": "https://avatars0.githubusercontent.com/u/6015902?v=4",
  "gravatar_id": "",
  "url": "https://api.github.com/users/godwhoa",
  "html_url": "https://github.com/godwhoa",
  "followers_url": "https://api.github.com/users/godwhoa/followers",
  "following_url": "https://api.github.com/users/godwhoa/following{/other_user}",
  "gists_url": "https://api.github.com/users/godwhoa/gists{/gist_id}",
  "starred_url": "https://api.github.com/users/godwhoa/starred{/owner}{/repo}",
  "subscriptions_url": "https://api.github.com/users/godwhoa/subscriptions",
  "organizations_url": "https://api.github.com/users/godwhoa/orgs",
  "repos_url": "https://api.github.com/users/godwhoa/repos",
  "events_url": "https://api.github.com/users/godwhoa/events{/privacy}",
  "received_events_url": "https://api.github.com/users/godwhoa/received_events",
  "type": "User",
  "site_admin": false
}
