{
  "login": "greut",
  "id": 1388,
  "node_id": "MDQ6VXNlcjEzODg=",
  "avatar_url": "https://avatars2.githubusercontent.com/u/1388?v=4",
  "gravatar_id": "",
  "url": "https://api.github.com/users/greut",
  "html_url": "https://github.com/greut",
  "followers_url": "https://api.github.com/users/greut/followers",
  "following_url": "https://api.github.com/users/greut/following{/other_user}",
  "gists_url": "https://api.github.com/users/greut/gists{/gist_id}",
  "starred_url": "https://api.github.com/users/greut/starred{/owner}{/repo}",
  "subscriptions_url": "https://api.github.com/users/greut/subscriptions",
  "organizations_url": "https://api.github.com/users/greut/orgs",
  "repos_url": "https://api.github.com/users/greut/repos",
  "events_url": "https://api.github.com/users/greut/events{/privacy}",
  "received_events_url": "https://api.github.com/users/greut/received_events",
  "type": "User",
  "site_admin": false
}
