{
  "login": "GreyAsteroid",
  "id": 4615298,
  "node_id": "MDQ6VXNlcjQ2MTUyOTg=",
  "avatar_url": "https://avatars1.githubusercontent.com/u/4615298?v=4",
  "gravatar_id": "",
  "url": "https://api.github.com/users/GreyAsteroid",
  "html_url": "https://github.com/GreyAsteroid",
  "followers_url": "https://api.github.com/users/GreyAsteroid/followers",
  "following_url": "https://api.github.com/users/GreyAsteroid/following{/other_user}",
  "gists_url": "https://api.github.com/users/GreyAsteroid/gists{/gist_id}",
  "starred_url": "https://api.github.com/users/GreyAsteroid/starred{/owner}{/repo}",
  "subscriptions_url": "https://api.github.com/users/GreyAsteroid/subscriptions",
  "organizations_url": "https://api.github.com/users/GreyAsteroid/orgs",
  "repos_url": "https://api.github.com/users/GreyAsteroid/repos",
  "events_url": "https://api.github.com/users/GreyAsteroid/events{/privacy}",
  "received_events_url": "https://api.github.com/users/GreyAsteroid/received_events",
  "type": "User",
  "site_admin": false
}
