{
  "login": "HacerBusraKILIC",
  "id": 26281251,
  "node_id": "MDQ6VXNlcjI2MjgxMjUx",
  "avatar_url": "https://avatars1.githubusercontent.com/u/26281251?v=4",
  "gravatar_id": "",
  "url": "https://api.github.com/users/HacerBusraKILIC",
  "html_url": "https://github.com/HacerBusraKILIC",
  "followers_url": "https://api.github.com/users/HacerBusraKILIC/followers",
  "following_url": "https://api.github.com/users/HacerBusraKILIC/following{/other_user}",
  "gists_url": "https://api.github.com/users/HacerBusraKILIC/gists{/gist_id}",
  "starred_url": "https://api.github.com/users/HacerBusraKILIC/starred{/owner}{/repo}",
  "subscriptions_url": "https://api.github.com/users/HacerBusraKILIC/subscriptions",
  "organizations_url": "https://api.github.com/users/HacerBusraKILIC/orgs",
  "repos_url": "https://api.github.com/users/HacerBusraKILIC/repos",
  "events_url": "https://api.github.com/users/HacerBusraKILIC/events{/privacy}",
  "received_events_url": "https://api.github.com/users/HacerBusraKILIC/received_events",
  "type": "User",
  "site_admin": false
}
