{
  "login": "halldorbjarni",
  "id": 3519324,
  "node_id": "MDQ6VXNlcjM1MTkzMjQ=",
  "avatar_url": "https://avatars0.githubusercontent.com/u/3519324?v=4",
  "gravatar_id": "",
  "url": "https://api.github.com/users/halldorbjarni",
  "html_url": "https://github.com/halldorbjarni",
  "followers_url": "https://api.github.com/users/halldorbjarni/followers",
  "following_url": "https://api.github.com/users/halldorbjarni/following{/other_user}",
  "gists_url": "https://api.github.com/users/halldorbjarni/gists{/gist_id}",
  "starred_url": "https://api.github.com/users/halldorbjarni/starred{/owner}{/repo}",
  "subscriptions_url": "https://api.github.com/users/halldorbjarni/subscriptions",
  "organizations_url": "https://api.github.com/users/halldorbjarni/orgs",
  "repos_url": "https://api.github.com/users/halldorbjarni/repos",
  "events_url": "https://api.github.com/users/halldorbjarni/events{/privacy}",
  "received_events_url": "https://api.github.com/users/halldorbjarni/received_events",
  "type": "User",
  "site_admin": false
}
