{
  "login": "hamdikavak",
  "id": 1854194,
  "node_id": "MDQ6VXNlcjE4NTQxOTQ=",
  "avatar_url": "https://avatars2.githubusercontent.com/u/1854194?v=4",
  "gravatar_id": "",
  "url": "https://api.github.com/users/hamdikavak",
  "html_url": "https://github.com/hamdikavak",
  "followers_url": "https://api.github.com/users/hamdikavak/followers",
  "following_url": "https://api.github.com/users/hamdikavak/following{/other_user}",
  "gists_url": "https://api.github.com/users/hamdikavak/gists{/gist_id}",
  "starred_url": "https://api.github.com/users/hamdikavak/starred{/owner}{/repo}",
  "subscriptions_url": "https://api.github.com/users/hamdikavak/subscriptions",
  "organizations_url": "https://api.github.com/users/hamdikavak/orgs",
  "repos_url": "https://api.github.com/users/hamdikavak/repos",
  "events_url": "https://api.github.com/users/hamdikavak/events{/privacy}",
  "received_events_url": "https://api.github.com/users/hamdikavak/received_events",
  "type": "User",
  "site_admin": false
}
