{
  "login": "hamsham",
  "id": 920209,
  "node_id": "MDQ6VXNlcjkyMDIwOQ==",
  "avatar_url": "https://avatars3.githubusercontent.com/u/920209?v=4",
  "gravatar_id": "",
  "url": "https://api.github.com/users/hamsham",
  "html_url": "https://github.com/hamsham",
  "followers_url": "https://api.github.com/users/hamsham/followers",
  "following_url": "https://api.github.com/users/hamsham/following{/other_user}",
  "gists_url": "https://api.github.com/users/hamsham/gists{/gist_id}",
  "starred_url": "https://api.github.com/users/hamsham/starred{/owner}{/repo}",
  "subscriptions_url": "https://api.github.com/users/hamsham/subscriptions",
  "organizations_url": "https://api.github.com/users/hamsham/orgs",
  "repos_url": "https://api.github.com/users/hamsham/repos",
  "events_url": "https://api.github.com/users/hamsham/events{/privacy}",
  "received_events_url": "https://api.github.com/users/hamsham/received_events",
  "type": "User",
  "site_admin": false
}
