{
  "login": "happyyang",
  "id": 9611142,
  "node_id": "MDQ6VXNlcjk2MTExNDI=",
  "avatar_url": "https://avatars2.githubusercontent.com/u/9611142?v=4",
  "gravatar_id": "",
  "url": "https://api.github.com/users/happyyang",
  "html_url": "https://github.com/happyyang",
  "followers_url": "https://api.github.com/users/happyyang/followers",
  "following_url": "https://api.github.com/users/happyyang/following{/other_user}",
  "gists_url": "https://api.github.com/users/happyyang/gists{/gist_id}",
  "starred_url": "https://api.github.com/users/happyyang/starred{/owner}{/repo}",
  "subscriptions_url": "https://api.github.com/users/happyyang/subscriptions",
  "organizations_url": "https://api.github.com/users/happyyang/orgs",
  "repos_url": "https://api.github.com/users/happyyang/repos",
  "events_url": "https://api.github.com/users/happyyang/events{/privacy}",
  "received_events_url": "https://api.github.com/users/happyyang/received_events",
  "type": "User",
  "site_admin": false
}
