{
  "login": "hasanajsh",
  "id": 1536103,
  "node_id": "MDQ6VXNlcjE1MzYxMDM=",
  "avatar_url": "https://avatars1.githubusercontent.com/u/1536103?v=4",
  "gravatar_id": "",
  "url": "https://api.github.com/users/hasanajsh",
  "html_url": "https://github.com/hasanajsh",
  "followers_url": "https://api.github.com/users/hasanajsh/followers",
  "following_url": "https://api.github.com/users/hasanajsh/following{/other_user}",
  "gists_url": "https://api.github.com/users/hasanajsh/gists{/gist_id}",
  "starred_url": "https://api.github.com/users/hasanajsh/starred{/owner}{/repo}",
  "subscriptions_url": "https://api.github.com/users/hasanajsh/subscriptions",
  "organizations_url": "https://api.github.com/users/hasanajsh/orgs",
  "repos_url": "https://api.github.com/users/hasanajsh/repos",
  "events_url": "https://api.github.com/users/hasanajsh/events{/privacy}",
  "received_events_url": "https://api.github.com/users/hasanajsh/received_events",
  "type": "User",
  "site_admin": false
}
