{
  "login": "hdhog",
  "id": 386666,
  "node_id": "MDQ6VXNlcjM4NjY2Ng==",
  "avatar_url": "https://avatars0.githubusercontent.com/u/386666?v=4",
  "gravatar_id": "",
  "url": "https://api.github.com/users/hdhog",
  "html_url": "https://github.com/hdhog",
  "followers_url": "https://api.github.com/users/hdhog/followers",
  "following_url": "https://api.github.com/users/hdhog/following{/other_user}",
  "gists_url": "https://api.github.com/users/hdhog/gists{/gist_id}",
  "starred_url": "https://api.github.com/users/hdhog/starred{/owner}{/repo}",
  "subscriptions_url": "https://api.github.com/users/hdhog/subscriptions",
  "organizations_url": "https://api.github.com/users/hdhog/orgs",
  "repos_url": "https://api.github.com/users/hdhog/repos",
  "events_url": "https://api.github.com/users/hdhog/events{/privacy}",
  "received_events_url": "https://api.github.com/users/hdhog/received_events",
  "type": "User",
  "site_admin": false
}
