{
  "login": "hdlopez",
  "id": 3875628,
  "node_id": "MDQ6VXNlcjM4NzU2Mjg=",
  "avatar_url": "https://avatars3.githubusercontent.com/u/3875628?v=4",
  "gravatar_id": "",
  "url": "https://api.github.com/users/hdlopez",
  "html_url": "https://github.com/hdlopez",
  "followers_url": "https://api.github.com/users/hdlopez/followers",
  "following_url": "https://api.github.com/users/hdlopez/following{/other_user}",
  "gists_url": "https://api.github.com/users/hdlopez/gists{/gist_id}",
  "starred_url": "https://api.github.com/users/hdlopez/starred{/owner}{/repo}",
  "subscriptions_url": "https://api.github.com/users/hdlopez/subscriptions",
  "organizations_url": "https://api.github.com/users/hdlopez/orgs",
  "repos_url": "https://api.github.com/users/hdlopez/repos",
  "events_url": "https://api.github.com/users/hdlopez/events{/privacy}",
  "received_events_url": "https://api.github.com/users/hdlopez/received_events",
  "type": "User",
  "site_admin": false
}
