{
  "login": "hello3476hui",
  "id": 14278480,
  "node_id": "MDQ6VXNlcjE0Mjc4NDgw",
  "avatar_url": "https://avatars2.githubusercontent.com/u/14278480?v=4",
  "gravatar_id": "",
  "url": "https://api.github.com/users/hello3476hui",
  "html_url": "https://github.com/hello3476hui",
  "followers_url": "https://api.github.com/users/hello3476hui/followers",
  "following_url": "https://api.github.com/users/hello3476hui/following{/other_user}",
  "gists_url": "https://api.github.com/users/hello3476hui/gists{/gist_id}",
  "starred_url": "https://api.github.com/users/hello3476hui/starred{/owner}{/repo}",
  "subscriptions_url": "https://api.github.com/users/hello3476hui/subscriptions",
  "organizations_url": "https://api.github.com/users/hello3476hui/orgs",
  "repos_url": "https://api.github.com/users/hello3476hui/repos",
  "events_url": "https://api.github.com/users/hello3476hui/events{/privacy}",
  "received_events_url": "https://api.github.com/users/hello3476hui/received_events",
  "type": "User",
  "site_admin": false
}
