{
  "login": "henrywallace",
  "id": 2768233,
  "node_id": "MDQ6VXNlcjI3NjgyMzM=",
  "avatar_url": "https://avatars3.githubusercontent.com/u/2768233?v=4",
  "gravatar_id": "",
  "url": "https://api.github.com/users/henrywallace",
  "html_url": "https://github.com/henrywallace",
  "followers_url": "https://api.github.com/users/henrywallace/followers",
  "following_url": "https://api.github.com/users/henrywallace/following{/other_user}",
  "gists_url": "https://api.github.com/users/henrywallace/gists{/gist_id}",
  "starred_url": "https://api.github.com/users/henrywallace/starred{/owner}{/repo}",
  "subscriptions_url": "https://api.github.com/users/henrywallace/subscriptions",
  "organizations_url": "https://api.github.com/users/henrywallace/orgs",
  "repos_url": "https://api.github.com/users/henrywallace/repos",
  "events_url": "https://api.github.com/users/henrywallace/events{/privacy}",
  "received_events_url": "https://api.github.com/users/henrywallace/received_events",
  "type": "User",
  "site_admin": false
}
