{
  "login": "himyxia",
  "id": 7495144,
  "node_id": "MDQ6VXNlcjc0OTUxNDQ=",
  "avatar_url": "https://avatars3.githubusercontent.com/u/7495144?v=4",
  "gravatar_id": "",
  "url": "https://api.github.com/users/himyxia",
  "html_url": "https://github.com/himyxia",
  "followers_url": "https://api.github.com/users/himyxia/followers",
  "following_url": "https://api.github.com/users/himyxia/following{/other_user}",
  "gists_url": "https://api.github.com/users/himyxia/gists{/gist_id}",
  "starred_url": "https://api.github.com/users/himyxia/starred{/owner}{/repo}",
  "subscriptions_url": "https://api.github.com/users/himyxia/subscriptions",
  "organizations_url": "https://api.github.com/users/himyxia/orgs",
  "repos_url": "https://api.github.com/users/himyxia/repos",
  "events_url": "https://api.github.com/users/himyxia/events{/privacy}",
  "received_events_url": "https://api.github.com/users/himyxia/received_events",
  "type": "User",
  "site_admin": false
}
