{
  "login": "HobertHe",
  "id": 22310813,
  "node_id": "MDQ6VXNlcjIyMzEwODEz",
  "avatar_url": "https://avatars0.githubusercontent.com/u/22310813?v=4",
  "gravatar_id": "",
  "url": "https://api.github.com/users/HobertHe",
  "html_url": "https://github.com/HobertHe",
  "followers_url": "https://api.github.com/users/HobertHe/followers",
  "following_url": "https://api.github.com/users/HobertHe/following{/other_user}",
  "gists_url": "https://api.github.com/users/HobertHe/gists{/gist_id}",
  "starred_url": "https://api.github.com/users/HobertHe/starred{/owner}{/repo}",
  "subscriptions_url": "https://api.github.com/users/HobertHe/subscriptions",
  "organizations_url": "https://api.github.com/users/HobertHe/orgs",
  "repos_url": "https://api.github.com/users/HobertHe/repos",
  "events_url": "https://api.github.com/users/HobertHe/events{/privacy}",
  "received_events_url": "https://api.github.com/users/HobertHe/received_events",
  "type": "User",
  "site_admin": false
}
