{
  "login": "hsali",
  "id": 6765330,
  "node_id": "MDQ6VXNlcjY3NjUzMzA=",
  "avatar_url": "https://avatars0.githubusercontent.com/u/6765330?v=4",
  "gravatar_id": "",
  "url": "https://api.github.com/users/hsali",
  "html_url": "https://github.com/hsali",
  "followers_url": "https://api.github.com/users/hsali/followers",
  "following_url": "https://api.github.com/users/hsali/following{/other_user}",
  "gists_url": "https://api.github.com/users/hsali/gists{/gist_id}",
  "starred_url": "https://api.github.com/users/hsali/starred{/owner}{/repo}",
  "subscriptions_url": "https://api.github.com/users/hsali/subscriptions",
  "organizations_url": "https://api.github.com/users/hsali/orgs",
  "repos_url": "https://api.github.com/users/hsali/repos",
  "events_url": "https://api.github.com/users/hsali/events{/privacy}",
  "received_events_url": "https://api.github.com/users/hsali/received_events",
  "type": "User",
  "site_admin": false
}
