{
  "login": "hsnaslans",
  "id": 26426715,
  "node_id": "MDQ6VXNlcjI2NDI2NzE1",
  "avatar_url": "https://avatars0.githubusercontent.com/u/26426715?v=4",
  "gravatar_id": "",
  "url": "https://api.github.com/users/hsnaslans",
  "html_url": "https://github.com/hsnaslans",
  "followers_url": "https://api.github.com/users/hsnaslans/followers",
  "following_url": "https://api.github.com/users/hsnaslans/following{/other_user}",
  "gists_url": "https://api.github.com/users/hsnaslans/gists{/gist_id}",
  "starred_url": "https://api.github.com/users/hsnaslans/starred{/owner}{/repo}",
  "subscriptions_url": "https://api.github.com/users/hsnaslans/subscriptions",
  "organizations_url": "https://api.github.com/users/hsnaslans/orgs",
  "repos_url": "https://api.github.com/users/hsnaslans/repos",
  "events_url": "https://api.github.com/users/hsnaslans/events{/privacy}",
  "received_events_url": "https://api.github.com/users/hsnaslans/received_events",
  "type": "User",
  "site_admin": false
}
