{
  "login": "hu53yin",
  "id": 316321,
  "node_id": "MDQ6VXNlcjMxNjMyMQ==",
  "avatar_url": "https://avatars2.githubusercontent.com/u/316321?v=4",
  "gravatar_id": "",
  "url": "https://api.github.com/users/hu53yin",
  "html_url": "https://github.com/hu53yin",
  "followers_url": "https://api.github.com/users/hu53yin/followers",
  "following_url": "https://api.github.com/users/hu53yin/following{/other_user}",
  "gists_url": "https://api.github.com/users/hu53yin/gists{/gist_id}",
  "starred_url": "https://api.github.com/users/hu53yin/starred{/owner}{/repo}",
  "subscriptions_url": "https://api.github.com/users/hu53yin/subscriptions",
  "organizations_url": "https://api.github.com/users/hu53yin/orgs",
  "repos_url": "https://api.github.com/users/hu53yin/repos",
  "events_url": "https://api.github.com/users/hu53yin/events{/privacy}",
  "received_events_url": "https://api.github.com/users/hu53yin/received_events",
  "type": "User",
  "site_admin": false
}
