{
  "login": "humboo",
  "id": 24497886,
  "node_id": "MDQ6VXNlcjI0NDk3ODg2",
  "avatar_url": "https://avatars3.githubusercontent.com/u/24497886?v=4",
  "gravatar_id": "",
  "url": "https://api.github.com/users/humboo",
  "html_url": "https://github.com/humboo",
  "followers_url": "https://api.github.com/users/humboo/followers",
  "following_url": "https://api.github.com/users/humboo/following{/other_user}",
  "gists_url": "https://api.github.com/users/humboo/gists{/gist_id}",
  "starred_url": "https://api.github.com/users/humboo/starred{/owner}{/repo}",
  "subscriptions_url": "https://api.github.com/users/humboo/subscriptions",
  "organizations_url": "https://api.github.com/users/humboo/orgs",
  "repos_url": "https://api.github.com/users/humboo/repos",
  "events_url": "https://api.github.com/users/humboo/events{/privacy}",
  "received_events_url": "https://api.github.com/users/humboo/received_events",
  "type": "User",
  "site_admin": false
}
