{
  "login": "HunterEl",
  "id": 6547952,
  "node_id": "MDQ6VXNlcjY1NDc5NTI=",
  "avatar_url": "https://avatars1.githubusercontent.com/u/6547952?v=4",
  "gravatar_id": "",
  "url": "https://api.github.com/users/HunterEl",
  "html_url": "https://github.com/HunterEl",
  "followers_url": "https://api.github.com/users/HunterEl/followers",
  "following_url": "https://api.github.com/users/HunterEl/following{/other_user}",
  "gists_url": "https://api.github.com/users/HunterEl/gists{/gist_id}",
  "starred_url": "https://api.github.com/users/HunterEl/starred{/owner}{/repo}",
  "subscriptions_url": "https://api.github.com/users/HunterEl/subscriptions",
  "organizations_url": "https://api.github.com/users/HunterEl/orgs",
  "repos_url": "https://api.github.com/users/HunterEl/repos",
  "events_url": "https://api.github.com/users/HunterEl/events{/privacy}",
  "received_events_url": "https://api.github.com/users/HunterEl/received_events",
  "type": "User",
  "site_admin": false
}
