{
  "login": "Huyamin150",
  "id": 9206069,
  "node_id": "MDQ6VXNlcjkyMDYwNjk=",
  "avatar_url": "https://avatars0.githubusercontent.com/u/9206069?v=4",
  "gravatar_id": "",
  "url": "https://api.github.com/users/Huyamin150",
  "html_url": "https://github.com/Huyamin150",
  "followers_url": "https://api.github.com/users/Huyamin150/followers",
  "following_url": "https://api.github.com/users/Huyamin150/following{/other_user}",
  "gists_url": "https://api.github.com/users/Huyamin150/gists{/gist_id}",
  "starred_url": "https://api.github.com/users/Huyamin150/starred{/owner}{/repo}",
  "subscriptions_url": "https://api.github.com/users/Huyamin150/subscriptions",
  "organizations_url": "https://api.github.com/users/Huyamin150/orgs",
  "repos_url": "https://api.github.com/users/Huyamin150/repos",
  "events_url": "https://api.github.com/users/Huyamin150/events{/privacy}",
  "received_events_url": "https://api.github.com/users/Huyamin150/received_events",
  "type": "User",
  "site_admin": false
}
