{
  "login": "hypersleep",
  "id": 2553907,
  "node_id": "MDQ6VXNlcjI1NTM5MDc=",
  "avatar_url": "https://avatars1.githubusercontent.com/u/2553907?v=4",
  "gravatar_id": "",
  "url": "https://api.github.com/users/hypersleep",
  "html_url": "https://github.com/hypersleep",
  "followers_url": "https://api.github.com/users/hypersleep/followers",
  "following_url": "https://api.github.com/users/hypersleep/following{/other_user}",
  "gists_url": "https://api.github.com/users/hypersleep/gists{/gist_id}",
  "starred_url": "https://api.github.com/users/hypersleep/starred{/owner}{/repo}",
  "subscriptions_url": "https://api.github.com/users/hypersleep/subscriptions",
  "organizations_url": "https://api.github.com/users/hypersleep/orgs",
  "repos_url": "https://api.github.com/users/hypersleep/repos",
  "events_url": "https://api.github.com/users/hypersleep/events{/privacy}",
  "received_events_url": "https://api.github.com/users/hypersleep/received_events",
  "type": "User",
  "site_admin": false
}
