{
  "login": "iagodahlem",
  "id": 11875867,
  "node_id": "MDQ6VXNlcjExODc1ODY3",
  "avatar_url": "https://avatars0.githubusercontent.com/u/11875867?v=4",
  "gravatar_id": "",
  "url": "https://api.github.com/users/iagodahlem",
  "html_url": "https://github.com/iagodahlem",
  "followers_url": "https://api.github.com/users/iagodahlem/followers",
  "following_url": "https://api.github.com/users/iagodahlem/following{/other_user}",
  "gists_url": "https://api.github.com/users/iagodahlem/gists{/gist_id}",
  "starred_url": "https://api.github.com/users/iagodahlem/starred{/owner}{/repo}",
  "subscriptions_url": "https://api.github.com/users/iagodahlem/subscriptions",
  "organizations_url": "https://api.github.com/users/iagodahlem/orgs",
  "repos_url": "https://api.github.com/users/iagodahlem/repos",
  "events_url": "https://api.github.com/users/iagodahlem/events{/privacy}",
  "received_events_url": "https://api.github.com/users/iagodahlem/received_events",
  "type": "User",
  "site_admin": false
}
