{
  "login": "iamdkgfi",
  "id": 22635471,
  "node_id": "MDQ6VXNlcjIyNjM1NDcx",
  "avatar_url": "https://avatars3.githubusercontent.com/u/22635471?v=4",
  "gravatar_id": "",
  "url": "https://api.github.com/users/iamdkgfi",
  "html_url": "https://github.com/iamdkgfi",
  "followers_url": "https://api.github.com/users/iamdkgfi/followers",
  "following_url": "https://api.github.com/users/iamdkgfi/following{/other_user}",
  "gists_url": "https://api.github.com/users/iamdkgfi/gists{/gist_id}",
  "starred_url": "https://api.github.com/users/iamdkgfi/starred{/owner}{/repo}",
  "subscriptions_url": "https://api.github.com/users/iamdkgfi/subscriptions",
  "organizations_url": "https://api.github.com/users/iamdkgfi/orgs",
  "repos_url": "https://api.github.com/users/iamdkgfi/repos",
  "events_url": "https://api.github.com/users/iamdkgfi/events{/privacy}",
  "received_events_url": "https://api.github.com/users/iamdkgfi/received_events",
  "type": "User",
  "site_admin": false
}
