{
  "login": "ibgk883",
  "id": 10538033,
  "node_id": "MDQ6VXNlcjEwNTM4MDMz",
  "avatar_url": "https://avatars1.githubusercontent.com/u/10538033?v=4",
  "gravatar_id": "",
  "url": "https://api.github.com/users/ibgk883",
  "html_url": "https://github.com/ibgk883",
  "followers_url": "https://api.github.com/users/ibgk883/followers",
  "following_url": "https://api.github.com/users/ibgk883/following{/other_user}",
  "gists_url": "https://api.github.com/users/ibgk883/gists{/gist_id}",
  "starred_url": "https://api.github.com/users/ibgk883/starred{/owner}{/repo}",
  "subscriptions_url": "https://api.github.com/users/ibgk883/subscriptions",
  "organizations_url": "https://api.github.com/users/ibgk883/orgs",
  "repos_url": "https://api.github.com/users/ibgk883/repos",
  "events_url": "https://api.github.com/users/ibgk883/events{/privacy}",
  "received_events_url": "https://api.github.com/users/ibgk883/received_events",
  "type": "User",
  "site_admin": false
}
