{
  "login": "ibrahimakbalci",
  "id": 5079430,
  "node_id": "MDQ6VXNlcjUwNzk0MzA=",
  "avatar_url": "https://avatars2.githubusercontent.com/u/5079430?v=4",
  "gravatar_id": "",
  "url": "https://api.github.com/users/ibrahimakbalci",
  "html_url": "https://github.com/ibrahimakbalci",
  "followers_url": "https://api.github.com/users/ibrahimakbalci/followers",
  "following_url": "https://api.github.com/users/ibrahimakbalci/following{/other_user}",
  "gists_url": "https://api.github.com/users/ibrahimakbalci/gists{/gist_id}",
  "starred_url": "https://api.github.com/users/ibrahimakbalci/starred{/owner}{/repo}",
  "subscriptions_url": "https://api.github.com/users/ibrahimakbalci/subscriptions",
  "organizations_url": "https://api.github.com/users/ibrahimakbalci/orgs",
  "repos_url": "https://api.github.com/users/ibrahimakbalci/repos",
  "events_url": "https://api.github.com/users/ibrahimakbalci/events{/privacy}",
  "received_events_url": "https://api.github.com/users/ibrahimakbalci/received_events",
  "type": "User",
  "site_admin": false
}
