{
  "login": "IgorGanapolsky",
  "id": 201209,
  "node_id": "MDQ6VXNlcjIwMTIwOQ==",
  "avatar_url": "https://avatars0.githubusercontent.com/u/201209?v=4",
  "gravatar_id": "",
  "url": "https://api.github.com/users/IgorGanapolsky",
  "html_url": "https://github.com/IgorGanapolsky",
  "followers_url": "https://api.github.com/users/IgorGanapolsky/followers",
  "following_url": "https://api.github.com/users/IgorGanapolsky/following{/other_user}",
  "gists_url": "https://api.github.com/users/IgorGanapolsky/gists{/gist_id}",
  "starred_url": "https://api.github.com/users/IgorGanapolsky/starred{/owner}{/repo}",
  "subscriptions_url": "https://api.github.com/users/IgorGanapolsky/subscriptions",
  "organizations_url": "https://api.github.com/users/IgorGanapolsky/orgs",
  "repos_url": "https://api.github.com/users/IgorGanapolsky/repos",
  "events_url": "https://api.github.com/users/IgorGanapolsky/events{/privacy}",
  "received_events_url": "https://api.github.com/users/IgorGanapolsky/received_events",
  "type": "User",
  "site_admin": false
}
