{
  "login": "imffund",
  "id": 45298458,
  "node_id": "MDQ6VXNlcjQ1Mjk4NDU4",
  "avatar_url": "https://avatars3.githubusercontent.com/u/45298458?v=4",
  "gravatar_id": "",
  "url": "https://api.github.com/users/imffund",
  "html_url": "https://github.com/imffund",
  "followers_url": "https://api.github.com/users/imffund/followers",
  "following_url": "https://api.github.com/users/imffund/following{/other_user}",
  "gists_url": "https://api.github.com/users/imffund/gists{/gist_id}",
  "starred_url": "https://api.github.com/users/imffund/starred{/owner}{/repo}",
  "subscriptions_url": "https://api.github.com/users/imffund/subscriptions",
  "organizations_url": "https://api.github.com/users/imffund/orgs",
  "repos_url": "https://api.github.com/users/imffund/repos",
  "events_url": "https://api.github.com/users/imffund/events{/privacy}",
  "received_events_url": "https://api.github.com/users/imffund/received_events",
  "type": "User",
  "site_admin": false
}
