{
  "login": "indigofeather",
  "id": 512821,
  "node_id": "MDQ6VXNlcjUxMjgyMQ==",
  "avatar_url": "https://avatars1.githubusercontent.com/u/512821?v=4",
  "gravatar_id": "",
  "url": "https://api.github.com/users/indigofeather",
  "html_url": "https://github.com/indigofeather",
  "followers_url": "https://api.github.com/users/indigofeather/followers",
  "following_url": "https://api.github.com/users/indigofeather/following{/other_user}",
  "gists_url": "https://api.github.com/users/indigofeather/gists{/gist_id}",
  "starred_url": "https://api.github.com/users/indigofeather/starred{/owner}{/repo}",
  "subscriptions_url": "https://api.github.com/users/indigofeather/subscriptions",
  "organizations_url": "https://api.github.com/users/indigofeather/orgs",
  "repos_url": "https://api.github.com/users/indigofeather/repos",
  "events_url": "https://api.github.com/users/indigofeather/events{/privacy}",
  "received_events_url": "https://api.github.com/users/indigofeather/received_events",
  "type": "User",
  "site_admin": false
}
