{
  "login": "inl1ne",
  "id": 6884107,
  "node_id": "MDQ6VXNlcjY4ODQxMDc=",
  "avatar_url": "https://avatars2.githubusercontent.com/u/6884107?v=4",
  "gravatar_id": "",
  "url": "https://api.github.com/users/inl1ne",
  "html_url": "https://github.com/inl1ne",
  "followers_url": "https://api.github.com/users/inl1ne/followers",
  "following_url": "https://api.github.com/users/inl1ne/following{/other_user}",
  "gists_url": "https://api.github.com/users/inl1ne/gists{/gist_id}",
  "starred_url": "https://api.github.com/users/inl1ne/starred{/owner}{/repo}",
  "subscriptions_url": "https://api.github.com/users/inl1ne/subscriptions",
  "organizations_url": "https://api.github.com/users/inl1ne/orgs",
  "repos_url": "https://api.github.com/users/inl1ne/repos",
  "events_url": "https://api.github.com/users/inl1ne/events{/privacy}",
  "received_events_url": "https://api.github.com/users/inl1ne/received_events",
  "type": "User",
  "site_admin": false
}
