{
  "login": "invzhi",
  "id": 19483698,
  "node_id": "MDQ6VXNlcjE5NDgzNjk4",
  "avatar_url": "https://avatars0.githubusercontent.com/u/19483698?v=4",
  "gravatar_id": "",
  "url": "https://api.github.com/users/invzhi",
  "html_url": "https://github.com/invzhi",
  "followers_url": "https://api.github.com/users/invzhi/followers",
  "following_url": "https://api.github.com/users/invzhi/following{/other_user}",
  "gists_url": "https://api.github.com/users/invzhi/gists{/gist_id}",
  "starred_url": "https://api.github.com/users/invzhi/starred{/owner}{/repo}",
  "subscriptions_url": "https://api.github.com/users/invzhi/subscriptions",
  "organizations_url": "https://api.github.com/users/invzhi/orgs",
  "repos_url": "https://api.github.com/users/invzhi/repos",
  "events_url": "https://api.github.com/users/invzhi/events{/privacy}",
  "received_events_url": "https://api.github.com/users/invzhi/received_events",
  "type": "User",
  "site_admin": false
}
