{
  "login": "isakSoft",
  "id": 7407611,
  "node_id": "MDQ6VXNlcjc0MDc2MTE=",
  "avatar_url": "https://avatars0.githubusercontent.com/u/7407611?v=4",
  "gravatar_id": "",
  "url": "https://api.github.com/users/isakSoft",
  "html_url": "https://github.com/isakSoft",
  "followers_url": "https://api.github.com/users/isakSoft/followers",
  "following_url": "https://api.github.com/users/isakSoft/following{/other_user}",
  "gists_url": "https://api.github.com/users/isakSoft/gists{/gist_id}",
  "starred_url": "https://api.github.com/users/isakSoft/starred{/owner}{/repo}",
  "subscriptions_url": "https://api.github.com/users/isakSoft/subscriptions",
  "organizations_url": "https://api.github.com/users/isakSoft/orgs",
  "repos_url": "https://api.github.com/users/isakSoft/repos",
  "events_url": "https://api.github.com/users/isakSoft/events{/privacy}",
  "received_events_url": "https://api.github.com/users/isakSoft/received_events",
  "type": "User",
  "site_admin": false
}
