{
  "login": "itcuihao",
  "id": 9942270,
  "node_id": "MDQ6VXNlcjk5NDIyNzA=",
  "avatar_url": "https://avatars0.githubusercontent.com/u/9942270?v=4",
  "gravatar_id": "",
  "url": "https://api.github.com/users/itcuihao",
  "html_url": "https://github.com/itcuihao",
  "followers_url": "https://api.github.com/users/itcuihao/followers",
  "following_url": "https://api.github.com/users/itcuihao/following{/other_user}",
  "gists_url": "https://api.github.com/users/itcuihao/gists{/gist_id}",
  "starred_url": "https://api.github.com/users/itcuihao/starred{/owner}{/repo}",
  "subscriptions_url": "https://api.github.com/users/itcuihao/subscriptions",
  "organizations_url": "https://api.github.com/users/itcuihao/orgs",
  "repos_url": "https://api.github.com/users/itcuihao/repos",
  "events_url": "https://api.github.com/users/itcuihao/events{/privacy}",
  "received_events_url": "https://api.github.com/users/itcuihao/received_events",
  "type": "User",
  "site_admin": false
}
