{
  "login": "iyakexi",
  "id": 520566,
  "node_id": "MDQ6VXNlcjUyMDU2Ng==",
  "avatar_url": "https://avatars3.githubusercontent.com/u/520566?v=4",
  "gravatar_id": "",
  "url": "https://api.github.com/users/iyakexi",
  "html_url": "https://github.com/iyakexi",
  "followers_url": "https://api.github.com/users/iyakexi/followers",
  "following_url": "https://api.github.com/users/iyakexi/following{/other_user}",
  "gists_url": "https://api.github.com/users/iyakexi/gists{/gist_id}",
  "starred_url": "https://api.github.com/users/iyakexi/starred{/owner}{/repo}",
  "subscriptions_url": "https://api.github.com/users/iyakexi/subscriptions",
  "organizations_url": "https://api.github.com/users/iyakexi/orgs",
  "repos_url": "https://api.github.com/users/iyakexi/repos",
  "events_url": "https://api.github.com/users/iyakexi/events{/privacy}",
  "received_events_url": "https://api.github.com/users/iyakexi/received_events",
  "type": "User",
  "site_admin": false
}
