{
  "login": "jack0707",
  "id": 2193664,
  "node_id": "MDQ6VXNlcjIxOTM2NjQ=",
  "avatar_url": "https://avatars3.githubusercontent.com/u/2193664?v=4",
  "gravatar_id": "",
  "url": "https://api.github.com/users/jack0707",
  "html_url": "https://github.com/jack0707",
  "followers_url": "https://api.github.com/users/jack0707/followers",
  "following_url": "https://api.github.com/users/jack0707/following{/other_user}",
  "gists_url": "https://api.github.com/users/jack0707/gists{/gist_id}",
  "starred_url": "https://api.github.com/users/jack0707/starred{/owner}{/repo}",
  "subscriptions_url": "https://api.github.com/users/jack0707/subscriptions",
  "organizations_url": "https://api.github.com/users/jack0707/orgs",
  "repos_url": "https://api.github.com/users/jack0707/repos",
  "events_url": "https://api.github.com/users/jack0707/events{/privacy}",
  "received_events_url": "https://api.github.com/users/jack0707/received_events",
  "type": "User",
  "site_admin": false
}
