{
  "login": "jainthedestroyer",
  "id": 34205918,
  "node_id": "MDQ6VXNlcjM0MjA1OTE4",
  "avatar_url": "https://avatars0.githubusercontent.com/u/34205918?v=4",
  "gravatar_id": "",
  "url": "https://api.github.com/users/jainthedestroyer",
  "html_url": "https://github.com/jainthedestroyer",
  "followers_url": "https://api.github.com/users/jainthedestroyer/followers",
  "following_url": "https://api.github.com/users/jainthedestroyer/following{/other_user}",
  "gists_url": "https://api.github.com/users/jainthedestroyer/gists{/gist_id}",
  "starred_url": "https://api.github.com/users/jainthedestroyer/starred{/owner}{/repo}",
  "subscriptions_url": "https://api.github.com/users/jainthedestroyer/subscriptions",
  "organizations_url": "https://api.github.com/users/jainthedestroyer/orgs",
  "repos_url": "https://api.github.com/users/jainthedestroyer/repos",
  "events_url": "https://api.github.com/users/jainthedestroyer/events{/privacy}",
  "received_events_url": "https://api.github.com/users/jainthedestroyer/received_events",
  "type": "User",
  "site_admin": false
}
