{
  "login": "jamacy",
  "id": 508002,
  "node_id": "MDQ6VXNlcjUwODAwMg==",
  "avatar_url": "https://avatars2.githubusercontent.com/u/508002?v=4",
  "gravatar_id": "",
  "url": "https://api.github.com/users/jamacy",
  "html_url": "https://github.com/jamacy",
  "followers_url": "https://api.github.com/users/jamacy/followers",
  "following_url": "https://api.github.com/users/jamacy/following{/other_user}",
  "gists_url": "https://api.github.com/users/jamacy/gists{/gist_id}",
  "starred_url": "https://api.github.com/users/jamacy/starred{/owner}{/repo}",
  "subscriptions_url": "https://api.github.com/users/jamacy/subscriptions",
  "organizations_url": "https://api.github.com/users/jamacy/orgs",
  "repos_url": "https://api.github.com/users/jamacy/repos",
  "events_url": "https://api.github.com/users/jamacy/events{/privacy}",
  "received_events_url": "https://api.github.com/users/jamacy/received_events",
  "type": "User",
  "site_admin": false
}
