{
  "login": "james-cain",
  "id": 18431775,
  "node_id": "MDQ6VXNlcjE4NDMxNzc1",
  "avatar_url": "https://avatars1.githubusercontent.com/u/18431775?v=4",
  "gravatar_id": "",
  "url": "https://api.github.com/users/james-cain",
  "html_url": "https://github.com/james-cain",
  "followers_url": "https://api.github.com/users/james-cain/followers",
  "following_url": "https://api.github.com/users/james-cain/following{/other_user}",
  "gists_url": "https://api.github.com/users/james-cain/gists{/gist_id}",
  "starred_url": "https://api.github.com/users/james-cain/starred{/owner}{/repo}",
  "subscriptions_url": "https://api.github.com/users/james-cain/subscriptions",
  "organizations_url": "https://api.github.com/users/james-cain/orgs",
  "repos_url": "https://api.github.com/users/james-cain/repos",
  "events_url": "https://api.github.com/users/james-cain/events{/privacy}",
  "received_events_url": "https://api.github.com/users/james-cain/received_events",
  "type": "User",
  "site_admin": false
}
