{
  "login": "jameswenzel",
  "id": 6371847,
  "node_id": "MDQ6VXNlcjYzNzE4NDc=",
  "avatar_url": "https://avatars1.githubusercontent.com/u/6371847?v=4",
  "gravatar_id": "",
  "url": "https://api.github.com/users/jameswenzel",
  "html_url": "https://github.com/jameswenzel",
  "followers_url": "https://api.github.com/users/jameswenzel/followers",
  "following_url": "https://api.github.com/users/jameswenzel/following{/other_user}",
  "gists_url": "https://api.github.com/users/jameswenzel/gists{/gist_id}",
  "starred_url": "https://api.github.com/users/jameswenzel/starred{/owner}{/repo}",
  "subscriptions_url": "https://api.github.com/users/jameswenzel/subscriptions",
  "organizations_url": "https://api.github.com/users/jameswenzel/orgs",
  "repos_url": "https://api.github.com/users/jameswenzel/repos",
  "events_url": "https://api.github.com/users/jameswenzel/events{/privacy}",
  "received_events_url": "https://api.github.com/users/jameswenzel/received_events",
  "type": "User",
  "site_admin": false
}
