{
  "login": "JasonBourneFYH",
  "id": 33542595,
  "node_id": "MDQ6VXNlcjMzNTQyNTk1",
  "avatar_url": "https://avatars3.githubusercontent.com/u/33542595?v=4",
  "gravatar_id": "",
  "url": "https://api.github.com/users/JasonBourneFYH",
  "html_url": "https://github.com/JasonBourneFYH",
  "followers_url": "https://api.github.com/users/JasonBourneFYH/followers",
  "following_url": "https://api.github.com/users/JasonBourneFYH/following{/other_user}",
  "gists_url": "https://api.github.com/users/JasonBourneFYH/gists{/gist_id}",
  "starred_url": "https://api.github.com/users/JasonBourneFYH/starred{/owner}{/repo}",
  "subscriptions_url": "https://api.github.com/users/JasonBourneFYH/subscriptions",
  "organizations_url": "https://api.github.com/users/JasonBourneFYH/orgs",
  "repos_url": "https://api.github.com/users/JasonBourneFYH/repos",
  "events_url": "https://api.github.com/users/JasonBourneFYH/events{/privacy}",
  "received_events_url": "https://api.github.com/users/JasonBourneFYH/received_events",
  "type": "User",
  "site_admin": false
}
