{
  "login": "jayqiyoung",
  "id": 11781695,
  "node_id": "MDQ6VXNlcjExNzgxNjk1",
  "avatar_url": "https://avatars2.githubusercontent.com/u/11781695?v=4",
  "gravatar_id": "",
  "url": "https://api.github.com/users/jayqiyoung",
  "html_url": "https://github.com/jayqiyoung",
  "followers_url": "https://api.github.com/users/jayqiyoung/followers",
  "following_url": "https://api.github.com/users/jayqiyoung/following{/other_user}",
  "gists_url": "https://api.github.com/users/jayqiyoung/gists{/gist_id}",
  "starred_url": "https://api.github.com/users/jayqiyoung/starred{/owner}{/repo}",
  "subscriptions_url": "https://api.github.com/users/jayqiyoung/subscriptions",
  "organizations_url": "https://api.github.com/users/jayqiyoung/orgs",
  "repos_url": "https://api.github.com/users/jayqiyoung/repos",
  "events_url": "https://api.github.com/users/jayqiyoung/events{/privacy}",
  "received_events_url": "https://api.github.com/users/jayqiyoung/received_events",
  "type": "User",
  "site_admin": false
}
