{
  "login": "jeslyvarghese",
  "id": 830606,
  "node_id": "MDQ6VXNlcjgzMDYwNg==",
  "avatar_url": "https://avatars0.githubusercontent.com/u/830606?v=4",
  "gravatar_id": "",
  "url": "https://api.github.com/users/jeslyvarghese",
  "html_url": "https://github.com/jeslyvarghese",
  "followers_url": "https://api.github.com/users/jeslyvarghese/followers",
  "following_url": "https://api.github.com/users/jeslyvarghese/following{/other_user}",
  "gists_url": "https://api.github.com/users/jeslyvarghese/gists{/gist_id}",
  "starred_url": "https://api.github.com/users/jeslyvarghese/starred{/owner}{/repo}",
  "subscriptions_url": "https://api.github.com/users/jeslyvarghese/subscriptions",
  "organizations_url": "https://api.github.com/users/jeslyvarghese/orgs",
  "repos_url": "https://api.github.com/users/jeslyvarghese/repos",
  "events_url": "https://api.github.com/users/jeslyvarghese/events{/privacy}",
  "received_events_url": "https://api.github.com/users/jeslyvarghese/received_events",
  "type": "User",
  "site_admin": false
}
