{
  "login": "jinguoliang",
  "id": 1611550,
  "node_id": "MDQ6VXNlcjE2MTE1NTA=",
  "avatar_url": "https://avatars1.githubusercontent.com/u/1611550?v=4",
  "gravatar_id": "",
  "url": "https://api.github.com/users/jinguoliang",
  "html_url": "https://github.com/jinguoliang",
  "followers_url": "https://api.github.com/users/jinguoliang/followers",
  "following_url": "https://api.github.com/users/jinguoliang/following{/other_user}",
  "gists_url": "https://api.github.com/users/jinguoliang/gists{/gist_id}",
  "starred_url": "https://api.github.com/users/jinguoliang/starred{/owner}{/repo}",
  "subscriptions_url": "https://api.github.com/users/jinguoliang/subscriptions",
  "organizations_url": "https://api.github.com/users/jinguoliang/orgs",
  "repos_url": "https://api.github.com/users/jinguoliang/repos",
  "events_url": "https://api.github.com/users/jinguoliang/events{/privacy}",
  "received_events_url": "https://api.github.com/users/jinguoliang/received_events",
  "type": "User",
  "site_admin": false
}
