{
  "login": "jinq0123",
  "id": 63832,
  "node_id": "MDQ6VXNlcjYzODMy",
  "avatar_url": "https://avatars2.githubusercontent.com/u/63832?v=4",
  "gravatar_id": "",
  "url": "https://api.github.com/users/jinq0123",
  "html_url": "https://github.com/jinq0123",
  "followers_url": "https://api.github.com/users/jinq0123/followers",
  "following_url": "https://api.github.com/users/jinq0123/following{/other_user}",
  "gists_url": "https://api.github.com/users/jinq0123/gists{/gist_id}",
  "starred_url": "https://api.github.com/users/jinq0123/starred{/owner}{/repo}",
  "subscriptions_url": "https://api.github.com/users/jinq0123/subscriptions",
  "organizations_url": "https://api.github.com/users/jinq0123/orgs",
  "repos_url": "https://api.github.com/users/jinq0123/repos",
  "events_url": "https://api.github.com/users/jinq0123/events{/privacy}",
  "received_events_url": "https://api.github.com/users/jinq0123/received_events",
  "type": "User",
  "site_admin": false
}
