{
  "login": "jiuChat",
  "id": 23405474,
  "node_id": "MDQ6VXNlcjIzNDA1NDc0",
  "avatar_url": "https://avatars3.githubusercontent.com/u/23405474?v=4",
  "gravatar_id": "",
  "url": "https://api.github.com/users/jiuChat",
  "html_url": "https://github.com/jiuChat",
  "followers_url": "https://api.github.com/users/jiuChat/followers",
  "following_url": "https://api.github.com/users/jiuChat/following{/other_user}",
  "gists_url": "https://api.github.com/users/jiuChat/gists{/gist_id}",
  "starred_url": "https://api.github.com/users/jiuChat/starred{/owner}{/repo}",
  "subscriptions_url": "https://api.github.com/users/jiuChat/subscriptions",
  "organizations_url": "https://api.github.com/users/jiuChat/orgs",
  "repos_url": "https://api.github.com/users/jiuChat/repos",
  "events_url": "https://api.github.com/users/jiuChat/events{/privacy}",
  "received_events_url": "https://api.github.com/users/jiuChat/received_events",
  "type": "User",
  "site_admin": false
}
