{
  "login": "jmdalmeida",
  "id": 1855079,
  "node_id": "MDQ6VXNlcjE4NTUwNzk=",
  "avatar_url": "https://avatars1.githubusercontent.com/u/1855079?v=4",
  "gravatar_id": "",
  "url": "https://api.github.com/users/jmdalmeida",
  "html_url": "https://github.com/jmdalmeida",
  "followers_url": "https://api.github.com/users/jmdalmeida/followers",
  "following_url": "https://api.github.com/users/jmdalmeida/following{/other_user}",
  "gists_url": "https://api.github.com/users/jmdalmeida/gists{/gist_id}",
  "starred_url": "https://api.github.com/users/jmdalmeida/starred{/owner}{/repo}",
  "subscriptions_url": "https://api.github.com/users/jmdalmeida/subscriptions",
  "organizations_url": "https://api.github.com/users/jmdalmeida/orgs",
  "repos_url": "https://api.github.com/users/jmdalmeida/repos",
  "events_url": "https://api.github.com/users/jmdalmeida/events{/privacy}",
  "received_events_url": "https://api.github.com/users/jmdalmeida/received_events",
  "type": "User",
  "site_admin": false
}
