{
  "login": "joefitzgerald",
  "id": 744740,
  "node_id": "MDQ6VXNlcjc0NDc0MA==",
  "avatar_url": "https://avatars0.githubusercontent.com/u/744740?v=4",
  "gravatar_id": "",
  "url": "https://api.github.com/users/joefitzgerald",
  "html_url": "https://github.com/joefitzgerald",
  "followers_url": "https://api.github.com/users/joefitzgerald/followers",
  "following_url": "https://api.github.com/users/joefitzgerald/following{/other_user}",
  "gists_url": "https://api.github.com/users/joefitzgerald/gists{/gist_id}",
  "starred_url": "https://api.github.com/users/joefitzgerald/starred{/owner}{/repo}",
  "subscriptions_url": "https://api.github.com/users/joefitzgerald/subscriptions",
  "organizations_url": "https://api.github.com/users/joefitzgerald/orgs",
  "repos_url": "https://api.github.com/users/joefitzgerald/repos",
  "events_url": "https://api.github.com/users/joefitzgerald/events{/privacy}",
  "received_events_url": "https://api.github.com/users/joefitzgerald/received_events",
  "type": "User",
  "site_admin": false
}
