{
  "login": "joelanders",
  "id": 1390211,
  "node_id": "MDQ6VXNlcjEzOTAyMTE=",
  "avatar_url": "https://avatars3.githubusercontent.com/u/1390211?v=4",
  "gravatar_id": "",
  "url": "https://api.github.com/users/joelanders",
  "html_url": "https://github.com/joelanders",
  "followers_url": "https://api.github.com/users/joelanders/followers",
  "following_url": "https://api.github.com/users/joelanders/following{/other_user}",
  "gists_url": "https://api.github.com/users/joelanders/gists{/gist_id}",
  "starred_url": "https://api.github.com/users/joelanders/starred{/owner}{/repo}",
  "subscriptions_url": "https://api.github.com/users/joelanders/subscriptions",
  "organizations_url": "https://api.github.com/users/joelanders/orgs",
  "repos_url": "https://api.github.com/users/joelanders/repos",
  "events_url": "https://api.github.com/users/joelanders/events{/privacy}",
  "received_events_url": "https://api.github.com/users/joelanders/received_events",
  "type": "User",
  "site_admin": false
}
