{
  "login": "joelhandwell",
  "id": 3857152,
  "node_id": "MDQ6VXNlcjM4NTcxNTI=",
  "avatar_url": "https://avatars3.githubusercontent.com/u/3857152?v=4",
  "gravatar_id": "",
  "url": "https://api.github.com/users/joelhandwell",
  "html_url": "https://github.com/joelhandwell",
  "followers_url": "https://api.github.com/users/joelhandwell/followers",
  "following_url": "https://api.github.com/users/joelhandwell/following{/other_user}",
  "gists_url": "https://api.github.com/users/joelhandwell/gists{/gist_id}",
  "starred_url": "https://api.github.com/users/joelhandwell/starred{/owner}{/repo}",
  "subscriptions_url": "https://api.github.com/users/joelhandwell/subscriptions",
  "organizations_url": "https://api.github.com/users/joelhandwell/orgs",
  "repos_url": "https://api.github.com/users/joelhandwell/repos",
  "events_url": "https://api.github.com/users/joelhandwell/events{/privacy}",
  "received_events_url": "https://api.github.com/users/joelhandwell/received_events",
  "type": "User",
  "site_admin": false
}
