{
  "login": "johnnyl33",
  "id": 1273199,
  "node_id": "MDQ6VXNlcjEyNzMxOTk=",
  "avatar_url": "https://avatars1.githubusercontent.com/u/1273199?v=4",
  "gravatar_id": "",
  "url": "https://api.github.com/users/johnnyl33",
  "html_url": "https://github.com/johnnyl33",
  "followers_url": "https://api.github.com/users/johnnyl33/followers",
  "following_url": "https://api.github.com/users/johnnyl33/following{/other_user}",
  "gists_url": "https://api.github.com/users/johnnyl33/gists{/gist_id}",
  "starred_url": "https://api.github.com/users/johnnyl33/starred{/owner}{/repo}",
  "subscriptions_url": "https://api.github.com/users/johnnyl33/subscriptions",
  "organizations_url": "https://api.github.com/users/johnnyl33/orgs",
  "repos_url": "https://api.github.com/users/johnnyl33/repos",
  "events_url": "https://api.github.com/users/johnnyl33/events{/privacy}",
  "received_events_url": "https://api.github.com/users/johnnyl33/received_events",
  "type": "User",
  "site_admin": false
}
