{
  "login": "jrdev9",
  "id": 7666799,
  "node_id": "MDQ6VXNlcjc2NjY3OTk=",
  "avatar_url": "https://avatars1.githubusercontent.com/u/7666799?v=4",
  "gravatar_id": "",
  "url": "https://api.github.com/users/jrdev9",
  "html_url": "https://github.com/jrdev9",
  "followers_url": "https://api.github.com/users/jrdev9/followers",
  "following_url": "https://api.github.com/users/jrdev9/following{/other_user}",
  "gists_url": "https://api.github.com/users/jrdev9/gists{/gist_id}",
  "starred_url": "https://api.github.com/users/jrdev9/starred{/owner}{/repo}",
  "subscriptions_url": "https://api.github.com/users/jrdev9/subscriptions",
  "organizations_url": "https://api.github.com/users/jrdev9/orgs",
  "repos_url": "https://api.github.com/users/jrdev9/repos",
  "events_url": "https://api.github.com/users/jrdev9/events{/privacy}",
  "received_events_url": "https://api.github.com/users/jrdev9/received_events",
  "type": "User",
  "site_admin": false
}
