{
  "login": "Justorganiclove",
  "id": 15303930,
  "node_id": "MDQ6VXNlcjE1MzAzOTMw",
  "avatar_url": "https://avatars0.githubusercontent.com/u/15303930?v=4",
  "gravatar_id": "",
  "url": "https://api.github.com/users/Justorganiclove",
  "html_url": "https://github.com/Justorganiclove",
  "followers_url": "https://api.github.com/users/Justorganiclove/followers",
  "following_url": "https://api.github.com/users/Justorganiclove/following{/other_user}",
  "gists_url": "https://api.github.com/users/Justorganiclove/gists{/gist_id}",
  "starred_url": "https://api.github.com/users/Justorganiclove/starred{/owner}{/repo}",
  "subscriptions_url": "https://api.github.com/users/Justorganiclove/subscriptions",
  "organizations_url": "https://api.github.com/users/Justorganiclove/orgs",
  "repos_url": "https://api.github.com/users/Justorganiclove/repos",
  "events_url": "https://api.github.com/users/Justorganiclove/events{/privacy}",
  "received_events_url": "https://api.github.com/users/Justorganiclove/received_events",
  "type": "User",
  "site_admin": false
}
