{
  "login": "k-kurikuri",
  "id": 5502629,
  "node_id": "MDQ6VXNlcjU1MDI2Mjk=",
  "avatar_url": "https://avatars0.githubusercontent.com/u/5502629?v=4",
  "gravatar_id": "",
  "url": "https://api.github.com/users/k-kurikuri",
  "html_url": "https://github.com/k-kurikuri",
  "followers_url": "https://api.github.com/users/k-kurikuri/followers",
  "following_url": "https://api.github.com/users/k-kurikuri/following{/other_user}",
  "gists_url": "https://api.github.com/users/k-kurikuri/gists{/gist_id}",
  "starred_url": "https://api.github.com/users/k-kurikuri/starred{/owner}{/repo}",
  "subscriptions_url": "https://api.github.com/users/k-kurikuri/subscriptions",
  "organizations_url": "https://api.github.com/users/k-kurikuri/orgs",
  "repos_url": "https://api.github.com/users/k-kurikuri/repos",
  "events_url": "https://api.github.com/users/k-kurikuri/events{/privacy}",
  "received_events_url": "https://api.github.com/users/k-kurikuri/received_events",
  "type": "User",
  "site_admin": false
}
