{
  "login": "k33nice",
  "id": 7413677,
  "node_id": "MDQ6VXNlcjc0MTM2Nzc=",
  "avatar_url": "https://avatars0.githubusercontent.com/u/7413677?v=4",
  "gravatar_id": "",
  "url": "https://api.github.com/users/k33nice",
  "html_url": "https://github.com/k33nice",
  "followers_url": "https://api.github.com/users/k33nice/followers",
  "following_url": "https://api.github.com/users/k33nice/following{/other_user}",
  "gists_url": "https://api.github.com/users/k33nice/gists{/gist_id}",
  "starred_url": "https://api.github.com/users/k33nice/starred{/owner}{/repo}",
  "subscriptions_url": "https://api.github.com/users/k33nice/subscriptions",
  "organizations_url": "https://api.github.com/users/k33nice/orgs",
  "repos_url": "https://api.github.com/users/k33nice/repos",
  "events_url": "https://api.github.com/users/k33nice/events{/privacy}",
  "received_events_url": "https://api.github.com/users/k33nice/received_events",
  "type": "User",
  "site_admin": false
}
