{
  "login": "kaaninan",
  "id": 4940927,
  "node_id": "MDQ6VXNlcjQ5NDA5Mjc=",
  "avatar_url": "https://avatars3.githubusercontent.com/u/4940927?v=4",
  "gravatar_id": "",
  "url": "https://api.github.com/users/kaaninan",
  "html_url": "https://github.com/kaaninan",
  "followers_url": "https://api.github.com/users/kaaninan/followers",
  "following_url": "https://api.github.com/users/kaaninan/following{/other_user}",
  "gists_url": "https://api.github.com/users/kaaninan/gists{/gist_id}",
  "starred_url": "https://api.github.com/users/kaaninan/starred{/owner}{/repo}",
  "subscriptions_url": "https://api.github.com/users/kaaninan/subscriptions",
  "organizations_url": "https://api.github.com/users/kaaninan/orgs",
  "repos_url": "https://api.github.com/users/kaaninan/repos",
  "events_url": "https://api.github.com/users/kaaninan/events{/privacy}",
  "received_events_url": "https://api.github.com/users/kaaninan/received_events",
  "type": "User",
  "site_admin": false
}
