{
  "login": "kaanmolla",
  "id": 2236600,
  "node_id": "MDQ6VXNlcjIyMzY2MDA=",
  "avatar_url": "https://avatars3.githubusercontent.com/u/2236600?v=4",
  "gravatar_id": "",
  "url": "https://api.github.com/users/kaanmolla",
  "html_url": "https://github.com/kaanmolla",
  "followers_url": "https://api.github.com/users/kaanmolla/followers",
  "following_url": "https://api.github.com/users/kaanmolla/following{/other_user}",
  "gists_url": "https://api.github.com/users/kaanmolla/gists{/gist_id}",
  "starred_url": "https://api.github.com/users/kaanmolla/starred{/owner}{/repo}",
  "subscriptions_url": "https://api.github.com/users/kaanmolla/subscriptions",
  "organizations_url": "https://api.github.com/users/kaanmolla/orgs",
  "repos_url": "https://api.github.com/users/kaanmolla/repos",
  "events_url": "https://api.github.com/users/kaanmolla/events{/privacy}",
  "received_events_url": "https://api.github.com/users/kaanmolla/received_events",
  "type": "User",
  "site_admin": false
}
