{
  "login": "kaganbeken",
  "id": 16050117,
  "node_id": "MDQ6VXNlcjE2MDUwMTE3",
  "avatar_url": "https://avatars2.githubusercontent.com/u/16050117?v=4",
  "gravatar_id": "",
  "url": "https://api.github.com/users/kaganbeken",
  "html_url": "https://github.com/kaganbeken",
  "followers_url": "https://api.github.com/users/kaganbeken/followers",
  "following_url": "https://api.github.com/users/kaganbeken/following{/other_user}",
  "gists_url": "https://api.github.com/users/kaganbeken/gists{/gist_id}",
  "starred_url": "https://api.github.com/users/kaganbeken/starred{/owner}{/repo}",
  "subscriptions_url": "https://api.github.com/users/kaganbeken/subscriptions",
  "organizations_url": "https://api.github.com/users/kaganbeken/orgs",
  "repos_url": "https://api.github.com/users/kaganbeken/repos",
  "events_url": "https://api.github.com/users/kaganbeken/events{/privacy}",
  "received_events_url": "https://api.github.com/users/kaganbeken/received_events",
  "type": "User",
  "site_admin": false
}
