{
  "login": "kajanth",
  "id": 4522333,
  "node_id": "MDQ6VXNlcjQ1MjIzMzM=",
  "avatar_url": "https://avatars1.githubusercontent.com/u/4522333?v=4",
  "gravatar_id": "",
  "url": "https://api.github.com/users/kajanth",
  "html_url": "https://github.com/kajanth",
  "followers_url": "https://api.github.com/users/kajanth/followers",
  "following_url": "https://api.github.com/users/kajanth/following{/other_user}",
  "gists_url": "https://api.github.com/users/kajanth/gists{/gist_id}",
  "starred_url": "https://api.github.com/users/kajanth/starred{/owner}{/repo}",
  "subscriptions_url": "https://api.github.com/users/kajanth/subscriptions",
  "organizations_url": "https://api.github.com/users/kajanth/orgs",
  "repos_url": "https://api.github.com/users/kajanth/repos",
  "events_url": "https://api.github.com/users/kajanth/events{/privacy}",
  "received_events_url": "https://api.github.com/users/kajanth/received_events",
  "type": "User",
  "site_admin": false
}
