{
  "login": "kakkoyun",
  "id": 536449,
  "node_id": "MDQ6VXNlcjUzNjQ0OQ==",
  "avatar_url": "https://avatars1.githubusercontent.com/u/536449?v=4",
  "gravatar_id": "",
  "url": "https://api.github.com/users/kakkoyun",
  "html_url": "https://github.com/kakkoyun",
  "followers_url": "https://api.github.com/users/kakkoyun/followers",
  "following_url": "https://api.github.com/users/kakkoyun/following{/other_user}",
  "gists_url": "https://api.github.com/users/kakkoyun/gists{/gist_id}",
  "starred_url": "https://api.github.com/users/kakkoyun/starred{/owner}{/repo}",
  "subscriptions_url": "https://api.github.com/users/kakkoyun/subscriptions",
  "organizations_url": "https://api.github.com/users/kakkoyun/orgs",
  "repos_url": "https://api.github.com/users/kakkoyun/repos",
  "events_url": "https://api.github.com/users/kakkoyun/events{/privacy}",
  "received_events_url": "https://api.github.com/users/kakkoyun/received_events",
  "type": "User",
  "site_admin": false
}
