{
  "login": "kaleworsley",
  "id": 164566,
  "node_id": "MDQ6VXNlcjE2NDU2Ng==",
  "avatar_url": "https://avatars3.githubusercontent.com/u/164566?v=4",
  "gravatar_id": "",
  "url": "https://api.github.com/users/kaleworsley",
  "html_url": "https://github.com/kaleworsley",
  "followers_url": "https://api.github.com/users/kaleworsley/followers",
  "following_url": "https://api.github.com/users/kaleworsley/following{/other_user}",
  "gists_url": "https://api.github.com/users/kaleworsley/gists{/gist_id}",
  "starred_url": "https://api.github.com/users/kaleworsley/starred{/owner}{/repo}",
  "subscriptions_url": "https://api.github.com/users/kaleworsley/subscriptions",
  "organizations_url": "https://api.github.com/users/kaleworsley/orgs",
  "repos_url": "https://api.github.com/users/kaleworsley/repos",
  "events_url": "https://api.github.com/users/kaleworsley/events{/privacy}",
  "received_events_url": "https://api.github.com/users/kaleworsley/received_events",
  "type": "User",
  "site_admin": false
}
