{
  "login": "kamathhrishi",
  "id": 5621393,
  "node_id": "MDQ6VXNlcjU2MjEzOTM=",
  "avatar_url": "https://avatars3.githubusercontent.com/u/5621393?v=4",
  "gravatar_id": "",
  "url": "https://api.github.com/users/kamathhrishi",
  "html_url": "https://github.com/kamathhrishi",
  "followers_url": "https://api.github.com/users/kamathhrishi/followers",
  "following_url": "https://api.github.com/users/kamathhrishi/following{/other_user}",
  "gists_url": "https://api.github.com/users/kamathhrishi/gists{/gist_id}",
  "starred_url": "https://api.github.com/users/kamathhrishi/starred{/owner}{/repo}",
  "subscriptions_url": "https://api.github.com/users/kamathhrishi/subscriptions",
  "organizations_url": "https://api.github.com/users/kamathhrishi/orgs",
  "repos_url": "https://api.github.com/users/kamathhrishi/repos",
  "events_url": "https://api.github.com/users/kamathhrishi/events{/privacy}",
  "received_events_url": "https://api.github.com/users/kamathhrishi/received_events",
  "type": "User",
  "site_admin": false
}
