{
  "login": "karthik-singaravelan",
  "id": 13433500,
  "node_id": "MDQ6VXNlcjEzNDMzNTAw",
  "avatar_url": "https://avatars1.githubusercontent.com/u/13433500?v=4",
  "gravatar_id": "",
  "url": "https://api.github.com/users/karthik-singaravelan",
  "html_url": "https://github.com/karthik-singaravelan",
  "followers_url": "https://api.github.com/users/karthik-singaravelan/followers",
  "following_url": "https://api.github.com/users/karthik-singaravelan/following{/other_user}",
  "gists_url": "https://api.github.com/users/karthik-singaravelan/gists{/gist_id}",
  "starred_url": "https://api.github.com/users/karthik-singaravelan/starred{/owner}{/repo}",
  "subscriptions_url": "https://api.github.com/users/karthik-singaravelan/subscriptions",
  "organizations_url": "https://api.github.com/users/karthik-singaravelan/orgs",
  "repos_url": "https://api.github.com/users/karthik-singaravelan/repos",
  "events_url": "https://api.github.com/users/karthik-singaravelan/events{/privacy}",
  "received_events_url": "https://api.github.com/users/karthik-singaravelan/received_events",
  "type": "User",
  "site_admin": false
}
