{
  "login": "kawsar005",
  "id": 30722803,
  "node_id": "MDQ6VXNlcjMwNzIyODAz",
  "avatar_url": "https://avatars1.githubusercontent.com/u/30722803?v=4",
  "gravatar_id": "",
  "url": "https://api.github.com/users/kawsar005",
  "html_url": "https://github.com/kawsar005",
  "followers_url": "https://api.github.com/users/kawsar005/followers",
  "following_url": "https://api.github.com/users/kawsar005/following{/other_user}",
  "gists_url": "https://api.github.com/users/kawsar005/gists{/gist_id}",
  "starred_url": "https://api.github.com/users/kawsar005/starred{/owner}{/repo}",
  "subscriptions_url": "https://api.github.com/users/kawsar005/subscriptions",
  "organizations_url": "https://api.github.com/users/kawsar005/orgs",
  "repos_url": "https://api.github.com/users/kawsar005/repos",
  "events_url": "https://api.github.com/users/kawsar005/events{/privacy}",
  "received_events_url": "https://api.github.com/users/kawsar005/received_events",
  "type": "User",
  "site_admin": false
}
