{
  "login": "keonjeo",
  "id": 6118770,
  "node_id": "MDQ6VXNlcjYxMTg3NzA=",
  "avatar_url": "https://avatars2.githubusercontent.com/u/6118770?v=4",
  "gravatar_id": "",
  "url": "https://api.github.com/users/keonjeo",
  "html_url": "https://github.com/keonjeo",
  "followers_url": "https://api.github.com/users/keonjeo/followers",
  "following_url": "https://api.github.com/users/keonjeo/following{/other_user}",
  "gists_url": "https://api.github.com/users/keonjeo/gists{/gist_id}",
  "starred_url": "https://api.github.com/users/keonjeo/starred{/owner}{/repo}",
  "subscriptions_url": "https://api.github.com/users/keonjeo/subscriptions",
  "organizations_url": "https://api.github.com/users/keonjeo/orgs",
  "repos_url": "https://api.github.com/users/keonjeo/repos",
  "events_url": "https://api.github.com/users/keonjeo/events{/privacy}",
  "received_events_url": "https://api.github.com/users/keonjeo/received_events",
  "type": "User",
  "site_admin": false
}
