{
  "login": "KerimAkici",
  "id": 5981615,
  "node_id": "MDQ6VXNlcjU5ODE2MTU=",
  "avatar_url": "https://avatars2.githubusercontent.com/u/5981615?v=4",
  "gravatar_id": "",
  "url": "https://api.github.com/users/KerimAkici",
  "html_url": "https://github.com/KerimAkici",
  "followers_url": "https://api.github.com/users/KerimAkici/followers",
  "following_url": "https://api.github.com/users/KerimAkici/following{/other_user}",
  "gists_url": "https://api.github.com/users/KerimAkici/gists{/gist_id}",
  "starred_url": "https://api.github.com/users/KerimAkici/starred{/owner}{/repo}",
  "subscriptions_url": "https://api.github.com/users/KerimAkici/subscriptions",
  "organizations_url": "https://api.github.com/users/KerimAkici/orgs",
  "repos_url": "https://api.github.com/users/KerimAkici/repos",
  "events_url": "https://api.github.com/users/KerimAkici/events{/privacy}",
  "received_events_url": "https://api.github.com/users/KerimAkici/received_events",
  "type": "User",
  "site_admin": false
}
