{
  "login": "KevinHock",
  "id": 3076393,
  "node_id": "MDQ6VXNlcjMwNzYzOTM=",
  "avatar_url": "https://avatars1.githubusercontent.com/u/3076393?v=4",
  "gravatar_id": "",
  "url": "https://api.github.com/users/KevinHock",
  "html_url": "https://github.com/KevinHock",
  "followers_url": "https://api.github.com/users/KevinHock/followers",
  "following_url": "https://api.github.com/users/KevinHock/following{/other_user}",
  "gists_url": "https://api.github.com/users/KevinHock/gists{/gist_id}",
  "starred_url": "https://api.github.com/users/KevinHock/starred{/owner}{/repo}",
  "subscriptions_url": "https://api.github.com/users/KevinHock/subscriptions",
  "organizations_url": "https://api.github.com/users/KevinHock/orgs",
  "repos_url": "https://api.github.com/users/KevinHock/repos",
  "events_url": "https://api.github.com/users/KevinHock/events{/privacy}",
  "received_events_url": "https://api.github.com/users/KevinHock/received_events",
  "type": "User",
  "site_admin": false
}
