{
  "login": "khabai",
  "id": 22563310,
  "node_id": "MDQ6VXNlcjIyNTYzMzEw",
  "avatar_url": "https://avatars3.githubusercontent.com/u/22563310?v=4",
  "gravatar_id": "",
  "url": "https://api.github.com/users/khabai",
  "html_url": "https://github.com/khabai",
  "followers_url": "https://api.github.com/users/khabai/followers",
  "following_url": "https://api.github.com/users/khabai/following{/other_user}",
  "gists_url": "https://api.github.com/users/khabai/gists{/gist_id}",
  "starred_url": "https://api.github.com/users/khabai/starred{/owner}{/repo}",
  "subscriptions_url": "https://api.github.com/users/khabai/subscriptions",
  "organizations_url": "https://api.github.com/users/khabai/orgs",
  "repos_url": "https://api.github.com/users/khabai/repos",
  "events_url": "https://api.github.com/users/khabai/events{/privacy}",
  "received_events_url": "https://api.github.com/users/khabai/received_events",
  "type": "User",
  "site_admin": false
}
