{
  "login": "KInGATiLLa",
  "id": 17881842,
  "node_id": "MDQ6VXNlcjE3ODgxODQy",
  "avatar_url": "https://avatars3.githubusercontent.com/u/17881842?v=4",
  "gravatar_id": "",
  "url": "https://api.github.com/users/KInGATiLLa",
  "html_url": "https://github.com/KInGATiLLa",
  "followers_url": "https://api.github.com/users/KInGATiLLa/followers",
  "following_url": "https://api.github.com/users/KInGATiLLa/following{/other_user}",
  "gists_url": "https://api.github.com/users/KInGATiLLa/gists{/gist_id}",
  "starred_url": "https://api.github.com/users/KInGATiLLa/starred{/owner}{/repo}",
  "subscriptions_url": "https://api.github.com/users/KInGATiLLa/subscriptions",
  "organizations_url": "https://api.github.com/users/KInGATiLLa/orgs",
  "repos_url": "https://api.github.com/users/KInGATiLLa/repos",
  "events_url": "https://api.github.com/users/KInGATiLLa/events{/privacy}",
  "received_events_url": "https://api.github.com/users/KInGATiLLa/received_events",
  "type": "User",
  "site_admin": false
}
