{
  "login": "kumar9600",
  "id": 37571772,
  "node_id": "MDQ6VXNlcjM3NTcxNzcy",
  "avatar_url": "https://avatars2.githubusercontent.com/u/37571772?v=4",
  "gravatar_id": "",
  "url": "https://api.github.com/users/kumar9600",
  "html_url": "https://github.com/kumar9600",
  "followers_url": "https://api.github.com/users/kumar9600/followers",
  "following_url": "https://api.github.com/users/kumar9600/following{/other_user}",
  "gists_url": "https://api.github.com/users/kumar9600/gists{/gist_id}",
  "starred_url": "https://api.github.com/users/kumar9600/starred{/owner}{/repo}",
  "subscriptions_url": "https://api.github.com/users/kumar9600/subscriptions",
  "organizations_url": "https://api.github.com/users/kumar9600/orgs",
  "repos_url": "https://api.github.com/users/kumar9600/repos",
  "events_url": "https://api.github.com/users/kumar9600/events{/privacy}",
  "received_events_url": "https://api.github.com/users/kumar9600/received_events",
  "type": "User",
  "site_admin": false
}
