{
  "login": "Kururu-Q",
  "id": 32212307,
  "node_id": "MDQ6VXNlcjMyMjEyMzA3",
  "avatar_url": "https://avatars3.githubusercontent.com/u/32212307?v=4",
  "gravatar_id": "",
  "url": "https://api.github.com/users/Kururu-Q",
  "html_url": "https://github.com/Kururu-Q",
  "followers_url": "https://api.github.com/users/Kururu-Q/followers",
  "following_url": "https://api.github.com/users/Kururu-Q/following{/other_user}",
  "gists_url": "https://api.github.com/users/Kururu-Q/gists{/gist_id}",
  "starred_url": "https://api.github.com/users/Kururu-Q/starred{/owner}{/repo}",
  "subscriptions_url": "https://api.github.com/users/Kururu-Q/subscriptions",
  "organizations_url": "https://api.github.com/users/Kururu-Q/orgs",
  "repos_url": "https://api.github.com/users/Kururu-Q/repos",
  "events_url": "https://api.github.com/users/Kururu-Q/events{/privacy}",
  "received_events_url": "https://api.github.com/users/Kururu-Q/received_events",
  "type": "User",
  "site_admin": false
}
