{
  "login": "lablist",
  "id": 11458293,
  "node_id": "MDQ6VXNlcjExNDU4Mjkz",
  "avatar_url": "https://avatars2.githubusercontent.com/u/11458293?v=4",
  "gravatar_id": "",
  "url": "https://api.github.com/users/lablist",
  "html_url": "https://github.com/lablist",
  "followers_url": "https://api.github.com/users/lablist/followers",
  "following_url": "https://api.github.com/users/lablist/following{/other_user}",
  "gists_url": "https://api.github.com/users/lablist/gists{/gist_id}",
  "starred_url": "https://api.github.com/users/lablist/starred{/owner}{/repo}",
  "subscriptions_url": "https://api.github.com/users/lablist/subscriptions",
  "organizations_url": "https://api.github.com/users/lablist/orgs",
  "repos_url": "https://api.github.com/users/lablist/repos",
  "events_url": "https://api.github.com/users/lablist/events{/privacy}",
  "received_events_url": "https://api.github.com/users/lablist/received_events",
  "type": "User",
  "site_admin": false
}
