{
  "login": "Lambert89",
  "id": 720227,
  "node_id": "MDQ6VXNlcjcyMDIyNw==",
  "avatar_url": "https://avatars2.githubusercontent.com/u/720227?v=4",
  "gravatar_id": "",
  "url": "https://api.github.com/users/Lambert89",
  "html_url": "https://github.com/Lambert89",
  "followers_url": "https://api.github.com/users/Lambert89/followers",
  "following_url": "https://api.github.com/users/Lambert89/following{/other_user}",
  "gists_url": "https://api.github.com/users/Lambert89/gists{/gist_id}",
  "starred_url": "https://api.github.com/users/Lambert89/starred{/owner}{/repo}",
  "subscriptions_url": "https://api.github.com/users/Lambert89/subscriptions",
  "organizations_url": "https://api.github.com/users/Lambert89/orgs",
  "repos_url": "https://api.github.com/users/Lambert89/repos",
  "events_url": "https://api.github.com/users/Lambert89/events{/privacy}",
  "received_events_url": "https://api.github.com/users/Lambert89/received_events",
  "type": "User",
  "site_admin": false
}
