{
  "login": "Lamelias",
  "id": 8624231,
  "node_id": "MDQ6VXNlcjg2MjQyMzE=",
  "avatar_url": "https://avatars2.githubusercontent.com/u/8624231?v=4",
  "gravatar_id": "",
  "url": "https://api.github.com/users/Lamelias",
  "html_url": "https://github.com/Lamelias",
  "followers_url": "https://api.github.com/users/Lamelias/followers",
  "following_url": "https://api.github.com/users/Lamelias/following{/other_user}",
  "gists_url": "https://api.github.com/users/Lamelias/gists{/gist_id}",
  "starred_url": "https://api.github.com/users/Lamelias/starred{/owner}{/repo}",
  "subscriptions_url": "https://api.github.com/users/Lamelias/subscriptions",
  "organizations_url": "https://api.github.com/users/Lamelias/orgs",
  "repos_url": "https://api.github.com/users/Lamelias/repos",
  "events_url": "https://api.github.com/users/Lamelias/events{/privacy}",
  "received_events_url": "https://api.github.com/users/Lamelias/received_events",
  "type": "User",
  "site_admin": false
}
