{
  "login": "LAtanassov",
  "id": 5090458,
  "node_id": "MDQ6VXNlcjUwOTA0NTg=",
  "avatar_url": "https://avatars3.githubusercontent.com/u/5090458?v=4",
  "gravatar_id": "",
  "url": "https://api.github.com/users/LAtanassov",
  "html_url": "https://github.com/LAtanassov",
  "followers_url": "https://api.github.com/users/LAtanassov/followers",
  "following_url": "https://api.github.com/users/LAtanassov/following{/other_user}",
  "gists_url": "https://api.github.com/users/LAtanassov/gists{/gist_id}",
  "starred_url": "https://api.github.com/users/LAtanassov/starred{/owner}{/repo}",
  "subscriptions_url": "https://api.github.com/users/LAtanassov/subscriptions",
  "organizations_url": "https://api.github.com/users/LAtanassov/orgs",
  "repos_url": "https://api.github.com/users/LAtanassov/repos",
  "events_url": "https://api.github.com/users/LAtanassov/events{/privacy}",
  "received_events_url": "https://api.github.com/users/LAtanassov/received_events",
  "type": "User",
  "site_admin": false
}
