{
  "login": "leeight",
  "id": 104052,
  "node_id": "MDQ6VXNlcjEwNDA1Mg==",
  "avatar_url": "https://avatars0.githubusercontent.com/u/104052?v=4",
  "gravatar_id": "",
  "url": "https://api.github.com/users/leeight",
  "html_url": "https://github.com/leeight",
  "followers_url": "https://api.github.com/users/leeight/followers",
  "following_url": "https://api.github.com/users/leeight/following{/other_user}",
  "gists_url": "https://api.github.com/users/leeight/gists{/gist_id}",
  "starred_url": "https://api.github.com/users/leeight/starred{/owner}{/repo}",
  "subscriptions_url": "https://api.github.com/users/leeight/subscriptions",
  "organizations_url": "https://api.github.com/users/leeight/orgs",
  "repos_url": "https://api.github.com/users/leeight/repos",
  "events_url": "https://api.github.com/users/leeight/events{/privacy}",
  "received_events_url": "https://api.github.com/users/leeight/received_events",
  "type": "User",
  "site_admin": false
}
