{
  "login": "leepro",
  "id": 101293,
  "node_id": "MDQ6VXNlcjEwMTI5Mw==",
  "avatar_url": "https://avatars2.githubusercontent.com/u/101293?v=4",
  "gravatar_id": "",
  "url": "https://api.github.com/users/leepro",
  "html_url": "https://github.com/leepro",
  "followers_url": "https://api.github.com/users/leepro/followers",
  "following_url": "https://api.github.com/users/leepro/following{/other_user}",
  "gists_url": "https://api.github.com/users/leepro/gists{/gist_id}",
  "starred_url": "https://api.github.com/users/leepro/starred{/owner}{/repo}",
  "subscriptions_url": "https://api.github.com/users/leepro/subscriptions",
  "organizations_url": "https://api.github.com/users/leepro/orgs",
  "repos_url": "https://api.github.com/users/leepro/repos",
  "events_url": "https://api.github.com/users/leepro/events{/privacy}",
  "received_events_url": "https://api.github.com/users/leepro/received_events",
  "type": "User",
  "site_admin": false
}
