{
  "login": "Leetsong",
  "id": 14104191,
  "node_id": "MDQ6VXNlcjE0MTA0MTkx",
  "avatar_url": "https://avatars1.githubusercontent.com/u/14104191?v=4",
  "gravatar_id": "",
  "url": "https://api.github.com/users/Leetsong",
  "html_url": "https://github.com/Leetsong",
  "followers_url": "https://api.github.com/users/Leetsong/followers",
  "following_url": "https://api.github.com/users/Leetsong/following{/other_user}",
  "gists_url": "https://api.github.com/users/Leetsong/gists{/gist_id}",
  "starred_url": "https://api.github.com/users/Leetsong/starred{/owner}{/repo}",
  "subscriptions_url": "https://api.github.com/users/Leetsong/subscriptions",
  "organizations_url": "https://api.github.com/users/Leetsong/orgs",
  "repos_url": "https://api.github.com/users/Leetsong/repos",
  "events_url": "https://api.github.com/users/Leetsong/events{/privacy}",
  "received_events_url": "https://api.github.com/users/Leetsong/received_events",
  "type": "User",
  "site_admin": false
}
