{
  "login": "leeychee",
  "id": 3809372,
  "node_id": "MDQ6VXNlcjM4MDkzNzI=",
  "avatar_url": "https://avatars0.githubusercontent.com/u/3809372?v=4",
  "gravatar_id": "",
  "url": "https://api.github.com/users/leeychee",
  "html_url": "https://github.com/leeychee",
  "followers_url": "https://api.github.com/users/leeychee/followers",
  "following_url": "https://api.github.com/users/leeychee/following{/other_user}",
  "gists_url": "https://api.github.com/users/leeychee/gists{/gist_id}",
  "starred_url": "https://api.github.com/users/leeychee/starred{/owner}{/repo}",
  "subscriptions_url": "https://api.github.com/users/leeychee/subscriptions",
  "organizations_url": "https://api.github.com/users/leeychee/orgs",
  "repos_url": "https://api.github.com/users/leeychee/repos",
  "events_url": "https://api.github.com/users/leeychee/events{/privacy}",
  "received_events_url": "https://api.github.com/users/leeychee/received_events",
  "type": "User",
  "site_admin": false
}
