{
  "login": "lenisha",
  "id": 6332907,
  "node_id": "MDQ6VXNlcjYzMzI5MDc=",
  "avatar_url": "https://avatars0.githubusercontent.com/u/6332907?v=4",
  "gravatar_id": "",
  "url": "https://api.github.com/users/lenisha",
  "html_url": "https://github.com/lenisha",
  "followers_url": "https://api.github.com/users/lenisha/followers",
  "following_url": "https://api.github.com/users/lenisha/following{/other_user}",
  "gists_url": "https://api.github.com/users/lenisha/gists{/gist_id}",
  "starred_url": "https://api.github.com/users/lenisha/starred{/owner}{/repo}",
  "subscriptions_url": "https://api.github.com/users/lenisha/subscriptions",
  "organizations_url": "https://api.github.com/users/lenisha/orgs",
  "repos_url": "https://api.github.com/users/lenisha/repos",
  "events_url": "https://api.github.com/users/lenisha/events{/privacy}",
  "received_events_url": "https://api.github.com/users/lenisha/received_events",
  "type": "User",
  "site_admin": false
}
