{
  "login": "LilliJane",
  "id": 7657393,
  "node_id": "MDQ6VXNlcjc2NTczOTM=",
  "avatar_url": "https://avatars0.githubusercontent.com/u/7657393?v=4",
  "gravatar_id": "",
  "url": "https://api.github.com/users/LilliJane",
  "html_url": "https://github.com/LilliJane",
  "followers_url": "https://api.github.com/users/LilliJane/followers",
  "following_url": "https://api.github.com/users/LilliJane/following{/other_user}",
  "gists_url": "https://api.github.com/users/LilliJane/gists{/gist_id}",
  "starred_url": "https://api.github.com/users/LilliJane/starred{/owner}{/repo}",
  "subscriptions_url": "https://api.github.com/users/LilliJane/subscriptions",
  "organizations_url": "https://api.github.com/users/LilliJane/orgs",
  "repos_url": "https://api.github.com/users/LilliJane/repos",
  "events_url": "https://api.github.com/users/LilliJane/events{/privacy}",
  "received_events_url": "https://api.github.com/users/LilliJane/received_events",
  "type": "User",
  "site_admin": false
}
