{
  "login": "linkerlin",
  "id": 37062,
  "node_id": "MDQ6VXNlcjM3MDYy",
  "avatar_url": "https://avatars3.githubusercontent.com/u/37062?v=4",
  "gravatar_id": "",
  "url": "https://api.github.com/users/linkerlin",
  "html_url": "https://github.com/linkerlin",
  "followers_url": "https://api.github.com/users/linkerlin/followers",
  "following_url": "https://api.github.com/users/linkerlin/following{/other_user}",
  "gists_url": "https://api.github.com/users/linkerlin/gists{/gist_id}",
  "starred_url": "https://api.github.com/users/linkerlin/starred{/owner}{/repo}",
  "subscriptions_url": "https://api.github.com/users/linkerlin/subscriptions",
  "organizations_url": "https://api.github.com/users/linkerlin/orgs",
  "repos_url": "https://api.github.com/users/linkerlin/repos",
  "events_url": "https://api.github.com/users/linkerlin/events{/privacy}",
  "received_events_url": "https://api.github.com/users/linkerlin/received_events",
  "type": "User",
  "site_admin": false
}
