{
  "login": "liuguofeng719",
  "id": 2133932,
  "node_id": "MDQ6VXNlcjIxMzM5MzI=",
  "avatar_url": "https://avatars3.githubusercontent.com/u/2133932?v=4",
  "gravatar_id": "",
  "url": "https://api.github.com/users/liuguofeng719",
  "html_url": "https://github.com/liuguofeng719",
  "followers_url": "https://api.github.com/users/liuguofeng719/followers",
  "following_url": "https://api.github.com/users/liuguofeng719/following{/other_user}",
  "gists_url": "https://api.github.com/users/liuguofeng719/gists{/gist_id}",
  "starred_url": "https://api.github.com/users/liuguofeng719/starred{/owner}{/repo}",
  "subscriptions_url": "https://api.github.com/users/liuguofeng719/subscriptions",
  "organizations_url": "https://api.github.com/users/liuguofeng719/orgs",
  "repos_url": "https://api.github.com/users/liuguofeng719/repos",
  "events_url": "https://api.github.com/users/liuguofeng719/events{/privacy}",
  "received_events_url": "https://api.github.com/users/liuguofeng719/received_events",
  "type": "User",
  "site_admin": false
}
