{
  "login": "lming",
  "id": 618857,
  "node_id": "MDQ6VXNlcjYxODg1Nw==",
  "avatar_url": "https://avatars2.githubusercontent.com/u/618857?v=4",
  "gravatar_id": "",
  "url": "https://api.github.com/users/lming",
  "html_url": "https://github.com/lming",
  "followers_url": "https://api.github.com/users/lming/followers",
  "following_url": "https://api.github.com/users/lming/following{/other_user}",
  "gists_url": "https://api.github.com/users/lming/gists{/gist_id}",
  "starred_url": "https://api.github.com/users/lming/starred{/owner}{/repo}",
  "subscriptions_url": "https://api.github.com/users/lming/subscriptions",
  "organizations_url": "https://api.github.com/users/lming/orgs",
  "repos_url": "https://api.github.com/users/lming/repos",
  "events_url": "https://api.github.com/users/lming/events{/privacy}",
  "received_events_url": "https://api.github.com/users/lming/received_events",
  "type": "User",
  "site_admin": false
}
