{
  "login": "loginakhil",
  "id": 2869953,
  "node_id": "MDQ6VXNlcjI4Njk5NTM=",
  "avatar_url": "https://avatars3.githubusercontent.com/u/2869953?v=4",
  "gravatar_id": "",
  "url": "https://api.github.com/users/loginakhil",
  "html_url": "https://github.com/loginakhil",
  "followers_url": "https://api.github.com/users/loginakhil/followers",
  "following_url": "https://api.github.com/users/loginakhil/following{/other_user}",
  "gists_url": "https://api.github.com/users/loginakhil/gists{/gist_id}",
  "starred_url": "https://api.github.com/users/loginakhil/starred{/owner}{/repo}",
  "subscriptions_url": "https://api.github.com/users/loginakhil/subscriptions",
  "organizations_url": "https://api.github.com/users/loginakhil/orgs",
  "repos_url": "https://api.github.com/users/loginakhil/repos",
  "events_url": "https://api.github.com/users/loginakhil/events{/privacy}",
  "received_events_url": "https://api.github.com/users/loginakhil/received_events",
  "type": "User",
  "site_admin": false
}
