{
  "login": "longlong2005",
  "id": 1181089,
  "node_id": "MDQ6VXNlcjExODEwODk=",
  "avatar_url": "https://avatars3.githubusercontent.com/u/1181089?v=4",
  "gravatar_id": "",
  "url": "https://api.github.com/users/longlong2005",
  "html_url": "https://github.com/longlong2005",
  "followers_url": "https://api.github.com/users/longlong2005/followers",
  "following_url": "https://api.github.com/users/longlong2005/following{/other_user}",
  "gists_url": "https://api.github.com/users/longlong2005/gists{/gist_id}",
  "starred_url": "https://api.github.com/users/longlong2005/starred{/owner}{/repo}",
  "subscriptions_url": "https://api.github.com/users/longlong2005/subscriptions",
  "organizations_url": "https://api.github.com/users/longlong2005/orgs",
  "repos_url": "https://api.github.com/users/longlong2005/repos",
  "events_url": "https://api.github.com/users/longlong2005/events{/privacy}",
  "received_events_url": "https://api.github.com/users/longlong2005/received_events",
  "type": "User",
  "site_admin": false
}
