{
  "login": "lord",
  "id": 1976330,
  "node_id": "MDQ6VXNlcjE5NzYzMzA=",
  "avatar_url": "https://avatars0.githubusercontent.com/u/1976330?v=4",
  "gravatar_id": "",
  "url": "https://api.github.com/users/lord",
  "html_url": "https://github.com/lord",
  "followers_url": "https://api.github.com/users/lord/followers",
  "following_url": "https://api.github.com/users/lord/following{/other_user}",
  "gists_url": "https://api.github.com/users/lord/gists{/gist_id}",
  "starred_url": "https://api.github.com/users/lord/starred{/owner}{/repo}",
  "subscriptions_url": "https://api.github.com/users/lord/subscriptions",
  "organizations_url": "https://api.github.com/users/lord/orgs",
  "repos_url": "https://api.github.com/users/lord/repos",
  "events_url": "https://api.github.com/users/lord/events{/privacy}",
  "received_events_url": "https://api.github.com/users/lord/received_events",
  "type": "User",
  "site_admin": false
}
