{
  "login": "lucasmenendez",
  "id": 9265364,
  "node_id": "MDQ6VXNlcjkyNjUzNjQ=",
  "avatar_url": "https://avatars1.githubusercontent.com/u/9265364?v=4",
  "gravatar_id": "",
  "url": "https://api.github.com/users/lucasmenendez",
  "html_url": "https://github.com/lucasmenendez",
  "followers_url": "https://api.github.com/users/lucasmenendez/followers",
  "following_url": "https://api.github.com/users/lucasmenendez/following{/other_user}",
  "gists_url": "https://api.github.com/users/lucasmenendez/gists{/gist_id}",
  "starred_url": "https://api.github.com/users/lucasmenendez/starred{/owner}{/repo}",
  "subscriptions_url": "https://api.github.com/users/lucasmenendez/subscriptions",
  "organizations_url": "https://api.github.com/users/lucasmenendez/orgs",
  "repos_url": "https://api.github.com/users/lucasmenendez/repos",
  "events_url": "https://api.github.com/users/lucasmenendez/events{/privacy}",
  "received_events_url": "https://api.github.com/users/lucasmenendez/received_events",
  "type": "User",
  "site_admin": false
}
