{
  "login": "lucapette",
  "id": 124274,
  "node_id": "MDQ6VXNlcjEyNDI3NA==",
  "avatar_url": "https://avatars0.githubusercontent.com/u/124274?v=4",
  "gravatar_id": "",
  "url": "https://api.github.com/users/lucapette",
  "html_url": "https://github.com/lucapette",
  "followers_url": "https://api.github.com/users/lucapette/followers",
  "following_url": "https://api.github.com/users/lucapette/following{/other_user}",
  "gists_url": "https://api.github.com/users/lucapette/gists{/gist_id}",
  "starred_url": "https://api.github.com/users/lucapette/starred{/owner}{/repo}",
  "subscriptions_url": "https://api.github.com/users/lucapette/subscriptions",
  "organizations_url": "https://api.github.com/users/lucapette/orgs",
  "repos_url": "https://api.github.com/users/lucapette/repos",
  "events_url": "https://api.github.com/users/lucapette/events{/privacy}",
  "received_events_url": "https://api.github.com/users/lucapette/received_events",
  "type": "User",
  "site_admin": false
}
