{
  "login": "luifer94",
  "id": 26443806,
  "node_id": "MDQ6VXNlcjI2NDQzODA2",
  "avatar_url": "https://avatars2.githubusercontent.com/u/26443806?v=4",
  "gravatar_id": "",
  "url": "https://api.github.com/users/luifer94",
  "html_url": "https://github.com/luifer94",
  "followers_url": "https://api.github.com/users/luifer94/followers",
  "following_url": "https://api.github.com/users/luifer94/following{/other_user}",
  "gists_url": "https://api.github.com/users/luifer94/gists{/gist_id}",
  "starred_url": "https://api.github.com/users/luifer94/starred{/owner}{/repo}",
  "subscriptions_url": "https://api.github.com/users/luifer94/subscriptions",
  "organizations_url": "https://api.github.com/users/luifer94/orgs",
  "repos_url": "https://api.github.com/users/luifer94/repos",
  "events_url": "https://api.github.com/users/luifer94/events{/privacy}",
  "received_events_url": "https://api.github.com/users/luifer94/received_events",
  "type": "User",
  "site_admin": false
}
