{
  "login": "lujiacn",
  "id": 611980,
  "node_id": "MDQ6VXNlcjYxMTk4MA==",
  "avatar_url": "https://avatars3.githubusercontent.com/u/611980?v=4",
  "gravatar_id": "",
  "url": "https://api.github.com/users/lujiacn",
  "html_url": "https://github.com/lujiacn",
  "followers_url": "https://api.github.com/users/lujiacn/followers",
  "following_url": "https://api.github.com/users/lujiacn/following{/other_user}",
  "gists_url": "https://api.github.com/users/lujiacn/gists{/gist_id}",
  "starred_url": "https://api.github.com/users/lujiacn/starred{/owner}{/repo}",
  "subscriptions_url": "https://api.github.com/users/lujiacn/subscriptions",
  "organizations_url": "https://api.github.com/users/lujiacn/orgs",
  "repos_url": "https://api.github.com/users/lujiacn/repos",
  "events_url": "https://api.github.com/users/lujiacn/events{/privacy}",
  "received_events_url": "https://api.github.com/users/lujiacn/received_events",
  "type": "User",
  "site_admin": false
}
