{
  "login": "mahirkole",
  "id": 9354301,
  "node_id": "MDQ6VXNlcjkzNTQzMDE=",
  "avatar_url": "https://avatars1.githubusercontent.com/u/9354301?v=4",
  "gravatar_id": "",
  "url": "https://api.github.com/users/mahirkole",
  "html_url": "https://github.com/mahirkole",
  "followers_url": "https://api.github.com/users/mahirkole/followers",
  "following_url": "https://api.github.com/users/mahirkole/following{/other_user}",
  "gists_url": "https://api.github.com/users/mahirkole/gists{/gist_id}",
  "starred_url": "https://api.github.com/users/mahirkole/starred{/owner}{/repo}",
  "subscriptions_url": "https://api.github.com/users/mahirkole/subscriptions",
  "organizations_url": "https://api.github.com/users/mahirkole/orgs",
  "repos_url": "https://api.github.com/users/mahirkole/repos",
  "events_url": "https://api.github.com/users/mahirkole/events{/privacy}",
  "received_events_url": "https://api.github.com/users/mahirkole/received_events",
  "type": "User",
  "site_admin": false
}
