{
  "login": "mahmutakyol",
  "id": 6114486,
  "node_id": "MDQ6VXNlcjYxMTQ0ODY=",
  "avatar_url": "https://avatars1.githubusercontent.com/u/6114486?v=4",
  "gravatar_id": "",
  "url": "https://api.github.com/users/mahmutakyol",
  "html_url": "https://github.com/mahmutakyol",
  "followers_url": "https://api.github.com/users/mahmutakyol/followers",
  "following_url": "https://api.github.com/users/mahmutakyol/following{/other_user}",
  "gists_url": "https://api.github.com/users/mahmutakyol/gists{/gist_id}",
  "starred_url": "https://api.github.com/users/mahmutakyol/starred{/owner}{/repo}",
  "subscriptions_url": "https://api.github.com/users/mahmutakyol/subscriptions",
  "organizations_url": "https://api.github.com/users/mahmutakyol/orgs",
  "repos_url": "https://api.github.com/users/mahmutakyol/repos",
  "events_url": "https://api.github.com/users/mahmutakyol/events{/privacy}",
  "received_events_url": "https://api.github.com/users/mahmutakyol/received_events",
  "type": "User",
  "site_admin": false
}
