{
  "login": "MAJIDNISAR",
  "id": 3784652,
  "node_id": "MDQ6VXNlcjM3ODQ2NTI=",
  "avatar_url": "https://avatars0.githubusercontent.com/u/3784652?v=4",
  "gravatar_id": "",
  "url": "https://api.github.com/users/MAJIDNISAR",
  "html_url": "https://github.com/MAJIDNISAR",
  "followers_url": "https://api.github.com/users/MAJIDNISAR/followers",
  "following_url": "https://api.github.com/users/MAJIDNISAR/following{/other_user}",
  "gists_url": "https://api.github.com/users/MAJIDNISAR/gists{/gist_id}",
  "starred_url": "https://api.github.com/users/MAJIDNISAR/starred{/owner}{/repo}",
  "subscriptions_url": "https://api.github.com/users/MAJIDNISAR/subscriptions",
  "organizations_url": "https://api.github.com/users/MAJIDNISAR/orgs",
  "repos_url": "https://api.github.com/users/MAJIDNISAR/repos",
  "events_url": "https://api.github.com/users/MAJIDNISAR/events{/privacy}",
  "received_events_url": "https://api.github.com/users/MAJIDNISAR/received_events",
  "type": "User",
  "site_admin": false
}
