{
  "login": "manhdaovan",
  "id": 4316831,
  "node_id": "MDQ6VXNlcjQzMTY4MzE=",
  "avatar_url": "https://avatars3.githubusercontent.com/u/4316831?v=4",
  "gravatar_id": "",
  "url": "https://api.github.com/users/manhdaovan",
  "html_url": "https://github.com/manhdaovan",
  "followers_url": "https://api.github.com/users/manhdaovan/followers",
  "following_url": "https://api.github.com/users/manhdaovan/following{/other_user}",
  "gists_url": "https://api.github.com/users/manhdaovan/gists{/gist_id}",
  "starred_url": "https://api.github.com/users/manhdaovan/starred{/owner}{/repo}",
  "subscriptions_url": "https://api.github.com/users/manhdaovan/subscriptions",
  "organizations_url": "https://api.github.com/users/manhdaovan/orgs",
  "repos_url": "https://api.github.com/users/manhdaovan/repos",
  "events_url": "https://api.github.com/users/manhdaovan/events{/privacy}",
  "received_events_url": "https://api.github.com/users/manhdaovan/received_events",
  "type": "User",
  "site_admin": false
}
