{
  "login": "manuelernesto",
  "id": 8449402,
  "node_id": "MDQ6VXNlcjg0NDk0MDI=",
  "avatar_url": "https://avatars0.githubusercontent.com/u/8449402?v=4",
  "gravatar_id": "",
  "url": "https://api.github.com/users/manuelernesto",
  "html_url": "https://github.com/manuelernesto",
  "followers_url": "https://api.github.com/users/manuelernesto/followers",
  "following_url": "https://api.github.com/users/manuelernesto/following{/other_user}",
  "gists_url": "https://api.github.com/users/manuelernesto/gists{/gist_id}",
  "starred_url": "https://api.github.com/users/manuelernesto/starred{/owner}{/repo}",
  "subscriptions_url": "https://api.github.com/users/manuelernesto/subscriptions",
  "organizations_url": "https://api.github.com/users/manuelernesto/orgs",
  "repos_url": "https://api.github.com/users/manuelernesto/repos",
  "events_url": "https://api.github.com/users/manuelernesto/events{/privacy}",
  "received_events_url": "https://api.github.com/users/manuelernesto/received_events",
  "type": "User",
  "site_admin": false
}
