{
  "login": "manV",
  "id": 4988376,
  "node_id": "MDQ6VXNlcjQ5ODgzNzY=",
  "avatar_url": "https://avatars3.githubusercontent.com/u/4988376?v=4",
  "gravatar_id": "",
  "url": "https://api.github.com/users/manV",
  "html_url": "https://github.com/manV",
  "followers_url": "https://api.github.com/users/manV/followers",
  "following_url": "https://api.github.com/users/manV/following{/other_user}",
  "gists_url": "https://api.github.com/users/manV/gists{/gist_id}",
  "starred_url": "https://api.github.com/users/manV/starred{/owner}{/repo}",
  "subscriptions_url": "https://api.github.com/users/manV/subscriptions",
  "organizations_url": "https://api.github.com/users/manV/orgs",
  "repos_url": "https://api.github.com/users/manV/repos",
  "events_url": "https://api.github.com/users/manV/events{/privacy}",
  "received_events_url": "https://api.github.com/users/manV/received_events",
  "type": "User",
  "site_admin": false
}
