{
  "login": "maqiv",
  "id": 1956064,
  "node_id": "MDQ6VXNlcjE5NTYwNjQ=",
  "avatar_url": "https://avatars0.githubusercontent.com/u/1956064?v=4",
  "gravatar_id": "",
  "url": "https://api.github.com/users/maqiv",
  "html_url": "https://github.com/maqiv",
  "followers_url": "https://api.github.com/users/maqiv/followers",
  "following_url": "https://api.github.com/users/maqiv/following{/other_user}",
  "gists_url": "https://api.github.com/users/maqiv/gists{/gist_id}",
  "starred_url": "https://api.github.com/users/maqiv/starred{/owner}{/repo}",
  "subscriptions_url": "https://api.github.com/users/maqiv/subscriptions",
  "organizations_url": "https://api.github.com/users/maqiv/orgs",
  "repos_url": "https://api.github.com/users/maqiv/repos",
  "events_url": "https://api.github.com/users/maqiv/events{/privacy}",
  "received_events_url": "https://api.github.com/users/maqiv/received_events",
  "type": "User",
  "site_admin": false
}
