{
  "login": "marabooyankee",
  "id": 1511024,
  "node_id": "MDQ6VXNlcjE1MTEwMjQ=",
  "avatar_url": "https://avatars1.githubusercontent.com/u/1511024?v=4",
  "gravatar_id": "",
  "url": "https://api.github.com/users/marabooyankee",
  "html_url": "https://github.com/marabooyankee",
  "followers_url": "https://api.github.com/users/marabooyankee/followers",
  "following_url": "https://api.github.com/users/marabooyankee/following{/other_user}",
  "gists_url": "https://api.github.com/users/marabooyankee/gists{/gist_id}",
  "starred_url": "https://api.github.com/users/marabooyankee/starred{/owner}{/repo}",
  "subscriptions_url": "https://api.github.com/users/marabooyankee/subscriptions",
  "organizations_url": "https://api.github.com/users/marabooyankee/orgs",
  "repos_url": "https://api.github.com/users/marabooyankee/repos",
  "events_url": "https://api.github.com/users/marabooyankee/events{/privacy}",
  "received_events_url": "https://api.github.com/users/marabooyankee/received_events",
  "type": "User",
  "site_admin": false
}
