{
  "login": "marcomansilla",
  "id": 245888,
  "node_id": "MDQ6VXNlcjI0NTg4OA==",
  "avatar_url": "https://avatars1.githubusercontent.com/u/245888?v=4",
  "gravatar_id": "",
  "url": "https://api.github.com/users/marcomansilla",
  "html_url": "https://github.com/marcomansilla",
  "followers_url": "https://api.github.com/users/marcomansilla/followers",
  "following_url": "https://api.github.com/users/marcomansilla/following{/other_user}",
  "gists_url": "https://api.github.com/users/marcomansilla/gists{/gist_id}",
  "starred_url": "https://api.github.com/users/marcomansilla/starred{/owner}{/repo}",
  "subscriptions_url": "https://api.github.com/users/marcomansilla/subscriptions",
  "organizations_url": "https://api.github.com/users/marcomansilla/orgs",
  "repos_url": "https://api.github.com/users/marcomansilla/repos",
  "events_url": "https://api.github.com/users/marcomansilla/events{/privacy}",
  "received_events_url": "https://api.github.com/users/marcomansilla/received_events",
  "type": "User",
  "site_admin": false
}
