{
  "login": "markblackburn77",
  "id": 15730022,
  "node_id": "MDQ6VXNlcjE1NzMwMDIy",
  "avatar_url": "https://avatars2.githubusercontent.com/u/15730022?v=4",
  "gravatar_id": "",
  "url": "https://api.github.com/users/markblackburn77",
  "html_url": "https://github.com/markblackburn77",
  "followers_url": "https://api.github.com/users/markblackburn77/followers",
  "following_url": "https://api.github.com/users/markblackburn77/following{/other_user}",
  "gists_url": "https://api.github.com/users/markblackburn77/gists{/gist_id}",
  "starred_url": "https://api.github.com/users/markblackburn77/starred{/owner}{/repo}",
  "subscriptions_url": "https://api.github.com/users/markblackburn77/subscriptions",
  "organizations_url": "https://api.github.com/users/markblackburn77/orgs",
  "repos_url": "https://api.github.com/users/markblackburn77/repos",
  "events_url": "https://api.github.com/users/markblackburn77/events{/privacy}",
  "received_events_url": "https://api.github.com/users/markblackburn77/received_events",
  "type": "User",
  "site_admin": false
}
