{
  "login": "mattsiegel",
  "id": 206166,
  "node_id": "MDQ6VXNlcjIwNjE2Ng==",
  "avatar_url": "https://avatars0.githubusercontent.com/u/206166?v=4",
  "gravatar_id": "",
  "url": "https://api.github.com/users/mattsiegel",
  "html_url": "https://github.com/mattsiegel",
  "followers_url": "https://api.github.com/users/mattsiegel/followers",
  "following_url": "https://api.github.com/users/mattsiegel/following{/other_user}",
  "gists_url": "https://api.github.com/users/mattsiegel/gists{/gist_id}",
  "starred_url": "https://api.github.com/users/mattsiegel/starred{/owner}{/repo}",
  "subscriptions_url": "https://api.github.com/users/mattsiegel/subscriptions",
  "organizations_url": "https://api.github.com/users/mattsiegel/orgs",
  "repos_url": "https://api.github.com/users/mattsiegel/repos",
  "events_url": "https://api.github.com/users/mattsiegel/events{/privacy}",
  "received_events_url": "https://api.github.com/users/mattsiegel/received_events",
  "type": "User",
  "site_admin": false
}
