{
  "login": "matteobruni",
  "id": 176620,
  "node_id": "MDQ6VXNlcjE3NjYyMA==",
  "avatar_url": "https://avatars2.githubusercontent.com/u/176620?v=4",
  "gravatar_id": "",
  "url": "https://api.github.com/users/matteobruni",
  "html_url": "https://github.com/matteobruni",
  "followers_url": "https://api.github.com/users/matteobruni/followers",
  "following_url": "https://api.github.com/users/matteobruni/following{/other_user}",
  "gists_url": "https://api.github.com/users/matteobruni/gists{/gist_id}",
  "starred_url": "https://api.github.com/users/matteobruni/starred{/owner}{/repo}",
  "subscriptions_url": "https://api.github.com/users/matteobruni/subscriptions",
  "organizations_url": "https://api.github.com/users/matteobruni/orgs",
  "repos_url": "https://api.github.com/users/matteobruni/repos",
  "events_url": "https://api.github.com/users/matteobruni/events{/privacy}",
  "received_events_url": "https://api.github.com/users/matteobruni/received_events",
  "type": "User",
  "site_admin": false
}
