{
  "login": "mazlum",
  "id": 5855630,
  "node_id": "MDQ6VXNlcjU4NTU2MzA=",
  "avatar_url": "https://avatars2.githubusercontent.com/u/5855630?v=4",
  "gravatar_id": "",
  "url": "https://api.github.com/users/mazlum",
  "html_url": "https://github.com/mazlum",
  "followers_url": "https://api.github.com/users/mazlum/followers",
  "following_url": "https://api.github.com/users/mazlum/following{/other_user}",
  "gists_url": "https://api.github.com/users/mazlum/gists{/gist_id}",
  "starred_url": "https://api.github.com/users/mazlum/starred{/owner}{/repo}",
  "subscriptions_url": "https://api.github.com/users/mazlum/subscriptions",
  "organizations_url": "https://api.github.com/users/mazlum/orgs",
  "repos_url": "https://api.github.com/users/mazlum/repos",
  "events_url": "https://api.github.com/users/mazlum/events{/privacy}",
  "received_events_url": "https://api.github.com/users/mazlum/received_events",
  "type": "User",
  "site_admin": false
}
