{
  "login": "mcastilho",
  "id": 12323,
  "node_id": "MDQ6VXNlcjEyMzIz",
  "avatar_url": "https://avatars2.githubusercontent.com/u/12323?v=4",
  "gravatar_id": "",
  "url": "https://api.github.com/users/mcastilho",
  "html_url": "https://github.com/mcastilho",
  "followers_url": "https://api.github.com/users/mcastilho/followers",
  "following_url": "https://api.github.com/users/mcastilho/following{/other_user}",
  "gists_url": "https://api.github.com/users/mcastilho/gists{/gist_id}",
  "starred_url": "https://api.github.com/users/mcastilho/starred{/owner}{/repo}",
  "subscriptions_url": "https://api.github.com/users/mcastilho/subscriptions",
  "organizations_url": "https://api.github.com/users/mcastilho/orgs",
  "repos_url": "https://api.github.com/users/mcastilho/repos",
  "events_url": "https://api.github.com/users/mcastilho/events{/privacy}",
  "received_events_url": "https://api.github.com/users/mcastilho/received_events",
  "type": "User",
  "site_admin": false
}
