{
  "login": "mcemilg",
  "id": 7115634,
  "node_id": "MDQ6VXNlcjcxMTU2MzQ=",
  "avatar_url": "https://avatars1.githubusercontent.com/u/7115634?v=4",
  "gravatar_id": "",
  "url": "https://api.github.com/users/mcemilg",
  "html_url": "https://github.com/mcemilg",
  "followers_url": "https://api.github.com/users/mcemilg/followers",
  "following_url": "https://api.github.com/users/mcemilg/following{/other_user}",
  "gists_url": "https://api.github.com/users/mcemilg/gists{/gist_id}",
  "starred_url": "https://api.github.com/users/mcemilg/starred{/owner}{/repo}",
  "subscriptions_url": "https://api.github.com/users/mcemilg/subscriptions",
  "organizations_url": "https://api.github.com/users/mcemilg/orgs",
  "repos_url": "https://api.github.com/users/mcemilg/repos",
  "events_url": "https://api.github.com/users/mcemilg/events{/privacy}",
  "received_events_url": "https://api.github.com/users/mcemilg/received_events",
  "type": "User",
  "site_admin": false
}
