{
  "login": "mehdy",
  "id": 2669765,
  "node_id": "MDQ6VXNlcjI2Njk3NjU=",
  "avatar_url": "https://avatars3.githubusercontent.com/u/2669765?v=4",
  "gravatar_id": "",
  "url": "https://api.github.com/users/mehdy",
  "html_url": "https://github.com/mehdy",
  "followers_url": "https://api.github.com/users/mehdy/followers",
  "following_url": "https://api.github.com/users/mehdy/following{/other_user}",
  "gists_url": "https://api.github.com/users/mehdy/gists{/gist_id}",
  "starred_url": "https://api.github.com/users/mehdy/starred{/owner}{/repo}",
  "subscriptions_url": "https://api.github.com/users/mehdy/subscriptions",
  "organizations_url": "https://api.github.com/users/mehdy/orgs",
  "repos_url": "https://api.github.com/users/mehdy/repos",
  "events_url": "https://api.github.com/users/mehdy/events{/privacy}",
  "received_events_url": "https://api.github.com/users/mehdy/received_events",
  "type": "User",
  "site_admin": false
}
