{
  "login": "mehmettahameral",
  "id": 5138096,
  "node_id": "MDQ6VXNlcjUxMzgwOTY=",
  "avatar_url": "https://avatars3.githubusercontent.com/u/5138096?v=4",
  "gravatar_id": "",
  "url": "https://api.github.com/users/mehmettahameral",
  "html_url": "https://github.com/mehmettahameral",
  "followers_url": "https://api.github.com/users/mehmettahameral/followers",
  "following_url": "https://api.github.com/users/mehmettahameral/following{/other_user}",
  "gists_url": "https://api.github.com/users/mehmettahameral/gists{/gist_id}",
  "starred_url": "https://api.github.com/users/mehmettahameral/starred{/owner}{/repo}",
  "subscriptions_url": "https://api.github.com/users/mehmettahameral/subscriptions",
  "organizations_url": "https://api.github.com/users/mehmettahameral/orgs",
  "repos_url": "https://api.github.com/users/mehmettahameral/repos",
  "events_url": "https://api.github.com/users/mehmettahameral/events{/privacy}",
  "received_events_url": "https://api.github.com/users/mehmettahameral/received_events",
  "type": "User",
  "site_admin": false
}
