{
  "login": "melihyuksel",
  "id": 3688761,
  "node_id": "MDQ6VXNlcjM2ODg3NjE=",
  "avatar_url": "https://avatars3.githubusercontent.com/u/3688761?v=4",
  "gravatar_id": "",
  "url": "https://api.github.com/users/melihyuksel",
  "html_url": "https://github.com/melihyuksel",
  "followers_url": "https://api.github.com/users/melihyuksel/followers",
  "following_url": "https://api.github.com/users/melihyuksel/following{/other_user}",
  "gists_url": "https://api.github.com/users/melihyuksel/gists{/gist_id}",
  "starred_url": "https://api.github.com/users/melihyuksel/starred{/owner}{/repo}",
  "subscriptions_url": "https://api.github.com/users/melihyuksel/subscriptions",
  "organizations_url": "https://api.github.com/users/melihyuksel/orgs",
  "repos_url": "https://api.github.com/users/melihyuksel/repos",
  "events_url": "https://api.github.com/users/melihyuksel/events{/privacy}",
  "received_events_url": "https://api.github.com/users/melihyuksel/received_events",
  "type": "User",
  "site_admin": false
}
