{
  "login": "memduhcagridemir",
  "id": 4460628,
  "node_id": "MDQ6VXNlcjQ0NjA2Mjg=",
  "avatar_url": "https://avatars1.githubusercontent.com/u/4460628?v=4",
  "gravatar_id": "",
  "url": "https://api.github.com/users/memduhcagridemir",
  "html_url": "https://github.com/memduhcagridemir",
  "followers_url": "https://api.github.com/users/memduhcagridemir/followers",
  "following_url": "https://api.github.com/users/memduhcagridemir/following{/other_user}",
  "gists_url": "https://api.github.com/users/memduhcagridemir/gists{/gist_id}",
  "starred_url": "https://api.github.com/users/memduhcagridemir/starred{/owner}{/repo}",
  "subscriptions_url": "https://api.github.com/users/memduhcagridemir/subscriptions",
  "organizations_url": "https://api.github.com/users/memduhcagridemir/orgs",
  "repos_url": "https://api.github.com/users/memduhcagridemir/repos",
  "events_url": "https://api.github.com/users/memduhcagridemir/events{/privacy}",
  "received_events_url": "https://api.github.com/users/memduhcagridemir/received_events",
  "type": "User",
  "site_admin": false
}
