{
  "login": "Meowu",
  "id": 16166258,
  "node_id": "MDQ6VXNlcjE2MTY2MjU4",
  "avatar_url": "https://avatars0.githubusercontent.com/u/16166258?v=4",
  "gravatar_id": "",
  "url": "https://api.github.com/users/Meowu",
  "html_url": "https://github.com/Meowu",
  "followers_url": "https://api.github.com/users/Meowu/followers",
  "following_url": "https://api.github.com/users/Meowu/following{/other_user}",
  "gists_url": "https://api.github.com/users/Meowu/gists{/gist_id}",
  "starred_url": "https://api.github.com/users/Meowu/starred{/owner}{/repo}",
  "subscriptions_url": "https://api.github.com/users/Meowu/subscriptions",
  "organizations_url": "https://api.github.com/users/Meowu/orgs",
  "repos_url": "https://api.github.com/users/Meowu/repos",
  "events_url": "https://api.github.com/users/Meowu/events{/privacy}",
  "received_events_url": "https://api.github.com/users/Meowu/received_events",
  "type": "User",
  "site_admin": false
}
