{
  "login": "mesuutt",
  "id": 823338,
  "node_id": "MDQ6VXNlcjgyMzMzOA==",
  "avatar_url": "https://avatars0.githubusercontent.com/u/823338?v=4",
  "gravatar_id": "",
  "url": "https://api.github.com/users/mesuutt",
  "html_url": "https://github.com/mesuutt",
  "followers_url": "https://api.github.com/users/mesuutt/followers",
  "following_url": "https://api.github.com/users/mesuutt/following{/other_user}",
  "gists_url": "https://api.github.com/users/mesuutt/gists{/gist_id}",
  "starred_url": "https://api.github.com/users/mesuutt/starred{/owner}{/repo}",
  "subscriptions_url": "https://api.github.com/users/mesuutt/subscriptions",
  "organizations_url": "https://api.github.com/users/mesuutt/orgs",
  "repos_url": "https://api.github.com/users/mesuutt/repos",
  "events_url": "https://api.github.com/users/mesuutt/events{/privacy}",
  "received_events_url": "https://api.github.com/users/mesuutt/received_events",
  "type": "User",
  "site_admin": false
}
