{
  "login": "miheer",
  "id": 1439806,
  "node_id": "MDQ6VXNlcjE0Mzk4MDY=",
  "avatar_url": "https://avatars0.githubusercontent.com/u/1439806?v=4",
  "gravatar_id": "",
  "url": "https://api.github.com/users/miheer",
  "html_url": "https://github.com/miheer",
  "followers_url": "https://api.github.com/users/miheer/followers",
  "following_url": "https://api.github.com/users/miheer/following{/other_user}",
  "gists_url": "https://api.github.com/users/miheer/gists{/gist_id}",
  "starred_url": "https://api.github.com/users/miheer/starred{/owner}{/repo}",
  "subscriptions_url": "https://api.github.com/users/miheer/subscriptions",
  "organizations_url": "https://api.github.com/users/miheer/orgs",
  "repos_url": "https://api.github.com/users/miheer/repos",
  "events_url": "https://api.github.com/users/miheer/events{/privacy}",
  "received_events_url": "https://api.github.com/users/miheer/received_events",
  "type": "User",
  "site_admin": false
}
