{
  "login": "mikechalex",
  "id": 33808679,
  "node_id": "MDQ6VXNlcjMzODA4Njc5",
  "avatar_url": "https://avatars3.githubusercontent.com/u/33808679?v=4",
  "gravatar_id": "",
  "url": "https://api.github.com/users/mikechalex",
  "html_url": "https://github.com/mikechalex",
  "followers_url": "https://api.github.com/users/mikechalex/followers",
  "following_url": "https://api.github.com/users/mikechalex/following{/other_user}",
  "gists_url": "https://api.github.com/users/mikechalex/gists{/gist_id}",
  "starred_url": "https://api.github.com/users/mikechalex/starred{/owner}{/repo}",
  "subscriptions_url": "https://api.github.com/users/mikechalex/subscriptions",
  "organizations_url": "https://api.github.com/users/mikechalex/orgs",
  "repos_url": "https://api.github.com/users/mikechalex/repos",
  "events_url": "https://api.github.com/users/mikechalex/events{/privacy}",
  "received_events_url": "https://api.github.com/users/mikechalex/received_events",
  "type": "User",
  "site_admin": false
}
