{
  "login": "miketmoore",
  "id": 1118390,
  "node_id": "MDQ6VXNlcjExMTgzOTA=",
  "avatar_url": "https://avatars2.githubusercontent.com/u/1118390?v=4",
  "gravatar_id": "",
  "url": "https://api.github.com/users/miketmoore",
  "html_url": "https://github.com/miketmoore",
  "followers_url": "https://api.github.com/users/miketmoore/followers",
  "following_url": "https://api.github.com/users/miketmoore/following{/other_user}",
  "gists_url": "https://api.github.com/users/miketmoore/gists{/gist_id}",
  "starred_url": "https://api.github.com/users/miketmoore/starred{/owner}{/repo}",
  "subscriptions_url": "https://api.github.com/users/miketmoore/subscriptions",
  "organizations_url": "https://api.github.com/users/miketmoore/orgs",
  "repos_url": "https://api.github.com/users/miketmoore/repos",
  "events_url": "https://api.github.com/users/miketmoore/events{/privacy}",
  "received_events_url": "https://api.github.com/users/miketmoore/received_events",
  "type": "User",
  "site_admin": false
}
