{
  "login": "MilosSimic",
  "id": 4248569,
  "node_id": "MDQ6VXNlcjQyNDg1Njk=",
  "avatar_url": "https://avatars2.githubusercontent.com/u/4248569?v=4",
  "gravatar_id": "",
  "url": "https://api.github.com/users/MilosSimic",
  "html_url": "https://github.com/MilosSimic",
  "followers_url": "https://api.github.com/users/MilosSimic/followers",
  "following_url": "https://api.github.com/users/MilosSimic/following{/other_user}",
  "gists_url": "https://api.github.com/users/MilosSimic/gists{/gist_id}",
  "starred_url": "https://api.github.com/users/MilosSimic/starred{/owner}{/repo}",
  "subscriptions_url": "https://api.github.com/users/MilosSimic/subscriptions",
  "organizations_url": "https://api.github.com/users/MilosSimic/orgs",
  "repos_url": "https://api.github.com/users/MilosSimic/repos",
  "events_url": "https://api.github.com/users/MilosSimic/events{/privacy}",
  "received_events_url": "https://api.github.com/users/MilosSimic/received_events",
  "type": "User",
  "site_admin": false
}
