{
  "login": "minbyulcat",
  "id": 1654891,
  "node_id": "MDQ6VXNlcjE2NTQ4OTE=",
  "avatar_url": "https://avatars2.githubusercontent.com/u/1654891?v=4",
  "gravatar_id": "",
  "url": "https://api.github.com/users/minbyulcat",
  "html_url": "https://github.com/minbyulcat",
  "followers_url": "https://api.github.com/users/minbyulcat/followers",
  "following_url": "https://api.github.com/users/minbyulcat/following{/other_user}",
  "gists_url": "https://api.github.com/users/minbyulcat/gists{/gist_id}",
  "starred_url": "https://api.github.com/users/minbyulcat/starred{/owner}{/repo}",
  "subscriptions_url": "https://api.github.com/users/minbyulcat/subscriptions",
  "organizations_url": "https://api.github.com/users/minbyulcat/orgs",
  "repos_url": "https://api.github.com/users/minbyulcat/repos",
  "events_url": "https://api.github.com/users/minbyulcat/events{/privacy}",
  "received_events_url": "https://api.github.com/users/minbyulcat/received_events",
  "type": "User",
  "site_admin": false
}
