{
  "login": "mindreframer",
  "id": 1232,
  "node_id": "MDQ6VXNlcjEyMzI=",
  "avatar_url": "https://avatars0.githubusercontent.com/u/1232?v=4",
  "gravatar_id": "",
  "url": "https://api.github.com/users/mindreframer",
  "html_url": "https://github.com/mindreframer",
  "followers_url": "https://api.github.com/users/mindreframer/followers",
  "following_url": "https://api.github.com/users/mindreframer/following{/other_user}",
  "gists_url": "https://api.github.com/users/mindreframer/gists{/gist_id}",
  "starred_url": "https://api.github.com/users/mindreframer/starred{/owner}{/repo}",
  "subscriptions_url": "https://api.github.com/users/mindreframer/subscriptions",
  "organizations_url": "https://api.github.com/users/mindreframer/orgs",
  "repos_url": "https://api.github.com/users/mindreframer/repos",
  "events_url": "https://api.github.com/users/mindreframer/events{/privacy}",
  "received_events_url": "https://api.github.com/users/mindreframer/received_events",
  "type": "User",
  "site_admin": false
}
