{
  "login": "minekucukal",
  "id": 21201833,
  "node_id": "MDQ6VXNlcjIxMjAxODMz",
  "avatar_url": "https://avatars1.githubusercontent.com/u/21201833?v=4",
  "gravatar_id": "",
  "url": "https://api.github.com/users/minekucukal",
  "html_url": "https://github.com/minekucukal",
  "followers_url": "https://api.github.com/users/minekucukal/followers",
  "following_url": "https://api.github.com/users/minekucukal/following{/other_user}",
  "gists_url": "https://api.github.com/users/minekucukal/gists{/gist_id}",
  "starred_url": "https://api.github.com/users/minekucukal/starred{/owner}{/repo}",
  "subscriptions_url": "https://api.github.com/users/minekucukal/subscriptions",
  "organizations_url": "https://api.github.com/users/minekucukal/orgs",
  "repos_url": "https://api.github.com/users/minekucukal/repos",
  "events_url": "https://api.github.com/users/minekucukal/events{/privacy}",
  "received_events_url": "https://api.github.com/users/minekucukal/received_events",
  "type": "User",
  "site_admin": false
}
