{
  "login": "misterikkit",
  "id": 1796778,
  "node_id": "MDQ6VXNlcjE3OTY3Nzg=",
  "avatar_url": "https://avatars1.githubusercontent.com/u/1796778?v=4",
  "gravatar_id": "",
  "url": "https://api.github.com/users/misterikkit",
  "html_url": "https://github.com/misterikkit",
  "followers_url": "https://api.github.com/users/misterikkit/followers",
  "following_url": "https://api.github.com/users/misterikkit/following{/other_user}",
  "gists_url": "https://api.github.com/users/misterikkit/gists{/gist_id}",
  "starred_url": "https://api.github.com/users/misterikkit/starred{/owner}{/repo}",
  "subscriptions_url": "https://api.github.com/users/misterikkit/subscriptions",
  "organizations_url": "https://api.github.com/users/misterikkit/orgs",
  "repos_url": "https://api.github.com/users/misterikkit/repos",
  "events_url": "https://api.github.com/users/misterikkit/events{/privacy}",
  "received_events_url": "https://api.github.com/users/misterikkit/received_events",
  "type": "User",
  "site_admin": false
}
