{
  "login": "MJoergen",
  "id": 1299486,
  "node_id": "MDQ6VXNlcjEyOTk0ODY=",
  "avatar_url": "https://avatars0.githubusercontent.com/u/1299486?v=4",
  "gravatar_id": "",
  "url": "https://api.github.com/users/MJoergen",
  "html_url": "https://github.com/MJoergen",
  "followers_url": "https://api.github.com/users/MJoergen/followers",
  "following_url": "https://api.github.com/users/MJoergen/following{/other_user}",
  "gists_url": "https://api.github.com/users/MJoergen/gists{/gist_id}",
  "starred_url": "https://api.github.com/users/MJoergen/starred{/owner}{/repo}",
  "subscriptions_url": "https://api.github.com/users/MJoergen/subscriptions",
  "organizations_url": "https://api.github.com/users/MJoergen/orgs",
  "repos_url": "https://api.github.com/users/MJoergen/repos",
  "events_url": "https://api.github.com/users/MJoergen/events{/privacy}",
  "received_events_url": "https://api.github.com/users/MJoergen/received_events",
  "type": "User",
  "site_admin": false
}
