{
  "login": "mlebee",
  "id": 8383828,
  "node_id": "MDQ6VXNlcjgzODM4Mjg=",
  "avatar_url": "https://avatars3.githubusercontent.com/u/8383828?v=4",
  "gravatar_id": "",
  "url": "https://api.github.com/users/mlebee",
  "html_url": "https://github.com/mlebee",
  "followers_url": "https://api.github.com/users/mlebee/followers",
  "following_url": "https://api.github.com/users/mlebee/following{/other_user}",
  "gists_url": "https://api.github.com/users/mlebee/gists{/gist_id}",
  "starred_url": "https://api.github.com/users/mlebee/starred{/owner}{/repo}",
  "subscriptions_url": "https://api.github.com/users/mlebee/subscriptions",
  "organizations_url": "https://api.github.com/users/mlebee/orgs",
  "repos_url": "https://api.github.com/users/mlebee/repos",
  "events_url": "https://api.github.com/users/mlebee/events{/privacy}",
  "received_events_url": "https://api.github.com/users/mlebee/received_events",
  "type": "User",
  "site_admin": false
}
