{
  "login": "mlmhl",
  "id": 7688266,
  "node_id": "MDQ6VXNlcjc2ODgyNjY=",
  "avatar_url": "https://avatars2.githubusercontent.com/u/7688266?v=4",
  "gravatar_id": "",
  "url": "https://api.github.com/users/mlmhl",
  "html_url": "https://github.com/mlmhl",
  "followers_url": "https://api.github.com/users/mlmhl/followers",
  "following_url": "https://api.github.com/users/mlmhl/following{/other_user}",
  "gists_url": "https://api.github.com/users/mlmhl/gists{/gist_id}",
  "starred_url": "https://api.github.com/users/mlmhl/starred{/owner}{/repo}",
  "subscriptions_url": "https://api.github.com/users/mlmhl/subscriptions",
  "organizations_url": "https://api.github.com/users/mlmhl/orgs",
  "repos_url": "https://api.github.com/users/mlmhl/repos",
  "events_url": "https://api.github.com/users/mlmhl/events{/privacy}",
  "received_events_url": "https://api.github.com/users/mlmhl/received_events",
  "type": "User",
  "site_admin": false
}
