{
  "login": "mohanrajsambath",
  "id": 4972291,
  "node_id": "MDQ6VXNlcjQ5NzIyOTE=",
  "avatar_url": "https://avatars2.githubusercontent.com/u/4972291?v=4",
  "gravatar_id": "",
  "url": "https://api.github.com/users/mohanrajsambath",
  "html_url": "https://github.com/mohanrajsambath",
  "followers_url": "https://api.github.com/users/mohanrajsambath/followers",
  "following_url": "https://api.github.com/users/mohanrajsambath/following{/other_user}",
  "gists_url": "https://api.github.com/users/mohanrajsambath/gists{/gist_id}",
  "starred_url": "https://api.github.com/users/mohanrajsambath/starred{/owner}{/repo}",
  "subscriptions_url": "https://api.github.com/users/mohanrajsambath/subscriptions",
  "organizations_url": "https://api.github.com/users/mohanrajsambath/orgs",
  "repos_url": "https://api.github.com/users/mohanrajsambath/repos",
  "events_url": "https://api.github.com/users/mohanrajsambath/events{/privacy}",
  "received_events_url": "https://api.github.com/users/mohanrajsambath/received_events",
  "type": "User",
  "site_admin": false
}
