{
  "login": "mohamedebrahim96",
  "id": 16405013,
  "node_id": "MDQ6VXNlcjE2NDA1MDEz",
  "avatar_url": "https://avatars3.githubusercontent.com/u/16405013?v=4",
  "gravatar_id": "",
  "url": "https://api.github.com/users/mohamedebrahim96",
  "html_url": "https://github.com/mohamedebrahim96",
  "followers_url": "https://api.github.com/users/mohamedebrahim96/followers",
  "following_url": "https://api.github.com/users/mohamedebrahim96/following{/other_user}",
  "gists_url": "https://api.github.com/users/mohamedebrahim96/gists{/gist_id}",
  "starred_url": "https://api.github.com/users/mohamedebrahim96/starred{/owner}{/repo}",
  "subscriptions_url": "https://api.github.com/users/mohamedebrahim96/subscriptions",
  "organizations_url": "https://api.github.com/users/mohamedebrahim96/orgs",
  "repos_url": "https://api.github.com/users/mohamedebrahim96/repos",
  "events_url": "https://api.github.com/users/mohamedebrahim96/events{/privacy}",
  "received_events_url": "https://api.github.com/users/mohamedebrahim96/received_events",
  "type": "User",
  "site_admin": false
}
