{
  "login": "mokarakaya",
  "id": 1328676,
  "node_id": "MDQ6VXNlcjEzMjg2NzY=",
  "avatar_url": "https://avatars1.githubusercontent.com/u/1328676?v=4",
  "gravatar_id": "",
  "url": "https://api.github.com/users/mokarakaya",
  "html_url": "https://github.com/mokarakaya",
  "followers_url": "https://api.github.com/users/mokarakaya/followers",
  "following_url": "https://api.github.com/users/mokarakaya/following{/other_user}",
  "gists_url": "https://api.github.com/users/mokarakaya/gists{/gist_id}",
  "starred_url": "https://api.github.com/users/mokarakaya/starred{/owner}{/repo}",
  "subscriptions_url": "https://api.github.com/users/mokarakaya/subscriptions",
  "organizations_url": "https://api.github.com/users/mokarakaya/orgs",
  "repos_url": "https://api.github.com/users/mokarakaya/repos",
  "events_url": "https://api.github.com/users/mokarakaya/events{/privacy}",
  "received_events_url": "https://api.github.com/users/mokarakaya/received_events",
  "type": "User",
  "site_admin": false
}
