{
  "login": "montera82",
  "id": 8665738,
  "node_id": "MDQ6VXNlcjg2NjU3Mzg=",
  "avatar_url": "https://avatars2.githubusercontent.com/u/8665738?v=4",
  "gravatar_id": "",
  "url": "https://api.github.com/users/montera82",
  "html_url": "https://github.com/montera82",
  "followers_url": "https://api.github.com/users/montera82/followers",
  "following_url": "https://api.github.com/users/montera82/following{/other_user}",
  "gists_url": "https://api.github.com/users/montera82/gists{/gist_id}",
  "starred_url": "https://api.github.com/users/montera82/starred{/owner}{/repo}",
  "subscriptions_url": "https://api.github.com/users/montera82/subscriptions",
  "organizations_url": "https://api.github.com/users/montera82/orgs",
  "repos_url": "https://api.github.com/users/montera82/repos",
  "events_url": "https://api.github.com/users/montera82/events{/privacy}",
  "received_events_url": "https://api.github.com/users/montera82/received_events",
  "type": "User",
  "site_admin": false
}
