{
  "login": "mouadennaciri",
  "id": 19302635,
  "node_id": "MDQ6VXNlcjE5MzAyNjM1",
  "avatar_url": "https://avatars0.githubusercontent.com/u/19302635?v=4",
  "gravatar_id": "",
  "url": "https://api.github.com/users/mouadennaciri",
  "html_url": "https://github.com/mouadennaciri",
  "followers_url": "https://api.github.com/users/mouadennaciri/followers",
  "following_url": "https://api.github.com/users/mouadennaciri/following{/other_user}",
  "gists_url": "https://api.github.com/users/mouadennaciri/gists{/gist_id}",
  "starred_url": "https://api.github.com/users/mouadennaciri/starred{/owner}{/repo}",
  "subscriptions_url": "https://api.github.com/users/mouadennaciri/subscriptions",
  "organizations_url": "https://api.github.com/users/mouadennaciri/orgs",
  "repos_url": "https://api.github.com/users/mouadennaciri/repos",
  "events_url": "https://api.github.com/users/mouadennaciri/events{/privacy}",
  "received_events_url": "https://api.github.com/users/mouadennaciri/received_events",
  "type": "User",
  "site_admin": false
}
