{
  "login": "mozacoval",
  "id": 406928,
  "node_id": "MDQ6VXNlcjQwNjkyOA==",
  "avatar_url": "https://avatars3.githubusercontent.com/u/406928?v=4",
  "gravatar_id": "",
  "url": "https://api.github.com/users/mozacoval",
  "html_url": "https://github.com/mozacoval",
  "followers_url": "https://api.github.com/users/mozacoval/followers",
  "following_url": "https://api.github.com/users/mozacoval/following{/other_user}",
  "gists_url": "https://api.github.com/users/mozacoval/gists{/gist_id}",
  "starred_url": "https://api.github.com/users/mozacoval/starred{/owner}{/repo}",
  "subscriptions_url": "https://api.github.com/users/mozacoval/subscriptions",
  "organizations_url": "https://api.github.com/users/mozacoval/orgs",
  "repos_url": "https://api.github.com/users/mozacoval/repos",
  "events_url": "https://api.github.com/users/mozacoval/events{/privacy}",
  "received_events_url": "https://api.github.com/users/mozacoval/received_events",
  "type": "User",
  "site_admin": false
}
