{
  "login": "mparienti",
  "id": 6583576,
  "node_id": "MDQ6VXNlcjY1ODM1NzY=",
  "avatar_url": "https://avatars0.githubusercontent.com/u/6583576?v=4",
  "gravatar_id": "",
  "url": "https://api.github.com/users/mparienti",
  "html_url": "https://github.com/mparienti",
  "followers_url": "https://api.github.com/users/mparienti/followers",
  "following_url": "https://api.github.com/users/mparienti/following{/other_user}",
  "gists_url": "https://api.github.com/users/mparienti/gists{/gist_id}",
  "starred_url": "https://api.github.com/users/mparienti/starred{/owner}{/repo}",
  "subscriptions_url": "https://api.github.com/users/mparienti/subscriptions",
  "organizations_url": "https://api.github.com/users/mparienti/orgs",
  "repos_url": "https://api.github.com/users/mparienti/repos",
  "events_url": "https://api.github.com/users/mparienti/events{/privacy}",
  "received_events_url": "https://api.github.com/users/mparienti/received_events",
  "type": "User",
  "site_admin": false
}
