{
  "login": "mrjoelkemp",
  "id": 865203,
  "node_id": "MDQ6VXNlcjg2NTIwMw==",
  "avatar_url": "https://avatars0.githubusercontent.com/u/865203?v=4",
  "gravatar_id": "",
  "url": "https://api.github.com/users/mrjoelkemp",
  "html_url": "https://github.com/mrjoelkemp",
  "followers_url": "https://api.github.com/users/mrjoelkemp/followers",
  "following_url": "https://api.github.com/users/mrjoelkemp/following{/other_user}",
  "gists_url": "https://api.github.com/users/mrjoelkemp/gists{/gist_id}",
  "starred_url": "https://api.github.com/users/mrjoelkemp/starred{/owner}{/repo}",
  "subscriptions_url": "https://api.github.com/users/mrjoelkemp/subscriptions",
  "organizations_url": "https://api.github.com/users/mrjoelkemp/orgs",
  "repos_url": "https://api.github.com/users/mrjoelkemp/repos",
  "events_url": "https://api.github.com/users/mrjoelkemp/events{/privacy}",
  "received_events_url": "https://api.github.com/users/mrjoelkemp/received_events",
  "type": "User",
  "site_admin": false
}
