{
  "login": "mrliliang",
  "id": 12110905,
  "node_id": "MDQ6VXNlcjEyMTEwOTA1",
  "avatar_url": "https://avatars0.githubusercontent.com/u/12110905?v=4",
  "gravatar_id": "",
  "url": "https://api.github.com/users/mrliliang",
  "html_url": "https://github.com/mrliliang",
  "followers_url": "https://api.github.com/users/mrliliang/followers",
  "following_url": "https://api.github.com/users/mrliliang/following{/other_user}",
  "gists_url": "https://api.github.com/users/mrliliang/gists{/gist_id}",
  "starred_url": "https://api.github.com/users/mrliliang/starred{/owner}{/repo}",
  "subscriptions_url": "https://api.github.com/users/mrliliang/subscriptions",
  "organizations_url": "https://api.github.com/users/mrliliang/orgs",
  "repos_url": "https://api.github.com/users/mrliliang/repos",
  "events_url": "https://api.github.com/users/mrliliang/events{/privacy}",
  "received_events_url": "https://api.github.com/users/mrliliang/received_events",
  "type": "User",
  "site_admin": false
}
