{
  "login": "mryldz",
  "id": 26736801,
  "node_id": "MDQ6VXNlcjI2NzM2ODAx",
  "avatar_url": "https://avatars0.githubusercontent.com/u/26736801?v=4",
  "gravatar_id": "",
  "url": "https://api.github.com/users/mryldz",
  "html_url": "https://github.com/mryldz",
  "followers_url": "https://api.github.com/users/mryldz/followers",
  "following_url": "https://api.github.com/users/mryldz/following{/other_user}",
  "gists_url": "https://api.github.com/users/mryldz/gists{/gist_id}",
  "starred_url": "https://api.github.com/users/mryldz/starred{/owner}{/repo}",
  "subscriptions_url": "https://api.github.com/users/mryldz/subscriptions",
  "organizations_url": "https://api.github.com/users/mryldz/orgs",
  "repos_url": "https://api.github.com/users/mryldz/repos",
  "events_url": "https://api.github.com/users/mryldz/events{/privacy}",
  "received_events_url": "https://api.github.com/users/mryldz/received_events",
  "type": "User",
  "site_admin": false
}
