{
  "login": "muhammadfaizan",
  "id": 5428176,
  "node_id": "MDQ6VXNlcjU0MjgxNzY=",
  "avatar_url": "https://avatars0.githubusercontent.com/u/5428176?v=4",
  "gravatar_id": "",
  "url": "https://api.github.com/users/muhammadfaizan",
  "html_url": "https://github.com/muhammadfaizan",
  "followers_url": "https://api.github.com/users/muhammadfaizan/followers",
  "following_url": "https://api.github.com/users/muhammadfaizan/following{/other_user}",
  "gists_url": "https://api.github.com/users/muhammadfaizan/gists{/gist_id}",
  "starred_url": "https://api.github.com/users/muhammadfaizan/starred{/owner}{/repo}",
  "subscriptions_url": "https://api.github.com/users/muhammadfaizan/subscriptions",
  "organizations_url": "https://api.github.com/users/muhammadfaizan/orgs",
  "repos_url": "https://api.github.com/users/muhammadfaizan/repos",
  "events_url": "https://api.github.com/users/muhammadfaizan/events{/privacy}",
  "received_events_url": "https://api.github.com/users/muhammadfaizan/received_events",
  "type": "User",
  "site_admin": false
}
