{
  "login": "MuratGundes",
  "id": 3201922,
  "node_id": "MDQ6VXNlcjMyMDE5MjI=",
  "avatar_url": "https://avatars1.githubusercontent.com/u/3201922?v=4",
  "gravatar_id": "",
  "url": "https://api.github.com/users/MuratGundes",
  "html_url": "https://github.com/MuratGundes",
  "followers_url": "https://api.github.com/users/MuratGundes/followers",
  "following_url": "https://api.github.com/users/MuratGundes/following{/other_user}",
  "gists_url": "https://api.github.com/users/MuratGundes/gists{/gist_id}",
  "starred_url": "https://api.github.com/users/MuratGundes/starred{/owner}{/repo}",
  "subscriptions_url": "https://api.github.com/users/MuratGundes/subscriptions",
  "organizations_url": "https://api.github.com/users/MuratGundes/orgs",
  "repos_url": "https://api.github.com/users/MuratGundes/repos",
  "events_url": "https://api.github.com/users/MuratGundes/events{/privacy}",
  "received_events_url": "https://api.github.com/users/MuratGundes/received_events",
  "type": "User",
  "site_admin": false
}
