{
  "login": "muratok",
  "id": 25167901,
  "node_id": "MDQ6VXNlcjI1MTY3OTAx",
  "avatar_url": "https://avatars3.githubusercontent.com/u/25167901?v=4",
  "gravatar_id": "",
  "url": "https://api.github.com/users/muratok",
  "html_url": "https://github.com/muratok",
  "followers_url": "https://api.github.com/users/muratok/followers",
  "following_url": "https://api.github.com/users/muratok/following{/other_user}",
  "gists_url": "https://api.github.com/users/muratok/gists{/gist_id}",
  "starred_url": "https://api.github.com/users/muratok/starred{/owner}{/repo}",
  "subscriptions_url": "https://api.github.com/users/muratok/subscriptions",
  "organizations_url": "https://api.github.com/users/muratok/orgs",
  "repos_url": "https://api.github.com/users/muratok/repos",
  "events_url": "https://api.github.com/users/muratok/events{/privacy}",
  "received_events_url": "https://api.github.com/users/muratok/received_events",
  "type": "User",
  "site_admin": false
}
