{
  "login": "MVC4",
  "id": 1665822,
  "node_id": "MDQ6VXNlcjE2NjU4MjI=",
  "avatar_url": "https://avatars2.githubusercontent.com/u/1665822?v=4",
  "gravatar_id": "",
  "url": "https://api.github.com/users/MVC4",
  "html_url": "https://github.com/MVC4",
  "followers_url": "https://api.github.com/users/MVC4/followers",
  "following_url": "https://api.github.com/users/MVC4/following{/other_user}",
  "gists_url": "https://api.github.com/users/MVC4/gists{/gist_id}",
  "starred_url": "https://api.github.com/users/MVC4/starred{/owner}{/repo}",
  "subscriptions_url": "https://api.github.com/users/MVC4/subscriptions",
  "organizations_url": "https://api.github.com/users/MVC4/orgs",
  "repos_url": "https://api.github.com/users/MVC4/repos",
  "events_url": "https://api.github.com/users/MVC4/events{/privacy}",
  "received_events_url": "https://api.github.com/users/MVC4/received_events",
  "type": "User",
  "site_admin": false
}
