{
  "login": "MxLabs",
  "id": 4969235,
  "node_id": "MDQ6VXNlcjQ5NjkyMzU=",
  "avatar_url": "https://avatars1.githubusercontent.com/u/4969235?v=4",
  "gravatar_id": "",
  "url": "https://api.github.com/users/MxLabs",
  "html_url": "https://github.com/MxLabs",
  "followers_url": "https://api.github.com/users/MxLabs/followers",
  "following_url": "https://api.github.com/users/MxLabs/following{/other_user}",
  "gists_url": "https://api.github.com/users/MxLabs/gists{/gist_id}",
  "starred_url": "https://api.github.com/users/MxLabs/starred{/owner}{/repo}",
  "subscriptions_url": "https://api.github.com/users/MxLabs/subscriptions",
  "organizations_url": "https://api.github.com/users/MxLabs/orgs",
  "repos_url": "https://api.github.com/users/MxLabs/repos",
  "events_url": "https://api.github.com/users/MxLabs/events{/privacy}",
  "received_events_url": "https://api.github.com/users/MxLabs/received_events",
  "type": "User",
  "site_admin": false
}
