{
  "login": "nassor",
  "id": 244219,
  "node_id": "MDQ6VXNlcjI0NDIxOQ==",
  "avatar_url": "https://avatars1.githubusercontent.com/u/244219?v=4",
  "gravatar_id": "",
  "url": "https://api.github.com/users/nassor",
  "html_url": "https://github.com/nassor",
  "followers_url": "https://api.github.com/users/nassor/followers",
  "following_url": "https://api.github.com/users/nassor/following{/other_user}",
  "gists_url": "https://api.github.com/users/nassor/gists{/gist_id}",
  "starred_url": "https://api.github.com/users/nassor/starred{/owner}{/repo}",
  "subscriptions_url": "https://api.github.com/users/nassor/subscriptions",
  "organizations_url": "https://api.github.com/users/nassor/orgs",
  "repos_url": "https://api.github.com/users/nassor/repos",
  "events_url": "https://api.github.com/users/nassor/events{/privacy}",
  "received_events_url": "https://api.github.com/users/nassor/received_events",
  "type": "User",
  "site_admin": false
}
