{
  "login": "natasharomanoff",
  "id": 1845613,
  "node_id": "MDQ6VXNlcjE4NDU2MTM=",
  "avatar_url": "https://avatars0.githubusercontent.com/u/1845613?v=4",
  "gravatar_id": "",
  "url": "https://api.github.com/users/natasharomanoff",
  "html_url": "https://github.com/natasharomanoff",
  "followers_url": "https://api.github.com/users/natasharomanoff/followers",
  "following_url": "https://api.github.com/users/natasharomanoff/following{/other_user}",
  "gists_url": "https://api.github.com/users/natasharomanoff/gists{/gist_id}",
  "starred_url": "https://api.github.com/users/natasharomanoff/starred{/owner}{/repo}",
  "subscriptions_url": "https://api.github.com/users/natasharomanoff/subscriptions",
  "organizations_url": "https://api.github.com/users/natasharomanoff/orgs",
  "repos_url": "https://api.github.com/users/natasharomanoff/repos",
  "events_url": "https://api.github.com/users/natasharomanoff/events{/privacy}",
  "received_events_url": "https://api.github.com/users/natasharomanoff/received_events",
  "type": "User",
  "site_admin": false
}
