{
  "login": "netfw",
  "id": 375834,
  "node_id": "MDQ6VXNlcjM3NTgzNA==",
  "avatar_url": "https://avatars0.githubusercontent.com/u/375834?v=4",
  "gravatar_id": "",
  "url": "https://api.github.com/users/netfw",
  "html_url": "https://github.com/netfw",
  "followers_url": "https://api.github.com/users/netfw/followers",
  "following_url": "https://api.github.com/users/netfw/following{/other_user}",
  "gists_url": "https://api.github.com/users/netfw/gists{/gist_id}",
  "starred_url": "https://api.github.com/users/netfw/starred{/owner}{/repo}",
  "subscriptions_url": "https://api.github.com/users/netfw/subscriptions",
  "organizations_url": "https://api.github.com/users/netfw/orgs",
  "repos_url": "https://api.github.com/users/netfw/repos",
  "events_url": "https://api.github.com/users/netfw/events{/privacy}",
  "received_events_url": "https://api.github.com/users/netfw/received_events",
  "type": "User",
  "site_admin": false
}
