{
  "login": "neurosnap",
  "id": 1940365,
  "node_id": "MDQ6VXNlcjE5NDAzNjU=",
  "avatar_url": "https://avatars1.githubusercontent.com/u/1940365?v=4",
  "gravatar_id": "",
  "url": "https://api.github.com/users/neurosnap",
  "html_url": "https://github.com/neurosnap",
  "followers_url": "https://api.github.com/users/neurosnap/followers",
  "following_url": "https://api.github.com/users/neurosnap/following{/other_user}",
  "gists_url": "https://api.github.com/users/neurosnap/gists{/gist_id}",
  "starred_url": "https://api.github.com/users/neurosnap/starred{/owner}{/repo}",
  "subscriptions_url": "https://api.github.com/users/neurosnap/subscriptions",
  "organizations_url": "https://api.github.com/users/neurosnap/orgs",
  "repos_url": "https://api.github.com/users/neurosnap/repos",
  "events_url": "https://api.github.com/users/neurosnap/events{/privacy}",
  "received_events_url": "https://api.github.com/users/neurosnap/received_events",
  "type": "User",
  "site_admin": false
}
