{
  "login": "newtonmunene99",
  "id": 29271333,
  "node_id": "MDQ6VXNlcjI5MjcxMzMz",
  "avatar_url": "https://avatars3.githubusercontent.com/u/29271333?v=4",
  "gravatar_id": "",
  "url": "https://api.github.com/users/newtonmunene99",
  "html_url": "https://github.com/newtonmunene99",
  "followers_url": "https://api.github.com/users/newtonmunene99/followers",
  "following_url": "https://api.github.com/users/newtonmunene99/following{/other_user}",
  "gists_url": "https://api.github.com/users/newtonmunene99/gists{/gist_id}",
  "starred_url": "https://api.github.com/users/newtonmunene99/starred{/owner}{/repo}",
  "subscriptions_url": "https://api.github.com/users/newtonmunene99/subscriptions",
  "organizations_url": "https://api.github.com/users/newtonmunene99/orgs",
  "repos_url": "https://api.github.com/users/newtonmunene99/repos",
  "events_url": "https://api.github.com/users/newtonmunene99/events{/privacy}",
  "received_events_url": "https://api.github.com/users/newtonmunene99/received_events",
  "type": "User",
  "site_admin": false
}
