{
  "login": "nezihyigitbasi",
  "id": 1223839,
  "node_id": "MDQ6VXNlcjEyMjM4Mzk=",
  "avatar_url": "https://avatars3.githubusercontent.com/u/1223839?v=4",
  "gravatar_id": "",
  "url": "https://api.github.com/users/nezihyigitbasi",
  "html_url": "https://github.com/nezihyigitbasi",
  "followers_url": "https://api.github.com/users/nezihyigitbasi/followers",
  "following_url": "https://api.github.com/users/nezihyigitbasi/following{/other_user}",
  "gists_url": "https://api.github.com/users/nezihyigitbasi/gists{/gist_id}",
  "starred_url": "https://api.github.com/users/nezihyigitbasi/starred{/owner}{/repo}",
  "subscriptions_url": "https://api.github.com/users/nezihyigitbasi/subscriptions",
  "organizations_url": "https://api.github.com/users/nezihyigitbasi/orgs",
  "repos_url": "https://api.github.com/users/nezihyigitbasi/repos",
  "events_url": "https://api.github.com/users/nezihyigitbasi/events{/privacy}",
  "received_events_url": "https://api.github.com/users/nezihyigitbasi/received_events",
  "type": "User",
  "site_admin": false
}
