{
  "login": "ngoanpham1196",
  "id": 14330719,
  "node_id": "MDQ6VXNlcjE0MzMwNzE5",
  "avatar_url": "https://avatars1.githubusercontent.com/u/14330719?v=4",
  "gravatar_id": "",
  "url": "https://api.github.com/users/ngoanpham1196",
  "html_url": "https://github.com/ngoanpham1196",
  "followers_url": "https://api.github.com/users/ngoanpham1196/followers",
  "following_url": "https://api.github.com/users/ngoanpham1196/following{/other_user}",
  "gists_url": "https://api.github.com/users/ngoanpham1196/gists{/gist_id}",
  "starred_url": "https://api.github.com/users/ngoanpham1196/starred{/owner}{/repo}",
  "subscriptions_url": "https://api.github.com/users/ngoanpham1196/subscriptions",
  "organizations_url": "https://api.github.com/users/ngoanpham1196/orgs",
  "repos_url": "https://api.github.com/users/ngoanpham1196/repos",
  "events_url": "https://api.github.com/users/ngoanpham1196/events{/privacy}",
  "received_events_url": "https://api.github.com/users/ngoanpham1196/received_events",
  "type": "User",
  "site_admin": false
}
