{
  "login": "ngotrite",
  "id": 12718509,
  "node_id": "MDQ6VXNlcjEyNzE4NTA5",
  "avatar_url": "https://avatars3.githubusercontent.com/u/12718509?v=4",
  "gravatar_id": "",
  "url": "https://api.github.com/users/ngotrite",
  "html_url": "https://github.com/ngotrite",
  "followers_url": "https://api.github.com/users/ngotrite/followers",
  "following_url": "https://api.github.com/users/ngotrite/following{/other_user}",
  "gists_url": "https://api.github.com/users/ngotrite/gists{/gist_id}",
  "starred_url": "https://api.github.com/users/ngotrite/starred{/owner}{/repo}",
  "subscriptions_url": "https://api.github.com/users/ngotrite/subscriptions",
  "organizations_url": "https://api.github.com/users/ngotrite/orgs",
  "repos_url": "https://api.github.com/users/ngotrite/repos",
  "events_url": "https://api.github.com/users/ngotrite/events{/privacy}",
  "received_events_url": "https://api.github.com/users/ngotrite/received_events",
  "type": "User",
  "site_admin": false
}
