{
  "login": "ngpestelos",
  "id": 5047,
  "node_id": "MDQ6VXNlcjUwNDc=",
  "avatar_url": "https://avatars3.githubusercontent.com/u/5047?v=4",
  "gravatar_id": "",
  "url": "https://api.github.com/users/ngpestelos",
  "html_url": "https://github.com/ngpestelos",
  "followers_url": "https://api.github.com/users/ngpestelos/followers",
  "following_url": "https://api.github.com/users/ngpestelos/following{/other_user}",
  "gists_url": "https://api.github.com/users/ngpestelos/gists{/gist_id}",
  "starred_url": "https://api.github.com/users/ngpestelos/starred{/owner}{/repo}",
  "subscriptions_url": "https://api.github.com/users/ngpestelos/subscriptions",
  "organizations_url": "https://api.github.com/users/ngpestelos/orgs",
  "repos_url": "https://api.github.com/users/ngpestelos/repos",
  "events_url": "https://api.github.com/users/ngpestelos/events{/privacy}",
  "received_events_url": "https://api.github.com/users/ngpestelos/received_events",
  "type": "User",
  "site_admin": false
}
