{
  "login": "nhimrancu",
  "id": 25617892,
  "node_id": "MDQ6VXNlcjI1NjE3ODky",
  "avatar_url": "https://avatars3.githubusercontent.com/u/25617892?v=4",
  "gravatar_id": "",
  "url": "https://api.github.com/users/nhimrancu",
  "html_url": "https://github.com/nhimrancu",
  "followers_url": "https://api.github.com/users/nhimrancu/followers",
  "following_url": "https://api.github.com/users/nhimrancu/following{/other_user}",
  "gists_url": "https://api.github.com/users/nhimrancu/gists{/gist_id}",
  "starred_url": "https://api.github.com/users/nhimrancu/starred{/owner}{/repo}",
  "subscriptions_url": "https://api.github.com/users/nhimrancu/subscriptions",
  "organizations_url": "https://api.github.com/users/nhimrancu/orgs",
  "repos_url": "https://api.github.com/users/nhimrancu/repos",
  "events_url": "https://api.github.com/users/nhimrancu/events{/privacy}",
  "received_events_url": "https://api.github.com/users/nhimrancu/received_events",
  "type": "User",
  "site_admin": false
}
