{
  "login": "nihalmpatel",
  "id": 25846004,
  "node_id": "MDQ6VXNlcjI1ODQ2MDA0",
  "avatar_url": "https://avatars2.githubusercontent.com/u/25846004?v=4",
  "gravatar_id": "",
  "url": "https://api.github.com/users/nihalmpatel",
  "html_url": "https://github.com/nihalmpatel",
  "followers_url": "https://api.github.com/users/nihalmpatel/followers",
  "following_url": "https://api.github.com/users/nihalmpatel/following{/other_user}",
  "gists_url": "https://api.github.com/users/nihalmpatel/gists{/gist_id}",
  "starred_url": "https://api.github.com/users/nihalmpatel/starred{/owner}{/repo}",
  "subscriptions_url": "https://api.github.com/users/nihalmpatel/subscriptions",
  "organizations_url": "https://api.github.com/users/nihalmpatel/orgs",
  "repos_url": "https://api.github.com/users/nihalmpatel/repos",
  "events_url": "https://api.github.com/users/nihalmpatel/events{/privacy}",
  "received_events_url": "https://api.github.com/users/nihalmpatel/received_events",
  "type": "User",
  "site_admin": false
}
