{
  "login": "NullPointerLab",
  "id": 9152016,
  "node_id": "MDQ6VXNlcjkxNTIwMTY=",
  "avatar_url": "https://avatars3.githubusercontent.com/u/9152016?v=4",
  "gravatar_id": "",
  "url": "https://api.github.com/users/NullPointerLab",
  "html_url": "https://github.com/NullPointerLab",
  "followers_url": "https://api.github.com/users/NullPointerLab/followers",
  "following_url": "https://api.github.com/users/NullPointerLab/following{/other_user}",
  "gists_url": "https://api.github.com/users/NullPointerLab/gists{/gist_id}",
  "starred_url": "https://api.github.com/users/NullPointerLab/starred{/owner}{/repo}",
  "subscriptions_url": "https://api.github.com/users/NullPointerLab/subscriptions",
  "organizations_url": "https://api.github.com/users/NullPointerLab/orgs",
  "repos_url": "https://api.github.com/users/NullPointerLab/repos",
  "events_url": "https://api.github.com/users/NullPointerLab/events{/privacy}",
  "received_events_url": "https://api.github.com/users/NullPointerLab/received_events",
  "type": "User",
  "site_admin": false
}
