{
  "login": "nvcken",
  "id": 3489866,
  "node_id": "MDQ6VXNlcjM0ODk4NjY=",
  "avatar_url": "https://avatars1.githubusercontent.com/u/3489866?v=4",
  "gravatar_id": "",
  "url": "https://api.github.com/users/nvcken",
  "html_url": "https://github.com/nvcken",
  "followers_url": "https://api.github.com/users/nvcken/followers",
  "following_url": "https://api.github.com/users/nvcken/following{/other_user}",
  "gists_url": "https://api.github.com/users/nvcken/gists{/gist_id}",
  "starred_url": "https://api.github.com/users/nvcken/starred{/owner}{/repo}",
  "subscriptions_url": "https://api.github.com/users/nvcken/subscriptions",
  "organizations_url": "https://api.github.com/users/nvcken/orgs",
  "repos_url": "https://api.github.com/users/nvcken/repos",
  "events_url": "https://api.github.com/users/nvcken/events{/privacy}",
  "received_events_url": "https://api.github.com/users/nvcken/received_events",
  "type": "User",
  "site_admin": false
}
