{
  "login": "oguzbilgic",
  "id": 144778,
  "node_id": "MDQ6VXNlcjE0NDc3OA==",
  "avatar_url": "https://avatars0.githubusercontent.com/u/144778?v=4",
  "gravatar_id": "",
  "url": "https://api.github.com/users/oguzbilgic",
  "html_url": "https://github.com/oguzbilgic",
  "followers_url": "https://api.github.com/users/oguzbilgic/followers",
  "following_url": "https://api.github.com/users/oguzbilgic/following{/other_user}",
  "gists_url": "https://api.github.com/users/oguzbilgic/gists{/gist_id}",
  "starred_url": "https://api.github.com/users/oguzbilgic/starred{/owner}{/repo}",
  "subscriptions_url": "https://api.github.com/users/oguzbilgic/subscriptions",
  "organizations_url": "https://api.github.com/users/oguzbilgic/orgs",
  "repos_url": "https://api.github.com/users/oguzbilgic/repos",
  "events_url": "https://api.github.com/users/oguzbilgic/events{/privacy}",
  "received_events_url": "https://api.github.com/users/oguzbilgic/received_events",
  "type": "User",
  "site_admin": false
}
