{
  "login": "onlyilkr",
  "id": 8075515,
  "node_id": "MDQ6VXNlcjgwNzU1MTU=",
  "avatar_url": "https://avatars1.githubusercontent.com/u/8075515?v=4",
  "gravatar_id": "",
  "url": "https://api.github.com/users/onlyilkr",
  "html_url": "https://github.com/onlyilkr",
  "followers_url": "https://api.github.com/users/onlyilkr/followers",
  "following_url": "https://api.github.com/users/onlyilkr/following{/other_user}",
  "gists_url": "https://api.github.com/users/onlyilkr/gists{/gist_id}",
  "starred_url": "https://api.github.com/users/onlyilkr/starred{/owner}{/repo}",
  "subscriptions_url": "https://api.github.com/users/onlyilkr/subscriptions",
  "organizations_url": "https://api.github.com/users/onlyilkr/orgs",
  "repos_url": "https://api.github.com/users/onlyilkr/repos",
  "events_url": "https://api.github.com/users/onlyilkr/events{/privacy}",
  "received_events_url": "https://api.github.com/users/onlyilkr/received_events",
  "type": "User",
  "site_admin": false
}
