{
  "login": "OnrSu",
  "id": 11726516,
  "node_id": "MDQ6VXNlcjExNzI2NTE2",
  "avatar_url": "https://avatars1.githubusercontent.com/u/11726516?v=4",
  "gravatar_id": "",
  "url": "https://api.github.com/users/OnrSu",
  "html_url": "https://github.com/OnrSu",
  "followers_url": "https://api.github.com/users/OnrSu/followers",
  "following_url": "https://api.github.com/users/OnrSu/following{/other_user}",
  "gists_url": "https://api.github.com/users/OnrSu/gists{/gist_id}",
  "starred_url": "https://api.github.com/users/OnrSu/starred{/owner}{/repo}",
  "subscriptions_url": "https://api.github.com/users/OnrSu/subscriptions",
  "organizations_url": "https://api.github.com/users/OnrSu/orgs",
  "repos_url": "https://api.github.com/users/OnrSu/repos",
  "events_url": "https://api.github.com/users/OnrSu/events{/privacy}",
  "received_events_url": "https://api.github.com/users/OnrSu/received_events",
  "type": "User",
  "site_admin": false
}
