{
  "login": "optnio00",
  "id": 15853647,
  "node_id": "MDQ6VXNlcjE1ODUzNjQ3",
  "avatar_url": "https://avatars1.githubusercontent.com/u/15853647?v=4",
  "gravatar_id": "",
  "url": "https://api.github.com/users/optnio00",
  "html_url": "https://github.com/optnio00",
  "followers_url": "https://api.github.com/users/optnio00/followers",
  "following_url": "https://api.github.com/users/optnio00/following{/other_user}",
  "gists_url": "https://api.github.com/users/optnio00/gists{/gist_id}",
  "starred_url": "https://api.github.com/users/optnio00/starred{/owner}{/repo}",
  "subscriptions_url": "https://api.github.com/users/optnio00/subscriptions",
  "organizations_url": "https://api.github.com/users/optnio00/orgs",
  "repos_url": "https://api.github.com/users/optnio00/repos",
  "events_url": "https://api.github.com/users/optnio00/events{/privacy}",
  "received_events_url": "https://api.github.com/users/optnio00/received_events",
  "type": "User",
  "site_admin": false
}
