{
  "login": "orakle",
  "id": 2844591,
  "node_id": "MDQ6VXNlcjI4NDQ1OTE=",
  "avatar_url": "https://avatars3.githubusercontent.com/u/2844591?v=4",
  "gravatar_id": "",
  "url": "https://api.github.com/users/orakle",
  "html_url": "https://github.com/orakle",
  "followers_url": "https://api.github.com/users/orakle/followers",
  "following_url": "https://api.github.com/users/orakle/following{/other_user}",
  "gists_url": "https://api.github.com/users/orakle/gists{/gist_id}",
  "starred_url": "https://api.github.com/users/orakle/starred{/owner}{/repo}",
  "subscriptions_url": "https://api.github.com/users/orakle/subscriptions",
  "organizations_url": "https://api.github.com/users/orakle/orgs",
  "repos_url": "https://api.github.com/users/orakle/repos",
  "events_url": "https://api.github.com/users/orakle/events{/privacy}",
  "received_events_url": "https://api.github.com/users/orakle/received_events",
  "type": "User",
  "site_admin": false
}
