{
  "login": "orisano",
  "id": 1029249,
  "node_id": "MDQ6VXNlcjEwMjkyNDk=",
  "avatar_url": "https://avatars0.githubusercontent.com/u/1029249?v=4",
  "gravatar_id": "",
  "url": "https://api.github.com/users/orisano",
  "html_url": "https://github.com/orisano",
  "followers_url": "https://api.github.com/users/orisano/followers",
  "following_url": "https://api.github.com/users/orisano/following{/other_user}",
  "gists_url": "https://api.github.com/users/orisano/gists{/gist_id}",
  "starred_url": "https://api.github.com/users/orisano/starred{/owner}{/repo}",
  "subscriptions_url": "https://api.github.com/users/orisano/subscriptions",
  "organizations_url": "https://api.github.com/users/orisano/orgs",
  "repos_url": "https://api.github.com/users/orisano/repos",
  "events_url": "https://api.github.com/users/orisano/events{/privacy}",
  "received_events_url": "https://api.github.com/users/orisano/received_events",
  "type": "User",
  "site_admin": false
}
