{
  "login": "oxoxzhu",
  "id": 5073716,
  "node_id": "MDQ6VXNlcjUwNzM3MTY=",
  "avatar_url": "https://avatars0.githubusercontent.com/u/5073716?v=4",
  "gravatar_id": "",
  "url": "https://api.github.com/users/oxoxzhu",
  "html_url": "https://github.com/oxoxzhu",
  "followers_url": "https://api.github.com/users/oxoxzhu/followers",
  "following_url": "https://api.github.com/users/oxoxzhu/following{/other_user}",
  "gists_url": "https://api.github.com/users/oxoxzhu/gists{/gist_id}",
  "starred_url": "https://api.github.com/users/oxoxzhu/starred{/owner}{/repo}",
  "subscriptions_url": "https://api.github.com/users/oxoxzhu/subscriptions",
  "organizations_url": "https://api.github.com/users/oxoxzhu/orgs",
  "repos_url": "https://api.github.com/users/oxoxzhu/repos",
  "events_url": "https://api.github.com/users/oxoxzhu/events{/privacy}",
  "received_events_url": "https://api.github.com/users/oxoxzhu/received_events",
  "type": "User",
  "site_admin": false
}
