{
  "login": "ozgurdemirel",
  "id": 5571116,
  "node_id": "MDQ6VXNlcjU1NzExMTY=",
  "avatar_url": "https://avatars3.githubusercontent.com/u/5571116?v=4",
  "gravatar_id": "",
  "url": "https://api.github.com/users/ozgurdemirel",
  "html_url": "https://github.com/ozgurdemirel",
  "followers_url": "https://api.github.com/users/ozgurdemirel/followers",
  "following_url": "https://api.github.com/users/ozgurdemirel/following{/other_user}",
  "gists_url": "https://api.github.com/users/ozgurdemirel/gists{/gist_id}",
  "starred_url": "https://api.github.com/users/ozgurdemirel/starred{/owner}{/repo}",
  "subscriptions_url": "https://api.github.com/users/ozgurdemirel/subscriptions",
  "organizations_url": "https://api.github.com/users/ozgurdemirel/orgs",
  "repos_url": "https://api.github.com/users/ozgurdemirel/repos",
  "events_url": "https://api.github.com/users/ozgurdemirel/events{/privacy}",
  "received_events_url": "https://api.github.com/users/ozgurdemirel/received_events",
  "type": "User",
  "site_admin": false
}
