{
  "login": "ozzpy",
  "id": 20483942,
  "node_id": "MDQ6VXNlcjIwNDgzOTQy",
  "avatar_url": "https://avatars3.githubusercontent.com/u/20483942?v=4",
  "gravatar_id": "",
  "url": "https://api.github.com/users/ozzpy",
  "html_url": "https://github.com/ozzpy",
  "followers_url": "https://api.github.com/users/ozzpy/followers",
  "following_url": "https://api.github.com/users/ozzpy/following{/other_user}",
  "gists_url": "https://api.github.com/users/ozzpy/gists{/gist_id}",
  "starred_url": "https://api.github.com/users/ozzpy/starred{/owner}{/repo}",
  "subscriptions_url": "https://api.github.com/users/ozzpy/subscriptions",
  "organizations_url": "https://api.github.com/users/ozzpy/orgs",
  "repos_url": "https://api.github.com/users/ozzpy/repos",
  "events_url": "https://api.github.com/users/ozzpy/events{/privacy}",
  "received_events_url": "https://api.github.com/users/ozzpy/received_events",
  "type": "User",
  "site_admin": false
}
