{
  "login": "paalka",
  "id": 5358991,
  "node_id": "MDQ6VXNlcjUzNTg5OTE=",
  "avatar_url": "https://avatars3.githubusercontent.com/u/5358991?v=4",
  "gravatar_id": "",
  "url": "https://api.github.com/users/paalka",
  "html_url": "https://github.com/paalka",
  "followers_url": "https://api.github.com/users/paalka/followers",
  "following_url": "https://api.github.com/users/paalka/following{/other_user}",
  "gists_url": "https://api.github.com/users/paalka/gists{/gist_id}",
  "starred_url": "https://api.github.com/users/paalka/starred{/owner}{/repo}",
  "subscriptions_url": "https://api.github.com/users/paalka/subscriptions",
  "organizations_url": "https://api.github.com/users/paalka/orgs",
  "repos_url": "https://api.github.com/users/paalka/repos",
  "events_url": "https://api.github.com/users/paalka/events{/privacy}",
  "received_events_url": "https://api.github.com/users/paalka/received_events",
  "type": "User",
  "site_admin": false
}
