{
  "login": "paraspatidar",
  "id": 5575617,
  "node_id": "MDQ6VXNlcjU1NzU2MTc=",
  "avatar_url": "https://avatars3.githubusercontent.com/u/5575617?v=4",
  "gravatar_id": "",
  "url": "https://api.github.com/users/paraspatidar",
  "html_url": "https://github.com/paraspatidar",
  "followers_url": "https://api.github.com/users/paraspatidar/followers",
  "following_url": "https://api.github.com/users/paraspatidar/following{/other_user}",
  "gists_url": "https://api.github.com/users/paraspatidar/gists{/gist_id}",
  "starred_url": "https://api.github.com/users/paraspatidar/starred{/owner}{/repo}",
  "subscriptions_url": "https://api.github.com/users/paraspatidar/subscriptions",
  "organizations_url": "https://api.github.com/users/paraspatidar/orgs",
  "repos_url": "https://api.github.com/users/paraspatidar/repos",
  "events_url": "https://api.github.com/users/paraspatidar/events{/privacy}",
  "received_events_url": "https://api.github.com/users/paraspatidar/received_events",
  "type": "User",
  "site_admin": false
}
