{
  "login": "parkwookdong",
  "id": 3339767,
  "node_id": "MDQ6VXNlcjMzMzk3Njc=",
  "avatar_url": "https://avatars0.githubusercontent.com/u/3339767?v=4",
  "gravatar_id": "",
  "url": "https://api.github.com/users/parkwookdong",
  "html_url": "https://github.com/parkwookdong",
  "followers_url": "https://api.github.com/users/parkwookdong/followers",
  "following_url": "https://api.github.com/users/parkwookdong/following{/other_user}",
  "gists_url": "https://api.github.com/users/parkwookdong/gists{/gist_id}",
  "starred_url": "https://api.github.com/users/parkwookdong/starred{/owner}{/repo}",
  "subscriptions_url": "https://api.github.com/users/parkwookdong/subscriptions",
  "organizations_url": "https://api.github.com/users/parkwookdong/orgs",
  "repos_url": "https://api.github.com/users/parkwookdong/repos",
  "events_url": "https://api.github.com/users/parkwookdong/events{/privacy}",
  "received_events_url": "https://api.github.com/users/parkwookdong/received_events",
  "type": "User",
  "site_admin": false
}
