{
  "login": "PascalDierich",
  "id": 14186263,
  "node_id": "MDQ6VXNlcjE0MTg2MjYz",
  "avatar_url": "https://avatars0.githubusercontent.com/u/14186263?v=4",
  "gravatar_id": "",
  "url": "https://api.github.com/users/PascalDierich",
  "html_url": "https://github.com/PascalDierich",
  "followers_url": "https://api.github.com/users/PascalDierich/followers",
  "following_url": "https://api.github.com/users/PascalDierich/following{/other_user}",
  "gists_url": "https://api.github.com/users/PascalDierich/gists{/gist_id}",
  "starred_url": "https://api.github.com/users/PascalDierich/starred{/owner}{/repo}",
  "subscriptions_url": "https://api.github.com/users/PascalDierich/subscriptions",
  "organizations_url": "https://api.github.com/users/PascalDierich/orgs",
  "repos_url": "https://api.github.com/users/PascalDierich/repos",
  "events_url": "https://api.github.com/users/PascalDierich/events{/privacy}",
  "received_events_url": "https://api.github.com/users/PascalDierich/received_events",
  "type": "User",
  "site_admin": false
}
