{
  "login": "peggyl",
  "id": 2467815,
  "node_id": "MDQ6VXNlcjI0Njc4MTU=",
  "avatar_url": "https://avatars1.githubusercontent.com/u/2467815?v=4",
  "gravatar_id": "",
  "url": "https://api.github.com/users/peggyl",
  "html_url": "https://github.com/peggyl",
  "followers_url": "https://api.github.com/users/peggyl/followers",
  "following_url": "https://api.github.com/users/peggyl/following{/other_user}",
  "gists_url": "https://api.github.com/users/peggyl/gists{/gist_id}",
  "starred_url": "https://api.github.com/users/peggyl/starred{/owner}{/repo}",
  "subscriptions_url": "https://api.github.com/users/peggyl/subscriptions",
  "organizations_url": "https://api.github.com/users/peggyl/orgs",
  "repos_url": "https://api.github.com/users/peggyl/repos",
  "events_url": "https://api.github.com/users/peggyl/events{/privacy}",
  "received_events_url": "https://api.github.com/users/peggyl/received_events",
  "type": "User",
  "site_admin": false
}
