{
  "login": "philpennock",
  "id": 559098,
  "node_id": "MDQ6VXNlcjU1OTA5OA==",
  "avatar_url": "https://avatars2.githubusercontent.com/u/559098?v=4",
  "gravatar_id": "",
  "url": "https://api.github.com/users/philpennock",
  "html_url": "https://github.com/philpennock",
  "followers_url": "https://api.github.com/users/philpennock/followers",
  "following_url": "https://api.github.com/users/philpennock/following{/other_user}",
  "gists_url": "https://api.github.com/users/philpennock/gists{/gist_id}",
  "starred_url": "https://api.github.com/users/philpennock/starred{/owner}{/repo}",
  "subscriptions_url": "https://api.github.com/users/philpennock/subscriptions",
  "organizations_url": "https://api.github.com/users/philpennock/orgs",
  "repos_url": "https://api.github.com/users/philpennock/repos",
  "events_url": "https://api.github.com/users/philpennock/events{/privacy}",
  "received_events_url": "https://api.github.com/users/philpennock/received_events",
  "type": "User",
  "site_admin": false
}
