{
  "login": "phristov",
  "id": 6026366,
  "node_id": "MDQ6VXNlcjYwMjYzNjY=",
  "avatar_url": "https://avatars1.githubusercontent.com/u/6026366?v=4",
  "gravatar_id": "",
  "url": "https://api.github.com/users/phristov",
  "html_url": "https://github.com/phristov",
  "followers_url": "https://api.github.com/users/phristov/followers",
  "following_url": "https://api.github.com/users/phristov/following{/other_user}",
  "gists_url": "https://api.github.com/users/phristov/gists{/gist_id}",
  "starred_url": "https://api.github.com/users/phristov/starred{/owner}{/repo}",
  "subscriptions_url": "https://api.github.com/users/phristov/subscriptions",
  "organizations_url": "https://api.github.com/users/phristov/orgs",
  "repos_url": "https://api.github.com/users/phristov/repos",
  "events_url": "https://api.github.com/users/phristov/events{/privacy}",
  "received_events_url": "https://api.github.com/users/phristov/received_events",
  "type": "User",
  "site_admin": false
}
