{
  "login": "plac",
  "id": 401307,
  "node_id": "MDQ6VXNlcjQwMTMwNw==",
  "avatar_url": "https://avatars2.githubusercontent.com/u/401307?v=4",
  "gravatar_id": "",
  "url": "https://api.github.com/users/plac",
  "html_url": "https://github.com/plac",
  "followers_url": "https://api.github.com/users/plac/followers",
  "following_url": "https://api.github.com/users/plac/following{/other_user}",
  "gists_url": "https://api.github.com/users/plac/gists{/gist_id}",
  "starred_url": "https://api.github.com/users/plac/starred{/owner}{/repo}",
  "subscriptions_url": "https://api.github.com/users/plac/subscriptions",
  "organizations_url": "https://api.github.com/users/plac/orgs",
  "repos_url": "https://api.github.com/users/plac/repos",
  "events_url": "https://api.github.com/users/plac/events{/privacy}",
  "received_events_url": "https://api.github.com/users/plac/received_events",
  "type": "User",
  "site_admin": false
}
