{
  "login": "podviaznikov",
  "id": 429706,
  "node_id": "MDQ6VXNlcjQyOTcwNg==",
  "avatar_url": "https://avatars2.githubusercontent.com/u/429706?v=4",
  "gravatar_id": "",
  "url": "https://api.github.com/users/podviaznikov",
  "html_url": "https://github.com/podviaznikov",
  "followers_url": "https://api.github.com/users/podviaznikov/followers",
  "following_url": "https://api.github.com/users/podviaznikov/following{/other_user}",
  "gists_url": "https://api.github.com/users/podviaznikov/gists{/gist_id}",
  "starred_url": "https://api.github.com/users/podviaznikov/starred{/owner}{/repo}",
  "subscriptions_url": "https://api.github.com/users/podviaznikov/subscriptions",
  "organizations_url": "https://api.github.com/users/podviaznikov/orgs",
  "repos_url": "https://api.github.com/users/podviaznikov/repos",
  "events_url": "https://api.github.com/users/podviaznikov/events{/privacy}",
  "received_events_url": "https://api.github.com/users/podviaznikov/received_events",
  "type": "User",
  "site_admin": false
}
