{
  "login": "PongPloy2016",
  "id": 8625469,
  "node_id": "MDQ6VXNlcjg2MjU0Njk=",
  "avatar_url": "https://avatars0.githubusercontent.com/u/8625469?v=4",
  "gravatar_id": "",
  "url": "https://api.github.com/users/PongPloy2016",
  "html_url": "https://github.com/PongPloy2016",
  "followers_url": "https://api.github.com/users/PongPloy2016/followers",
  "following_url": "https://api.github.com/users/PongPloy2016/following{/other_user}",
  "gists_url": "https://api.github.com/users/PongPloy2016/gists{/gist_id}",
  "starred_url": "https://api.github.com/users/PongPloy2016/starred{/owner}{/repo}",
  "subscriptions_url": "https://api.github.com/users/PongPloy2016/subscriptions",
  "organizations_url": "https://api.github.com/users/PongPloy2016/orgs",
  "repos_url": "https://api.github.com/users/PongPloy2016/repos",
  "events_url": "https://api.github.com/users/PongPloy2016/events{/privacy}",
  "received_events_url": "https://api.github.com/users/PongPloy2016/received_events",
  "type": "User",
  "site_admin": false
}
