{
  "login": "poorcoder",
  "id": 229916,
  "node_id": "MDQ6VXNlcjIyOTkxNg==",
  "avatar_url": "https://avatars1.githubusercontent.com/u/229916?v=4",
  "gravatar_id": "",
  "url": "https://api.github.com/users/poorcoder",
  "html_url": "https://github.com/poorcoder",
  "followers_url": "https://api.github.com/users/poorcoder/followers",
  "following_url": "https://api.github.com/users/poorcoder/following{/other_user}",
  "gists_url": "https://api.github.com/users/poorcoder/gists{/gist_id}",
  "starred_url": "https://api.github.com/users/poorcoder/starred{/owner}{/repo}",
  "subscriptions_url": "https://api.github.com/users/poorcoder/subscriptions",
  "organizations_url": "https://api.github.com/users/poorcoder/orgs",
  "repos_url": "https://api.github.com/users/poorcoder/repos",
  "events_url": "https://api.github.com/users/poorcoder/events{/privacy}",
  "received_events_url": "https://api.github.com/users/poorcoder/received_events",
  "type": "User",
  "site_admin": false
}
