{
  "login": "PramodSripada",
  "id": 23690935,
  "node_id": "MDQ6VXNlcjIzNjkwOTM1",
  "avatar_url": "https://avatars3.githubusercontent.com/u/23690935?v=4",
  "gravatar_id": "",
  "url": "https://api.github.com/users/PramodSripada",
  "html_url": "https://github.com/PramodSripada",
  "followers_url": "https://api.github.com/users/PramodSripada/followers",
  "following_url": "https://api.github.com/users/PramodSripada/following{/other_user}",
  "gists_url": "https://api.github.com/users/PramodSripada/gists{/gist_id}",
  "starred_url": "https://api.github.com/users/PramodSripada/starred{/owner}{/repo}",
  "subscriptions_url": "https://api.github.com/users/PramodSripada/subscriptions",
  "organizations_url": "https://api.github.com/users/PramodSripada/orgs",
  "repos_url": "https://api.github.com/users/PramodSripada/repos",
  "events_url": "https://api.github.com/users/PramodSripada/events{/privacy}",
  "received_events_url": "https://api.github.com/users/PramodSripada/received_events",
  "type": "User",
  "site_admin": false
}
