{
  "login": "pushshift",
  "id": 12604285,
  "node_id": "MDQ6VXNlcjEyNjA0Mjg1",
  "avatar_url": "https://avatars3.githubusercontent.com/u/12604285?v=4",
  "gravatar_id": "",
  "url": "https://api.github.com/users/pushshift",
  "html_url": "https://github.com/pushshift",
  "followers_url": "https://api.github.com/users/pushshift/followers",
  "following_url": "https://api.github.com/users/pushshift/following{/other_user}",
  "gists_url": "https://api.github.com/users/pushshift/gists{/gist_id}",
  "starred_url": "https://api.github.com/users/pushshift/starred{/owner}{/repo}",
  "subscriptions_url": "https://api.github.com/users/pushshift/subscriptions",
  "organizations_url": "https://api.github.com/users/pushshift/orgs",
  "repos_url": "https://api.github.com/users/pushshift/repos",
  "events_url": "https://api.github.com/users/pushshift/events{/privacy}",
  "received_events_url": "https://api.github.com/users/pushshift/received_events",
  "type": "User",
  "site_admin": false
}
