{
  "login": "qinyangkai",
  "id": 14972647,
  "node_id": "MDQ6VXNlcjE0OTcyNjQ3",
  "avatar_url": "https://avatars3.githubusercontent.com/u/14972647?v=4",
  "gravatar_id": "",
  "url": "https://api.github.com/users/qinyangkai",
  "html_url": "https://github.com/qinyangkai",
  "followers_url": "https://api.github.com/users/qinyangkai/followers",
  "following_url": "https://api.github.com/users/qinyangkai/following{/other_user}",
  "gists_url": "https://api.github.com/users/qinyangkai/gists{/gist_id}",
  "starred_url": "https://api.github.com/users/qinyangkai/starred{/owner}{/repo}",
  "subscriptions_url": "https://api.github.com/users/qinyangkai/subscriptions",
  "organizations_url": "https://api.github.com/users/qinyangkai/orgs",
  "repos_url": "https://api.github.com/users/qinyangkai/repos",
  "events_url": "https://api.github.com/users/qinyangkai/events{/privacy}",
  "received_events_url": "https://api.github.com/users/qinyangkai/received_events",
  "type": "User",
  "site_admin": false
}
