{
  "login": "qssq",
  "id": 14260426,
  "node_id": "MDQ6VXNlcjE0MjYwNDI2",
  "avatar_url": "https://avatars2.githubusercontent.com/u/14260426?v=4",
  "gravatar_id": "",
  "url": "https://api.github.com/users/qssq",
  "html_url": "https://github.com/qssq",
  "followers_url": "https://api.github.com/users/qssq/followers",
  "following_url": "https://api.github.com/users/qssq/following{/other_user}",
  "gists_url": "https://api.github.com/users/qssq/gists{/gist_id}",
  "starred_url": "https://api.github.com/users/qssq/starred{/owner}{/repo}",
  "subscriptions_url": "https://api.github.com/users/qssq/subscriptions",
  "organizations_url": "https://api.github.com/users/qssq/orgs",
  "repos_url": "https://api.github.com/users/qssq/repos",
  "events_url": "https://api.github.com/users/qssq/events{/privacy}",
  "received_events_url": "https://api.github.com/users/qssq/received_events",
  "type": "User",
  "site_admin": false
}
