{
  "login": "quasilyte",
  "id": 6286655,
  "node_id": "MDQ6VXNlcjYyODY2NTU=",
  "avatar_url": "https://avatars3.githubusercontent.com/u/6286655?v=4",
  "gravatar_id": "",
  "url": "https://api.github.com/users/quasilyte",
  "html_url": "https://github.com/quasilyte",
  "followers_url": "https://api.github.com/users/quasilyte/followers",
  "following_url": "https://api.github.com/users/quasilyte/following{/other_user}",
  "gists_url": "https://api.github.com/users/quasilyte/gists{/gist_id}",
  "starred_url": "https://api.github.com/users/quasilyte/starred{/owner}{/repo}",
  "subscriptions_url": "https://api.github.com/users/quasilyte/subscriptions",
  "organizations_url": "https://api.github.com/users/quasilyte/orgs",
  "repos_url": "https://api.github.com/users/quasilyte/repos",
  "events_url": "https://api.github.com/users/quasilyte/events{/privacy}",
  "received_events_url": "https://api.github.com/users/quasilyte/received_events",
  "type": "User",
  "site_admin": false
}
