{
  "login": "r2d4",
  "id": 896032,
  "node_id": "MDQ6VXNlcjg5NjAzMg==",
  "avatar_url": "https://avatars1.githubusercontent.com/u/896032?v=4",
  "gravatar_id": "",
  "url": "https://api.github.com/users/r2d4",
  "html_url": "https://github.com/r2d4",
  "followers_url": "https://api.github.com/users/r2d4/followers",
  "following_url": "https://api.github.com/users/r2d4/following{/other_user}",
  "gists_url": "https://api.github.com/users/r2d4/gists{/gist_id}",
  "starred_url": "https://api.github.com/users/r2d4/starred{/owner}{/repo}",
  "subscriptions_url": "https://api.github.com/users/r2d4/subscriptions",
  "organizations_url": "https://api.github.com/users/r2d4/orgs",
  "repos_url": "https://api.github.com/users/r2d4/repos",
  "events_url": "https://api.github.com/users/r2d4/events{/privacy}",
  "received_events_url": "https://api.github.com/users/r2d4/received_events",
  "type": "User",
  "site_admin": false
}
