{
  "login": "rafaelpaixao",
  "id": 19275479,
  "node_id": "MDQ6VXNlcjE5Mjc1NDc5",
  "avatar_url": "https://avatars0.githubusercontent.com/u/19275479?v=4",
  "gravatar_id": "",
  "url": "https://api.github.com/users/rafaelpaixao",
  "html_url": "https://github.com/rafaelpaixao",
  "followers_url": "https://api.github.com/users/rafaelpaixao/followers",
  "following_url": "https://api.github.com/users/rafaelpaixao/following{/other_user}",
  "gists_url": "https://api.github.com/users/rafaelpaixao/gists{/gist_id}",
  "starred_url": "https://api.github.com/users/rafaelpaixao/starred{/owner}{/repo}",
  "subscriptions_url": "https://api.github.com/users/rafaelpaixao/subscriptions",
  "organizations_url": "https://api.github.com/users/rafaelpaixao/orgs",
  "repos_url": "https://api.github.com/users/rafaelpaixao/repos",
  "events_url": "https://api.github.com/users/rafaelpaixao/events{/privacy}",
  "received_events_url": "https://api.github.com/users/rafaelpaixao/received_events",
  "type": "User",
  "site_admin": false
}
