{
  "login": "rafaeljesus",
  "id": 1216425,
  "node_id": "MDQ6VXNlcjEyMTY0MjU=",
  "avatar_url": "https://avatars2.githubusercontent.com/u/1216425?v=4",
  "gravatar_id": "",
  "url": "https://api.github.com/users/rafaeljesus",
  "html_url": "https://github.com/rafaeljesus",
  "followers_url": "https://api.github.com/users/rafaeljesus/followers",
  "following_url": "https://api.github.com/users/rafaeljesus/following{/other_user}",
  "gists_url": "https://api.github.com/users/rafaeljesus/gists{/gist_id}",
  "starred_url": "https://api.github.com/users/rafaeljesus/starred{/owner}{/repo}",
  "subscriptions_url": "https://api.github.com/users/rafaeljesus/subscriptions",
  "organizations_url": "https://api.github.com/users/rafaeljesus/orgs",
  "repos_url": "https://api.github.com/users/rafaeljesus/repos",
  "events_url": "https://api.github.com/users/rafaeljesus/events{/privacy}",
  "received_events_url": "https://api.github.com/users/rafaeljesus/received_events",
  "type": "User",
  "site_admin": false
}
