{
  "login": "rafiuske",
  "id": 7706923,
  "node_id": "MDQ6VXNlcjc3MDY5MjM=",
  "avatar_url": "https://avatars2.githubusercontent.com/u/7706923?v=4",
  "gravatar_id": "",
  "url": "https://api.github.com/users/rafiuske",
  "html_url": "https://github.com/rafiuske",
  "followers_url": "https://api.github.com/users/rafiuske/followers",
  "following_url": "https://api.github.com/users/rafiuske/following{/other_user}",
  "gists_url": "https://api.github.com/users/rafiuske/gists{/gist_id}",
  "starred_url": "https://api.github.com/users/rafiuske/starred{/owner}{/repo}",
  "subscriptions_url": "https://api.github.com/users/rafiuske/subscriptions",
  "organizations_url": "https://api.github.com/users/rafiuske/orgs",
  "repos_url": "https://api.github.com/users/rafiuske/repos",
  "events_url": "https://api.github.com/users/rafiuske/events{/privacy}",
  "received_events_url": "https://api.github.com/users/rafiuske/received_events",
  "type": "User",
  "site_admin": false
}
