{
  "login": "ralphite",
  "id": 3046804,
  "node_id": "MDQ6VXNlcjMwNDY4MDQ=",
  "avatar_url": "https://avatars2.githubusercontent.com/u/3046804?v=4",
  "gravatar_id": "",
  "url": "https://api.github.com/users/ralphite",
  "html_url": "https://github.com/ralphite",
  "followers_url": "https://api.github.com/users/ralphite/followers",
  "following_url": "https://api.github.com/users/ralphite/following{/other_user}",
  "gists_url": "https://api.github.com/users/ralphite/gists{/gist_id}",
  "starred_url": "https://api.github.com/users/ralphite/starred{/owner}{/repo}",
  "subscriptions_url": "https://api.github.com/users/ralphite/subscriptions",
  "organizations_url": "https://api.github.com/users/ralphite/orgs",
  "repos_url": "https://api.github.com/users/ralphite/repos",
  "events_url": "https://api.github.com/users/ralphite/events{/privacy}",
  "received_events_url": "https://api.github.com/users/ralphite/received_events",
  "type": "User",
  "site_admin": false
}
