{
  "login": "ramazantokay",
  "id": 4955942,
  "node_id": "MDQ6VXNlcjQ5NTU5NDI=",
  "avatar_url": "https://avatars1.githubusercontent.com/u/4955942?v=4",
  "gravatar_id": "",
  "url": "https://api.github.com/users/ramazantokay",
  "html_url": "https://github.com/ramazantokay",
  "followers_url": "https://api.github.com/users/ramazantokay/followers",
  "following_url": "https://api.github.com/users/ramazantokay/following{/other_user}",
  "gists_url": "https://api.github.com/users/ramazantokay/gists{/gist_id}",
  "starred_url": "https://api.github.com/users/ramazantokay/starred{/owner}{/repo}",
  "subscriptions_url": "https://api.github.com/users/ramazantokay/subscriptions",
  "organizations_url": "https://api.github.com/users/ramazantokay/orgs",
  "repos_url": "https://api.github.com/users/ramazantokay/repos",
  "events_url": "https://api.github.com/users/ramazantokay/events{/privacy}",
  "received_events_url": "https://api.github.com/users/ramazantokay/received_events",
  "type": "User",
  "site_admin": false
}
