{
  "login": "RamadhanAmizudin",
  "id": 2631784,
  "node_id": "MDQ6VXNlcjI2MzE3ODQ=",
  "avatar_url": "https://avatars1.githubusercontent.com/u/2631784?v=4",
  "gravatar_id": "",
  "url": "https://api.github.com/users/RamadhanAmizudin",
  "html_url": "https://github.com/RamadhanAmizudin",
  "followers_url": "https://api.github.com/users/RamadhanAmizudin/followers",
  "following_url": "https://api.github.com/users/RamadhanAmizudin/following{/other_user}",
  "gists_url": "https://api.github.com/users/RamadhanAmizudin/gists{/gist_id}",
  "starred_url": "https://api.github.com/users/RamadhanAmizudin/starred{/owner}{/repo}",
  "subscriptions_url": "https://api.github.com/users/RamadhanAmizudin/subscriptions",
  "organizations_url": "https://api.github.com/users/RamadhanAmizudin/orgs",
  "repos_url": "https://api.github.com/users/RamadhanAmizudin/repos",
  "events_url": "https://api.github.com/users/RamadhanAmizudin/events{/privacy}",
  "received_events_url": "https://api.github.com/users/RamadhanAmizudin/received_events",
  "type": "User",
  "site_admin": false
}
