{
  "login": "ramonmacias",
  "id": 3823406,
  "node_id": "MDQ6VXNlcjM4MjM0MDY=",
  "avatar_url": "https://avatars0.githubusercontent.com/u/3823406?v=4",
  "gravatar_id": "",
  "url": "https://api.github.com/users/ramonmacias",
  "html_url": "https://github.com/ramonmacias",
  "followers_url": "https://api.github.com/users/ramonmacias/followers",
  "following_url": "https://api.github.com/users/ramonmacias/following{/other_user}",
  "gists_url": "https://api.github.com/users/ramonmacias/gists{/gist_id}",
  "starred_url": "https://api.github.com/users/ramonmacias/starred{/owner}{/repo}",
  "subscriptions_url": "https://api.github.com/users/ramonmacias/subscriptions",
  "organizations_url": "https://api.github.com/users/ramonmacias/orgs",
  "repos_url": "https://api.github.com/users/ramonmacias/repos",
  "events_url": "https://api.github.com/users/ramonmacias/events{/privacy}",
  "received_events_url": "https://api.github.com/users/ramonmacias/received_events",
  "type": "User",
  "site_admin": false
}
