{
  "login": "rand99",
  "id": 460223,
  "node_id": "MDQ6VXNlcjQ2MDIyMw==",
  "avatar_url": "https://avatars1.githubusercontent.com/u/460223?v=4",
  "gravatar_id": "",
  "url": "https://api.github.com/users/rand99",
  "html_url": "https://github.com/rand99",
  "followers_url": "https://api.github.com/users/rand99/followers",
  "following_url": "https://api.github.com/users/rand99/following{/other_user}",
  "gists_url": "https://api.github.com/users/rand99/gists{/gist_id}",
  "starred_url": "https://api.github.com/users/rand99/starred{/owner}{/repo}",
  "subscriptions_url": "https://api.github.com/users/rand99/subscriptions",
  "organizations_url": "https://api.github.com/users/rand99/orgs",
  "repos_url": "https://api.github.com/users/rand99/repos",
  "events_url": "https://api.github.com/users/rand99/events{/privacy}",
  "received_events_url": "https://api.github.com/users/rand99/received_events",
  "type": "User",
  "site_admin": false
}
