{
  "login": "raoofm",
  "id": 12846989,
  "node_id": "MDQ6VXNlcjEyODQ2OTg5",
  "avatar_url": "https://avatars2.githubusercontent.com/u/12846989?v=4",
  "gravatar_id": "",
  "url": "https://api.github.com/users/raoofm",
  "html_url": "https://github.com/raoofm",
  "followers_url": "https://api.github.com/users/raoofm/followers",
  "following_url": "https://api.github.com/users/raoofm/following{/other_user}",
  "gists_url": "https://api.github.com/users/raoofm/gists{/gist_id}",
  "starred_url": "https://api.github.com/users/raoofm/starred{/owner}{/repo}",
  "subscriptions_url": "https://api.github.com/users/raoofm/subscriptions",
  "organizations_url": "https://api.github.com/users/raoofm/orgs",
  "repos_url": "https://api.github.com/users/raoofm/repos",
  "events_url": "https://api.github.com/users/raoofm/events{/privacy}",
  "received_events_url": "https://api.github.com/users/raoofm/received_events",
  "type": "User",
  "site_admin": false
}
