{
  "login": "razvanh",
  "id": 3977750,
  "node_id": "MDQ6VXNlcjM5Nzc3NTA=",
  "avatar_url": "https://avatars1.githubusercontent.com/u/3977750?v=4",
  "gravatar_id": "",
  "url": "https://api.github.com/users/razvanh",
  "html_url": "https://github.com/razvanh",
  "followers_url": "https://api.github.com/users/razvanh/followers",
  "following_url": "https://api.github.com/users/razvanh/following{/other_user}",
  "gists_url": "https://api.github.com/users/razvanh/gists{/gist_id}",
  "starred_url": "https://api.github.com/users/razvanh/starred{/owner}{/repo}",
  "subscriptions_url": "https://api.github.com/users/razvanh/subscriptions",
  "organizations_url": "https://api.github.com/users/razvanh/orgs",
  "repos_url": "https://api.github.com/users/razvanh/repos",
  "events_url": "https://api.github.com/users/razvanh/events{/privacy}",
  "received_events_url": "https://api.github.com/users/razvanh/received_events",
  "type": "User",
  "site_admin": false
}
