{
  "login": "reginildo",
  "id": 25725545,
  "node_id": "MDQ6VXNlcjI1NzI1NTQ1",
  "avatar_url": "https://avatars3.githubusercontent.com/u/25725545?v=4",
  "gravatar_id": "",
  "url": "https://api.github.com/users/reginildo",
  "html_url": "https://github.com/reginildo",
  "followers_url": "https://api.github.com/users/reginildo/followers",
  "following_url": "https://api.github.com/users/reginildo/following{/other_user}",
  "gists_url": "https://api.github.com/users/reginildo/gists{/gist_id}",
  "starred_url": "https://api.github.com/users/reginildo/starred{/owner}{/repo}",
  "subscriptions_url": "https://api.github.com/users/reginildo/subscriptions",
  "organizations_url": "https://api.github.com/users/reginildo/orgs",
  "repos_url": "https://api.github.com/users/reginildo/repos",
  "events_url": "https://api.github.com/users/reginildo/events{/privacy}",
  "received_events_url": "https://api.github.com/users/reginildo/received_events",
  "type": "User",
  "site_admin": false
}
