{
  "login": "revant117",
  "id": 7831591,
  "node_id": "MDQ6VXNlcjc4MzE1OTE=",
  "avatar_url": "https://avatars0.githubusercontent.com/u/7831591?v=4",
  "gravatar_id": "",
  "url": "https://api.github.com/users/revant117",
  "html_url": "https://github.com/revant117",
  "followers_url": "https://api.github.com/users/revant117/followers",
  "following_url": "https://api.github.com/users/revant117/following{/other_user}",
  "gists_url": "https://api.github.com/users/revant117/gists{/gist_id}",
  "starred_url": "https://api.github.com/users/revant117/starred{/owner}{/repo}",
  "subscriptions_url": "https://api.github.com/users/revant117/subscriptions",
  "organizations_url": "https://api.github.com/users/revant117/orgs",
  "repos_url": "https://api.github.com/users/revant117/repos",
  "events_url": "https://api.github.com/users/revant117/events{/privacy}",
  "received_events_url": "https://api.github.com/users/revant117/received_events",
  "type": "User",
  "site_admin": false
}
