{
  "login": "revathskumar",
  "id": 463904,
  "node_id": "MDQ6VXNlcjQ2MzkwNA==",
  "avatar_url": "https://avatars3.githubusercontent.com/u/463904?v=4",
  "gravatar_id": "",
  "url": "https://api.github.com/users/revathskumar",
  "html_url": "https://github.com/revathskumar",
  "followers_url": "https://api.github.com/users/revathskumar/followers",
  "following_url": "https://api.github.com/users/revathskumar/following{/other_user}",
  "gists_url": "https://api.github.com/users/revathskumar/gists{/gist_id}",
  "starred_url": "https://api.github.com/users/revathskumar/starred{/owner}{/repo}",
  "subscriptions_url": "https://api.github.com/users/revathskumar/subscriptions",
  "organizations_url": "https://api.github.com/users/revathskumar/orgs",
  "repos_url": "https://api.github.com/users/revathskumar/repos",
  "events_url": "https://api.github.com/users/revathskumar/events{/privacy}",
  "received_events_url": "https://api.github.com/users/revathskumar/received_events",
  "type": "User",
  "site_admin": false
}
