{
  "login": "revh",
  "id": 726921,
  "node_id": "MDQ6VXNlcjcyNjkyMQ==",
  "avatar_url": "https://avatars3.githubusercontent.com/u/726921?v=4",
  "gravatar_id": "",
  "url": "https://api.github.com/users/revh",
  "html_url": "https://github.com/revh",
  "followers_url": "https://api.github.com/users/revh/followers",
  "following_url": "https://api.github.com/users/revh/following{/other_user}",
  "gists_url": "https://api.github.com/users/revh/gists{/gist_id}",
  "starred_url": "https://api.github.com/users/revh/starred{/owner}{/repo}",
  "subscriptions_url": "https://api.github.com/users/revh/subscriptions",
  "organizations_url": "https://api.github.com/users/revh/orgs",
  "repos_url": "https://api.github.com/users/revh/repos",
  "events_url": "https://api.github.com/users/revh/events{/privacy}",
  "received_events_url": "https://api.github.com/users/revh/received_events",
  "type": "User",
  "site_admin": false
}
