{
  "login": "RicardoBarroso",
  "id": 2791179,
  "node_id": "MDQ6VXNlcjI3OTExNzk=",
  "avatar_url": "https://avatars3.githubusercontent.com/u/2791179?v=4",
  "gravatar_id": "",
  "url": "https://api.github.com/users/RicardoBarroso",
  "html_url": "https://github.com/RicardoBarroso",
  "followers_url": "https://api.github.com/users/RicardoBarroso/followers",
  "following_url": "https://api.github.com/users/RicardoBarroso/following{/other_user}",
  "gists_url": "https://api.github.com/users/RicardoBarroso/gists{/gist_id}",
  "starred_url": "https://api.github.com/users/RicardoBarroso/starred{/owner}{/repo}",
  "subscriptions_url": "https://api.github.com/users/RicardoBarroso/subscriptions",
  "organizations_url": "https://api.github.com/users/RicardoBarroso/orgs",
  "repos_url": "https://api.github.com/users/RicardoBarroso/repos",
  "events_url": "https://api.github.com/users/RicardoBarroso/events{/privacy}",
  "received_events_url": "https://api.github.com/users/RicardoBarroso/received_events",
  "type": "User",
  "site_admin": false
}
