{
  "login": "riywo",
  "id": 37822,
  "node_id": "MDQ6VXNlcjM3ODIy",
  "avatar_url": "https://avatars2.githubusercontent.com/u/37822?v=4",
  "gravatar_id": "",
  "url": "https://api.github.com/users/riywo",
  "html_url": "https://github.com/riywo",
  "followers_url": "https://api.github.com/users/riywo/followers",
  "following_url": "https://api.github.com/users/riywo/following{/other_user}",
  "gists_url": "https://api.github.com/users/riywo/gists{/gist_id}",
  "starred_url": "https://api.github.com/users/riywo/starred{/owner}{/repo}",
  "subscriptions_url": "https://api.github.com/users/riywo/subscriptions",
  "organizations_url": "https://api.github.com/users/riywo/orgs",
  "repos_url": "https://api.github.com/users/riywo/repos",
  "events_url": "https://api.github.com/users/riywo/events{/privacy}",
  "received_events_url": "https://api.github.com/users/riywo/received_events",
  "type": "User",
  "site_admin": false
}
