{
  "login": "rkmax",
  "id": 395707,
  "node_id": "MDQ6VXNlcjM5NTcwNw==",
  "avatar_url": "https://avatars1.githubusercontent.com/u/395707?v=4",
  "gravatar_id": "",
  "url": "https://api.github.com/users/rkmax",
  "html_url": "https://github.com/rkmax",
  "followers_url": "https://api.github.com/users/rkmax/followers",
  "following_url": "https://api.github.com/users/rkmax/following{/other_user}",
  "gists_url": "https://api.github.com/users/rkmax/gists{/gist_id}",
  "starred_url": "https://api.github.com/users/rkmax/starred{/owner}{/repo}",
  "subscriptions_url": "https://api.github.com/users/rkmax/subscriptions",
  "organizations_url": "https://api.github.com/users/rkmax/orgs",
  "repos_url": "https://api.github.com/users/rkmax/repos",
  "events_url": "https://api.github.com/users/rkmax/events{/privacy}",
  "received_events_url": "https://api.github.com/users/rkmax/received_events",
  "type": "User",
  "site_admin": false
}
