{
  "login": "rmlzy",
  "id": 33822612,
  "node_id": "MDQ6VXNlcjMzODIyNjEy",
  "avatar_url": "https://avatars1.githubusercontent.com/u/33822612?v=4",
  "gravatar_id": "",
  "url": "https://api.github.com/users/rmlzy",
  "html_url": "https://github.com/rmlzy",
  "followers_url": "https://api.github.com/users/rmlzy/followers",
  "following_url": "https://api.github.com/users/rmlzy/following{/other_user}",
  "gists_url": "https://api.github.com/users/rmlzy/gists{/gist_id}",
  "starred_url": "https://api.github.com/users/rmlzy/starred{/owner}{/repo}",
  "subscriptions_url": "https://api.github.com/users/rmlzy/subscriptions",
  "organizations_url": "https://api.github.com/users/rmlzy/orgs",
  "repos_url": "https://api.github.com/users/rmlzy/repos",
  "events_url": "https://api.github.com/users/rmlzy/events{/privacy}",
  "received_events_url": "https://api.github.com/users/rmlzy/received_events",
  "type": "User",
  "site_admin": false
}
