{
  "login": "RobertKielty",
  "id": 208059,
  "node_id": "MDQ6VXNlcjIwODA1OQ==",
  "avatar_url": "https://avatars1.githubusercontent.com/u/208059?v=4",
  "gravatar_id": "",
  "url": "https://api.github.com/users/RobertKielty",
  "html_url": "https://github.com/RobertKielty",
  "followers_url": "https://api.github.com/users/RobertKielty/followers",
  "following_url": "https://api.github.com/users/RobertKielty/following{/other_user}",
  "gists_url": "https://api.github.com/users/RobertKielty/gists{/gist_id}",
  "starred_url": "https://api.github.com/users/RobertKielty/starred{/owner}{/repo}",
  "subscriptions_url": "https://api.github.com/users/RobertKielty/subscriptions",
  "organizations_url": "https://api.github.com/users/RobertKielty/orgs",
  "repos_url": "https://api.github.com/users/RobertKielty/repos",
  "events_url": "https://api.github.com/users/RobertKielty/events{/privacy}",
  "received_events_url": "https://api.github.com/users/RobertKielty/received_events",
  "type": "User",
  "site_admin": false
}
