{
  "login": "RogerFederer03",
  "id": 5633006,
  "node_id": "MDQ6VXNlcjU2MzMwMDY=",
  "avatar_url": "https://avatars0.githubusercontent.com/u/5633006?v=4",
  "gravatar_id": "",
  "url": "https://api.github.com/users/RogerFederer03",
  "html_url": "https://github.com/RogerFederer03",
  "followers_url": "https://api.github.com/users/RogerFederer03/followers",
  "following_url": "https://api.github.com/users/RogerFederer03/following{/other_user}",
  "gists_url": "https://api.github.com/users/RogerFederer03/gists{/gist_id}",
  "starred_url": "https://api.github.com/users/RogerFederer03/starred{/owner}{/repo}",
  "subscriptions_url": "https://api.github.com/users/RogerFederer03/subscriptions",
  "organizations_url": "https://api.github.com/users/RogerFederer03/orgs",
  "repos_url": "https://api.github.com/users/RogerFederer03/repos",
  "events_url": "https://api.github.com/users/RogerFederer03/events{/privacy}",
  "received_events_url": "https://api.github.com/users/RogerFederer03/received_events",
  "type": "User",
  "site_admin": false
}
