{
  "login": "romantiskt",
  "id": 12967228,
  "node_id": "MDQ6VXNlcjEyOTY3MjI4",
  "avatar_url": "https://avatars0.githubusercontent.com/u/12967228?v=4",
  "gravatar_id": "",
  "url": "https://api.github.com/users/romantiskt",
  "html_url": "https://github.com/romantiskt",
  "followers_url": "https://api.github.com/users/romantiskt/followers",
  "following_url": "https://api.github.com/users/romantiskt/following{/other_user}",
  "gists_url": "https://api.github.com/users/romantiskt/gists{/gist_id}",
  "starred_url": "https://api.github.com/users/romantiskt/starred{/owner}{/repo}",
  "subscriptions_url": "https://api.github.com/users/romantiskt/subscriptions",
  "organizations_url": "https://api.github.com/users/romantiskt/orgs",
  "repos_url": "https://api.github.com/users/romantiskt/repos",
  "events_url": "https://api.github.com/users/romantiskt/events{/privacy}",
  "received_events_url": "https://api.github.com/users/romantiskt/received_events",
  "type": "User",
  "site_admin": false
}
