{
  "login": "roscopecoltran",
  "id": 24416962,
  "node_id": "MDQ6VXNlcjI0NDE2OTYy",
  "avatar_url": "https://avatars1.githubusercontent.com/u/24416962?v=4",
  "gravatar_id": "",
  "url": "https://api.github.com/users/roscopecoltran",
  "html_url": "https://github.com/roscopecoltran",
  "followers_url": "https://api.github.com/users/roscopecoltran/followers",
  "following_url": "https://api.github.com/users/roscopecoltran/following{/other_user}",
  "gists_url": "https://api.github.com/users/roscopecoltran/gists{/gist_id}",
  "starred_url": "https://api.github.com/users/roscopecoltran/starred{/owner}{/repo}",
  "subscriptions_url": "https://api.github.com/users/roscopecoltran/subscriptions",
  "organizations_url": "https://api.github.com/users/roscopecoltran/orgs",
  "repos_url": "https://api.github.com/users/roscopecoltran/repos",
  "events_url": "https://api.github.com/users/roscopecoltran/events{/privacy}",
  "received_events_url": "https://api.github.com/users/roscopecoltran/received_events",
  "type": "User",
  "site_admin": false
}
