{
  "login": "roundrobin",
  "id": 452232,
  "node_id": "MDQ6VXNlcjQ1MjIzMg==",
  "avatar_url": "https://avatars0.githubusercontent.com/u/452232?v=4",
  "gravatar_id": "",
  "url": "https://api.github.com/users/roundrobin",
  "html_url": "https://github.com/roundrobin",
  "followers_url": "https://api.github.com/users/roundrobin/followers",
  "following_url": "https://api.github.com/users/roundrobin/following{/other_user}",
  "gists_url": "https://api.github.com/users/roundrobin/gists{/gist_id}",
  "starred_url": "https://api.github.com/users/roundrobin/starred{/owner}{/repo}",
  "subscriptions_url": "https://api.github.com/users/roundrobin/subscriptions",
  "organizations_url": "https://api.github.com/users/roundrobin/orgs",
  "repos_url": "https://api.github.com/users/roundrobin/repos",
  "events_url": "https://api.github.com/users/roundrobin/events{/privacy}",
  "received_events_url": "https://api.github.com/users/roundrobin/received_events",
  "type": "User",
  "site_admin": false
}
