{
  "login": "rushabh13",
  "id": 5285927,
  "node_id": "MDQ6VXNlcjUyODU5Mjc=",
  "avatar_url": "https://avatars0.githubusercontent.com/u/5285927?v=4",
  "gravatar_id": "",
  "url": "https://api.github.com/users/rushabh13",
  "html_url": "https://github.com/rushabh13",
  "followers_url": "https://api.github.com/users/rushabh13/followers",
  "following_url": "https://api.github.com/users/rushabh13/following{/other_user}",
  "gists_url": "https://api.github.com/users/rushabh13/gists{/gist_id}",
  "starred_url": "https://api.github.com/users/rushabh13/starred{/owner}{/repo}",
  "subscriptions_url": "https://api.github.com/users/rushabh13/subscriptions",
  "organizations_url": "https://api.github.com/users/rushabh13/orgs",
  "repos_url": "https://api.github.com/users/rushabh13/repos",
  "events_url": "https://api.github.com/users/rushabh13/events{/privacy}",
  "received_events_url": "https://api.github.com/users/rushabh13/received_events",
  "type": "User",
  "site_admin": false
}
