{
  "login": "rwxrr",
  "id": 6307693,
  "node_id": "MDQ6VXNlcjYzMDc2OTM=",
  "avatar_url": "https://avatars0.githubusercontent.com/u/6307693?v=4",
  "gravatar_id": "",
  "url": "https://api.github.com/users/rwxrr",
  "html_url": "https://github.com/rwxrr",
  "followers_url": "https://api.github.com/users/rwxrr/followers",
  "following_url": "https://api.github.com/users/rwxrr/following{/other_user}",
  "gists_url": "https://api.github.com/users/rwxrr/gists{/gist_id}",
  "starred_url": "https://api.github.com/users/rwxrr/starred{/owner}{/repo}",
  "subscriptions_url": "https://api.github.com/users/rwxrr/subscriptions",
  "organizations_url": "https://api.github.com/users/rwxrr/orgs",
  "repos_url": "https://api.github.com/users/rwxrr/repos",
  "events_url": "https://api.github.com/users/rwxrr/events{/privacy}",
  "received_events_url": "https://api.github.com/users/rwxrr/received_events",
  "type": "User",
  "site_admin": false
}
