{
  "login": "Ryanmtate",
  "id": 2837196,
  "node_id": "MDQ6VXNlcjI4MzcxOTY=",
  "avatar_url": "https://avatars2.githubusercontent.com/u/2837196?v=4",
  "gravatar_id": "",
  "url": "https://api.github.com/users/Ryanmtate",
  "html_url": "https://github.com/Ryanmtate",
  "followers_url": "https://api.github.com/users/Ryanmtate/followers",
  "following_url": "https://api.github.com/users/Ryanmtate/following{/other_user}",
  "gists_url": "https://api.github.com/users/Ryanmtate/gists{/gist_id}",
  "starred_url": "https://api.github.com/users/Ryanmtate/starred{/owner}{/repo}",
  "subscriptions_url": "https://api.github.com/users/Ryanmtate/subscriptions",
  "organizations_url": "https://api.github.com/users/Ryanmtate/orgs",
  "repos_url": "https://api.github.com/users/Ryanmtate/repos",
  "events_url": "https://api.github.com/users/Ryanmtate/events{/privacy}",
  "received_events_url": "https://api.github.com/users/Ryanmtate/received_events",
  "type": "User",
  "site_admin": false
}
