{
  "login": "sadlil",
  "id": 5103096,
  "node_id": "MDQ6VXNlcjUxMDMwOTY=",
  "avatar_url": "https://avatars0.githubusercontent.com/u/5103096?v=4",
  "gravatar_id": "",
  "url": "https://api.github.com/users/sadlil",
  "html_url": "https://github.com/sadlil",
  "followers_url": "https://api.github.com/users/sadlil/followers",
  "following_url": "https://api.github.com/users/sadlil/following{/other_user}",
  "gists_url": "https://api.github.com/users/sadlil/gists{/gist_id}",
  "starred_url": "https://api.github.com/users/sadlil/starred{/owner}{/repo}",
  "subscriptions_url": "https://api.github.com/users/sadlil/subscriptions",
  "organizations_url": "https://api.github.com/users/sadlil/orgs",
  "repos_url": "https://api.github.com/users/sadlil/repos",
  "events_url": "https://api.github.com/users/sadlil/events{/privacy}",
  "received_events_url": "https://api.github.com/users/sadlil/received_events",
  "type": "User",
  "site_admin": false
}
