{
  "login": "salihciftci",
  "id": 3863655,
  "node_id": "MDQ6VXNlcjM4NjM2NTU=",
  "avatar_url": "https://avatars2.githubusercontent.com/u/3863655?v=4",
  "gravatar_id": "",
  "url": "https://api.github.com/users/salihciftci",
  "html_url": "https://github.com/salihciftci",
  "followers_url": "https://api.github.com/users/salihciftci/followers",
  "following_url": "https://api.github.com/users/salihciftci/following{/other_user}",
  "gists_url": "https://api.github.com/users/salihciftci/gists{/gist_id}",
  "starred_url": "https://api.github.com/users/salihciftci/starred{/owner}{/repo}",
  "subscriptions_url": "https://api.github.com/users/salihciftci/subscriptions",
  "organizations_url": "https://api.github.com/users/salihciftci/orgs",
  "repos_url": "https://api.github.com/users/salihciftci/repos",
  "events_url": "https://api.github.com/users/salihciftci/events{/privacy}",
  "received_events_url": "https://api.github.com/users/salihciftci/received_events",
  "type": "User",
  "site_admin": false
}
