{
  "login": "sandjelkovic",
  "id": 6233783,
  "node_id": "MDQ6VXNlcjYyMzM3ODM=",
  "avatar_url": "https://avatars0.githubusercontent.com/u/6233783?v=4",
  "gravatar_id": "",
  "url": "https://api.github.com/users/sandjelkovic",
  "html_url": "https://github.com/sandjelkovic",
  "followers_url": "https://api.github.com/users/sandjelkovic/followers",
  "following_url": "https://api.github.com/users/sandjelkovic/following{/other_user}",
  "gists_url": "https://api.github.com/users/sandjelkovic/gists{/gist_id}",
  "starred_url": "https://api.github.com/users/sandjelkovic/starred{/owner}{/repo}",
  "subscriptions_url": "https://api.github.com/users/sandjelkovic/subscriptions",
  "organizations_url": "https://api.github.com/users/sandjelkovic/orgs",
  "repos_url": "https://api.github.com/users/sandjelkovic/repos",
  "events_url": "https://api.github.com/users/sandjelkovic/events{/privacy}",
  "received_events_url": "https://api.github.com/users/sandjelkovic/received_events",
  "type": "User",
  "site_admin": false
}
