{
  "login": "sandeepsinghs",
  "id": 14754191,
  "node_id": "MDQ6VXNlcjE0NzU0MTkx",
  "avatar_url": "https://avatars1.githubusercontent.com/u/14754191?v=4",
  "gravatar_id": "",
  "url": "https://api.github.com/users/sandeepsinghs",
  "html_url": "https://github.com/sandeepsinghs",
  "followers_url": "https://api.github.com/users/sandeepsinghs/followers",
  "following_url": "https://api.github.com/users/sandeepsinghs/following{/other_user}",
  "gists_url": "https://api.github.com/users/sandeepsinghs/gists{/gist_id}",
  "starred_url": "https://api.github.com/users/sandeepsinghs/starred{/owner}{/repo}",
  "subscriptions_url": "https://api.github.com/users/sandeepsinghs/subscriptions",
  "organizations_url": "https://api.github.com/users/sandeepsinghs/orgs",
  "repos_url": "https://api.github.com/users/sandeepsinghs/repos",
  "events_url": "https://api.github.com/users/sandeepsinghs/events{/privacy}",
  "received_events_url": "https://api.github.com/users/sandeepsinghs/received_events",
  "type": "User",
  "site_admin": false
}
