{
  "login": "SangeethaBusangari",
  "id": 7061379,
  "node_id": "MDQ6VXNlcjcwNjEzNzk=",
  "avatar_url": "https://avatars0.githubusercontent.com/u/7061379?v=4",
  "gravatar_id": "",
  "url": "https://api.github.com/users/SangeethaBusangari",
  "html_url": "https://github.com/SangeethaBusangari",
  "followers_url": "https://api.github.com/users/SangeethaBusangari/followers",
  "following_url": "https://api.github.com/users/SangeethaBusangari/following{/other_user}",
  "gists_url": "https://api.github.com/users/SangeethaBusangari/gists{/gist_id}",
  "starred_url": "https://api.github.com/users/SangeethaBusangari/starred{/owner}{/repo}",
  "subscriptions_url": "https://api.github.com/users/SangeethaBusangari/subscriptions",
  "organizations_url": "https://api.github.com/users/SangeethaBusangari/orgs",
  "repos_url": "https://api.github.com/users/SangeethaBusangari/repos",
  "events_url": "https://api.github.com/users/SangeethaBusangari/events{/privacy}",
  "received_events_url": "https://api.github.com/users/SangeethaBusangari/received_events",
  "type": "User",
  "site_admin": false
}
