{
  "login": "sangupandi",
  "id": 9526432,
  "node_id": "MDQ6VXNlcjk1MjY0MzI=",
  "avatar_url": "https://avatars2.githubusercontent.com/u/9526432?v=4",
  "gravatar_id": "",
  "url": "https://api.github.com/users/sangupandi",
  "html_url": "https://github.com/sangupandi",
  "followers_url": "https://api.github.com/users/sangupandi/followers",
  "following_url": "https://api.github.com/users/sangupandi/following{/other_user}",
  "gists_url": "https://api.github.com/users/sangupandi/gists{/gist_id}",
  "starred_url": "https://api.github.com/users/sangupandi/starred{/owner}{/repo}",
  "subscriptions_url": "https://api.github.com/users/sangupandi/subscriptions",
  "organizations_url": "https://api.github.com/users/sangupandi/orgs",
  "repos_url": "https://api.github.com/users/sangupandi/repos",
  "events_url": "https://api.github.com/users/sangupandi/events{/privacy}",
  "received_events_url": "https://api.github.com/users/sangupandi/received_events",
  "type": "User",
  "site_admin": false
}
