{
  "login": "sarahflynn",
  "id": 17659809,
  "node_id": "MDQ6VXNlcjE3NjU5ODA5",
  "avatar_url": "https://avatars1.githubusercontent.com/u/17659809?v=4",
  "gravatar_id": "",
  "url": "https://api.github.com/users/sarahflynn",
  "html_url": "https://github.com/sarahflynn",
  "followers_url": "https://api.github.com/users/sarahflynn/followers",
  "following_url": "https://api.github.com/users/sarahflynn/following{/other_user}",
  "gists_url": "https://api.github.com/users/sarahflynn/gists{/gist_id}",
  "starred_url": "https://api.github.com/users/sarahflynn/starred{/owner}{/repo}",
  "subscriptions_url": "https://api.github.com/users/sarahflynn/subscriptions",
  "organizations_url": "https://api.github.com/users/sarahflynn/orgs",
  "repos_url": "https://api.github.com/users/sarahflynn/repos",
  "events_url": "https://api.github.com/users/sarahflynn/events{/privacy}",
  "received_events_url": "https://api.github.com/users/sarahflynn/received_events",
  "type": "User",
  "site_admin": false
}
