{
  "login": "sara2de",
  "id": 38913410,
  "node_id": "MDQ6VXNlcjM4OTEzNDEw",
  "avatar_url": "https://avatars1.githubusercontent.com/u/38913410?v=4",
  "gravatar_id": "",
  "url": "https://api.github.com/users/sara2de",
  "html_url": "https://github.com/sara2de",
  "followers_url": "https://api.github.com/users/sara2de/followers",
  "following_url": "https://api.github.com/users/sara2de/following{/other_user}",
  "gists_url": "https://api.github.com/users/sara2de/gists{/gist_id}",
  "starred_url": "https://api.github.com/users/sara2de/starred{/owner}{/repo}",
  "subscriptions_url": "https://api.github.com/users/sara2de/subscriptions",
  "organizations_url": "https://api.github.com/users/sara2de/orgs",
  "repos_url": "https://api.github.com/users/sara2de/repos",
  "events_url": "https://api.github.com/users/sara2de/events{/privacy}",
  "received_events_url": "https://api.github.com/users/sara2de/received_events",
  "type": "User",
  "site_admin": false
}
