{
  "login": "sarlalian",
  "id": 392649,
  "node_id": "MDQ6VXNlcjM5MjY0OQ==",
  "avatar_url": "https://avatars3.githubusercontent.com/u/392649?v=4",
  "gravatar_id": "",
  "url": "https://api.github.com/users/sarlalian",
  "html_url": "https://github.com/sarlalian",
  "followers_url": "https://api.github.com/users/sarlalian/followers",
  "following_url": "https://api.github.com/users/sarlalian/following{/other_user}",
  "gists_url": "https://api.github.com/users/sarlalian/gists{/gist_id}",
  "starred_url": "https://api.github.com/users/sarlalian/starred{/owner}{/repo}",
  "subscriptions_url": "https://api.github.com/users/sarlalian/subscriptions",
  "organizations_url": "https://api.github.com/users/sarlalian/orgs",
  "repos_url": "https://api.github.com/users/sarlalian/repos",
  "events_url": "https://api.github.com/users/sarlalian/events{/privacy}",
  "received_events_url": "https://api.github.com/users/sarlalian/received_events",
  "type": "User",
  "site_admin": false
}
