{
  "login": "saruten",
  "id": 3464670,
  "node_id": "MDQ6VXNlcjM0NjQ2NzA=",
  "avatar_url": "https://avatars2.githubusercontent.com/u/3464670?v=4",
  "gravatar_id": "",
  "url": "https://api.github.com/users/saruten",
  "html_url": "https://github.com/saruten",
  "followers_url": "https://api.github.com/users/saruten/followers",
  "following_url": "https://api.github.com/users/saruten/following{/other_user}",
  "gists_url": "https://api.github.com/users/saruten/gists{/gist_id}",
  "starred_url": "https://api.github.com/users/saruten/starred{/owner}{/repo}",
  "subscriptions_url": "https://api.github.com/users/saruten/subscriptions",
  "organizations_url": "https://api.github.com/users/saruten/orgs",
  "repos_url": "https://api.github.com/users/saruten/repos",
  "events_url": "https://api.github.com/users/saruten/events{/privacy}",
  "received_events_url": "https://api.github.com/users/saruten/received_events",
  "type": "User",
  "site_admin": false
}
