{
  "login": "sayedrafeeq",
  "id": 3048390,
  "node_id": "MDQ6VXNlcjMwNDgzOTA=",
  "avatar_url": "https://avatars2.githubusercontent.com/u/3048390?v=4",
  "gravatar_id": "",
  "url": "https://api.github.com/users/sayedrafeeq",
  "html_url": "https://github.com/sayedrafeeq",
  "followers_url": "https://api.github.com/users/sayedrafeeq/followers",
  "following_url": "https://api.github.com/users/sayedrafeeq/following{/other_user}",
  "gists_url": "https://api.github.com/users/sayedrafeeq/gists{/gist_id}",
  "starred_url": "https://api.github.com/users/sayedrafeeq/starred{/owner}{/repo}",
  "subscriptions_url": "https://api.github.com/users/sayedrafeeq/subscriptions",
  "organizations_url": "https://api.github.com/users/sayedrafeeq/orgs",
  "repos_url": "https://api.github.com/users/sayedrafeeq/repos",
  "events_url": "https://api.github.com/users/sayedrafeeq/events{/privacy}",
  "received_events_url": "https://api.github.com/users/sayedrafeeq/received_events",
  "type": "User",
  "site_admin": false
}
