{
  "login": "seandinwiddie",
  "id": 4523441,
  "node_id": "MDQ6VXNlcjQ1MjM0NDE=",
  "avatar_url": "https://avatars1.githubusercontent.com/u/4523441?v=4",
  "gravatar_id": "",
  "url": "https://api.github.com/users/seandinwiddie",
  "html_url": "https://github.com/seandinwiddie",
  "followers_url": "https://api.github.com/users/seandinwiddie/followers",
  "following_url": "https://api.github.com/users/seandinwiddie/following{/other_user}",
  "gists_url": "https://api.github.com/users/seandinwiddie/gists{/gist_id}",
  "starred_url": "https://api.github.com/users/seandinwiddie/starred{/owner}{/repo}",
  "subscriptions_url": "https://api.github.com/users/seandinwiddie/subscriptions",
  "organizations_url": "https://api.github.com/users/seandinwiddie/orgs",
  "repos_url": "https://api.github.com/users/seandinwiddie/repos",
  "events_url": "https://api.github.com/users/seandinwiddie/events{/privacy}",
  "received_events_url": "https://api.github.com/users/seandinwiddie/received_events",
  "type": "User",
  "site_admin": false
}
