{
  "login": "sebastianmarkow",
  "id": 4513633,
  "node_id": "MDQ6VXNlcjQ1MTM2MzM=",
  "avatar_url": "https://avatars1.githubusercontent.com/u/4513633?v=4",
  "gravatar_id": "",
  "url": "https://api.github.com/users/sebastianmarkow",
  "html_url": "https://github.com/sebastianmarkow",
  "followers_url": "https://api.github.com/users/sebastianmarkow/followers",
  "following_url": "https://api.github.com/users/sebastianmarkow/following{/other_user}",
  "gists_url": "https://api.github.com/users/sebastianmarkow/gists{/gist_id}",
  "starred_url": "https://api.github.com/users/sebastianmarkow/starred{/owner}{/repo}",
  "subscriptions_url": "https://api.github.com/users/sebastianmarkow/subscriptions",
  "organizations_url": "https://api.github.com/users/sebastianmarkow/orgs",
  "repos_url": "https://api.github.com/users/sebastianmarkow/repos",
  "events_url": "https://api.github.com/users/sebastianmarkow/events{/privacy}",
  "received_events_url": "https://api.github.com/users/sebastianmarkow/received_events",
  "type": "User",
  "site_admin": false
}
