{
  "login": "sebasmurphy",
  "id": 3492780,
  "node_id": "MDQ6VXNlcjM0OTI3ODA=",
  "avatar_url": "https://avatars1.githubusercontent.com/u/3492780?v=4",
  "gravatar_id": "",
  "url": "https://api.github.com/users/sebasmurphy",
  "html_url": "https://github.com/sebasmurphy",
  "followers_url": "https://api.github.com/users/sebasmurphy/followers",
  "following_url": "https://api.github.com/users/sebasmurphy/following{/other_user}",
  "gists_url": "https://api.github.com/users/sebasmurphy/gists{/gist_id}",
  "starred_url": "https://api.github.com/users/sebasmurphy/starred{/owner}{/repo}",
  "subscriptions_url": "https://api.github.com/users/sebasmurphy/subscriptions",
  "organizations_url": "https://api.github.com/users/sebasmurphy/orgs",
  "repos_url": "https://api.github.com/users/sebasmurphy/repos",
  "events_url": "https://api.github.com/users/sebasmurphy/events{/privacy}",
  "received_events_url": "https://api.github.com/users/sebasmurphy/received_events",
  "type": "User",
  "site_admin": false
}
