{
  "login": "seerahulsingh",
  "id": 4716928,
  "node_id": "MDQ6VXNlcjQ3MTY5Mjg=",
  "avatar_url": "https://avatars1.githubusercontent.com/u/4716928?v=4",
  "gravatar_id": "",
  "url": "https://api.github.com/users/seerahulsingh",
  "html_url": "https://github.com/seerahulsingh",
  "followers_url": "https://api.github.com/users/seerahulsingh/followers",
  "following_url": "https://api.github.com/users/seerahulsingh/following{/other_user}",
  "gists_url": "https://api.github.com/users/seerahulsingh/gists{/gist_id}",
  "starred_url": "https://api.github.com/users/seerahulsingh/starred{/owner}{/repo}",
  "subscriptions_url": "https://api.github.com/users/seerahulsingh/subscriptions",
  "organizations_url": "https://api.github.com/users/seerahulsingh/orgs",
  "repos_url": "https://api.github.com/users/seerahulsingh/repos",
  "events_url": "https://api.github.com/users/seerahulsingh/events{/privacy}",
  "received_events_url": "https://api.github.com/users/seerahulsingh/received_events",
  "type": "User",
  "site_admin": false
}
