{
  "login": "serdarde",
  "id": 6826944,
  "node_id": "MDQ6VXNlcjY4MjY5NDQ=",
  "avatar_url": "https://avatars0.githubusercontent.com/u/6826944?v=4",
  "gravatar_id": "",
  "url": "https://api.github.com/users/serdarde",
  "html_url": "https://github.com/serdarde",
  "followers_url": "https://api.github.com/users/serdarde/followers",
  "following_url": "https://api.github.com/users/serdarde/following{/other_user}",
  "gists_url": "https://api.github.com/users/serdarde/gists{/gist_id}",
  "starred_url": "https://api.github.com/users/serdarde/starred{/owner}{/repo}",
  "subscriptions_url": "https://api.github.com/users/serdarde/subscriptions",
  "organizations_url": "https://api.github.com/users/serdarde/orgs",
  "repos_url": "https://api.github.com/users/serdarde/repos",
  "events_url": "https://api.github.com/users/serdarde/events{/privacy}",
  "received_events_url": "https://api.github.com/users/serdarde/received_events",
  "type": "User",
  "site_admin": false
}
