{
  "login": "sergeylanzman",
  "id": 9318209,
  "node_id": "MDQ6VXNlcjkzMTgyMDk=",
  "avatar_url": "https://avatars3.githubusercontent.com/u/9318209?v=4",
  "gravatar_id": "",
  "url": "https://api.github.com/users/sergeylanzman",
  "html_url": "https://github.com/sergeylanzman",
  "followers_url": "https://api.github.com/users/sergeylanzman/followers",
  "following_url": "https://api.github.com/users/sergeylanzman/following{/other_user}",
  "gists_url": "https://api.github.com/users/sergeylanzman/gists{/gist_id}",
  "starred_url": "https://api.github.com/users/sergeylanzman/starred{/owner}{/repo}",
  "subscriptions_url": "https://api.github.com/users/sergeylanzman/subscriptions",
  "organizations_url": "https://api.github.com/users/sergeylanzman/orgs",
  "repos_url": "https://api.github.com/users/sergeylanzman/repos",
  "events_url": "https://api.github.com/users/sergeylanzman/events{/privacy}",
  "received_events_url": "https://api.github.com/users/sergeylanzman/received_events",
  "type": "User",
  "site_admin": false
}
