{
  "login": "serkan-ozal",
  "id": 3143425,
  "node_id": "MDQ6VXNlcjMxNDM0MjU=",
  "avatar_url": "https://avatars3.githubusercontent.com/u/3143425?v=4",
  "gravatar_id": "",
  "url": "https://api.github.com/users/serkan-ozal",
  "html_url": "https://github.com/serkan-ozal",
  "followers_url": "https://api.github.com/users/serkan-ozal/followers",
  "following_url": "https://api.github.com/users/serkan-ozal/following{/other_user}",
  "gists_url": "https://api.github.com/users/serkan-ozal/gists{/gist_id}",
  "starred_url": "https://api.github.com/users/serkan-ozal/starred{/owner}{/repo}",
  "subscriptions_url": "https://api.github.com/users/serkan-ozal/subscriptions",
  "organizations_url": "https://api.github.com/users/serkan-ozal/orgs",
  "repos_url": "https://api.github.com/users/serkan-ozal/repos",
  "events_url": "https://api.github.com/users/serkan-ozal/events{/privacy}",
  "received_events_url": "https://api.github.com/users/serkan-ozal/received_events",
  "type": "User",
  "site_admin": false
}
