{
  "login": "seruman",
  "id": 7118751,
  "node_id": "MDQ6VXNlcjcxMTg3NTE=",
  "avatar_url": "https://avatars1.githubusercontent.com/u/7118751?v=4",
  "gravatar_id": "",
  "url": "https://api.github.com/users/seruman",
  "html_url": "https://github.com/seruman",
  "followers_url": "https://api.github.com/users/seruman/followers",
  "following_url": "https://api.github.com/users/seruman/following{/other_user}",
  "gists_url": "https://api.github.com/users/seruman/gists{/gist_id}",
  "starred_url": "https://api.github.com/users/seruman/starred{/owner}{/repo}",
  "subscriptions_url": "https://api.github.com/users/seruman/subscriptions",
  "organizations_url": "https://api.github.com/users/seruman/orgs",
  "repos_url": "https://api.github.com/users/seruman/repos",
  "events_url": "https://api.github.com/users/seruman/events{/privacy}",
  "received_events_url": "https://api.github.com/users/seruman/received_events",
  "type": "User",
  "site_admin": false
}
