{
  "login": "servercalap",
  "id": 5831653,
  "node_id": "MDQ6VXNlcjU4MzE2NTM=",
  "avatar_url": "https://avatars3.githubusercontent.com/u/5831653?v=4",
  "gravatar_id": "",
  "url": "https://api.github.com/users/servercalap",
  "html_url": "https://github.com/servercalap",
  "followers_url": "https://api.github.com/users/servercalap/followers",
  "following_url": "https://api.github.com/users/servercalap/following{/other_user}",
  "gists_url": "https://api.github.com/users/servercalap/gists{/gist_id}",
  "starred_url": "https://api.github.com/users/servercalap/starred{/owner}{/repo}",
  "subscriptions_url": "https://api.github.com/users/servercalap/subscriptions",
  "organizations_url": "https://api.github.com/users/servercalap/orgs",
  "repos_url": "https://api.github.com/users/servercalap/repos",
  "events_url": "https://api.github.com/users/servercalap/events{/privacy}",
  "received_events_url": "https://api.github.com/users/servercalap/received_events",
  "type": "User",
  "site_admin": false
}
