{
  "login": "sescobb27",
  "id": 1157892,
  "node_id": "MDQ6VXNlcjExNTc4OTI=",
  "avatar_url": "https://avatars0.githubusercontent.com/u/1157892?v=4",
  "gravatar_id": "",
  "url": "https://api.github.com/users/sescobb27",
  "html_url": "https://github.com/sescobb27",
  "followers_url": "https://api.github.com/users/sescobb27/followers",
  "following_url": "https://api.github.com/users/sescobb27/following{/other_user}",
  "gists_url": "https://api.github.com/users/sescobb27/gists{/gist_id}",
  "starred_url": "https://api.github.com/users/sescobb27/starred{/owner}{/repo}",
  "subscriptions_url": "https://api.github.com/users/sescobb27/subscriptions",
  "organizations_url": "https://api.github.com/users/sescobb27/orgs",
  "repos_url": "https://api.github.com/users/sescobb27/repos",
  "events_url": "https://api.github.com/users/sescobb27/events{/privacy}",
  "received_events_url": "https://api.github.com/users/sescobb27/received_events",
  "type": "User",
  "site_admin": false
}
