{
  "login": "sh3rp",
  "id": 6485321,
  "node_id": "MDQ6VXNlcjY0ODUzMjE=",
  "avatar_url": "https://avatars0.githubusercontent.com/u/6485321?v=4",
  "gravatar_id": "",
  "url": "https://api.github.com/users/sh3rp",
  "html_url": "https://github.com/sh3rp",
  "followers_url": "https://api.github.com/users/sh3rp/followers",
  "following_url": "https://api.github.com/users/sh3rp/following{/other_user}",
  "gists_url": "https://api.github.com/users/sh3rp/gists{/gist_id}",
  "starred_url": "https://api.github.com/users/sh3rp/starred{/owner}{/repo}",
  "subscriptions_url": "https://api.github.com/users/sh3rp/subscriptions",
  "organizations_url": "https://api.github.com/users/sh3rp/orgs",
  "repos_url": "https://api.github.com/users/sh3rp/repos",
  "events_url": "https://api.github.com/users/sh3rp/events{/privacy}",
  "received_events_url": "https://api.github.com/users/sh3rp/received_events",
  "type": "User",
  "site_admin": false
}
