{
  "login": "shaikhsiddik",
  "id": 22556152,
  "node_id": "MDQ6VXNlcjIyNTU2MTUy",
  "avatar_url": "https://avatars1.githubusercontent.com/u/22556152?v=4",
  "gravatar_id": "",
  "url": "https://api.github.com/users/shaikhsiddik",
  "html_url": "https://github.com/shaikhsiddik",
  "followers_url": "https://api.github.com/users/shaikhsiddik/followers",
  "following_url": "https://api.github.com/users/shaikhsiddik/following{/other_user}",
  "gists_url": "https://api.github.com/users/shaikhsiddik/gists{/gist_id}",
  "starred_url": "https://api.github.com/users/shaikhsiddik/starred{/owner}{/repo}",
  "subscriptions_url": "https://api.github.com/users/shaikhsiddik/subscriptions",
  "organizations_url": "https://api.github.com/users/shaikhsiddik/orgs",
  "repos_url": "https://api.github.com/users/shaikhsiddik/repos",
  "events_url": "https://api.github.com/users/shaikhsiddik/events{/privacy}",
  "received_events_url": "https://api.github.com/users/shaikhsiddik/received_events",
  "type": "User",
  "site_admin": false
}
