{
  "login": "shuimuliang",
  "id": 541141,
  "node_id": "MDQ6VXNlcjU0MTE0MQ==",
  "avatar_url": "https://avatars3.githubusercontent.com/u/541141?v=4",
  "gravatar_id": "",
  "url": "https://api.github.com/users/shuimuliang",
  "html_url": "https://github.com/shuimuliang",
  "followers_url": "https://api.github.com/users/shuimuliang/followers",
  "following_url": "https://api.github.com/users/shuimuliang/following{/other_user}",
  "gists_url": "https://api.github.com/users/shuimuliang/gists{/gist_id}",
  "starred_url": "https://api.github.com/users/shuimuliang/starred{/owner}{/repo}",
  "subscriptions_url": "https://api.github.com/users/shuimuliang/subscriptions",
  "organizations_url": "https://api.github.com/users/shuimuliang/orgs",
  "repos_url": "https://api.github.com/users/shuimuliang/repos",
  "events_url": "https://api.github.com/users/shuimuliang/events{/privacy}",
  "received_events_url": "https://api.github.com/users/shuimuliang/received_events",
  "type": "User",
  "site_admin": false
}
