{
  "login": "Shyri",
  "id": 1894980,
  "node_id": "MDQ6VXNlcjE4OTQ5ODA=",
  "avatar_url": "https://avatars0.githubusercontent.com/u/1894980?v=4",
  "gravatar_id": "",
  "url": "https://api.github.com/users/Shyri",
  "html_url": "https://github.com/Shyri",
  "followers_url": "https://api.github.com/users/Shyri/followers",
  "following_url": "https://api.github.com/users/Shyri/following{/other_user}",
  "gists_url": "https://api.github.com/users/Shyri/gists{/gist_id}",
  "starred_url": "https://api.github.com/users/Shyri/starred{/owner}{/repo}",
  "subscriptions_url": "https://api.github.com/users/Shyri/subscriptions",
  "organizations_url": "https://api.github.com/users/Shyri/orgs",
  "repos_url": "https://api.github.com/users/Shyri/repos",
  "events_url": "https://api.github.com/users/Shyri/events{/privacy}",
  "received_events_url": "https://api.github.com/users/Shyri/received_events",
  "type": "User",
  "site_admin": false
}
