{
  "login": "sibelius",
  "id": 2005841,
  "node_id": "MDQ6VXNlcjIwMDU4NDE=",
  "avatar_url": "https://avatars3.githubusercontent.com/u/2005841?v=4",
  "gravatar_id": "",
  "url": "https://api.github.com/users/sibelius",
  "html_url": "https://github.com/sibelius",
  "followers_url": "https://api.github.com/users/sibelius/followers",
  "following_url": "https://api.github.com/users/sibelius/following{/other_user}",
  "gists_url": "https://api.github.com/users/sibelius/gists{/gist_id}",
  "starred_url": "https://api.github.com/users/sibelius/starred{/owner}{/repo}",
  "subscriptions_url": "https://api.github.com/users/sibelius/subscriptions",
  "organizations_url": "https://api.github.com/users/sibelius/orgs",
  "repos_url": "https://api.github.com/users/sibelius/repos",
  "events_url": "https://api.github.com/users/sibelius/events{/privacy}",
  "received_events_url": "https://api.github.com/users/sibelius/received_events",
  "type": "User",
  "site_admin": false
}
