{
  "login": "sinhaDroid",
  "id": 13268216,
  "node_id": "MDQ6VXNlcjEzMjY4MjE2",
  "avatar_url": "https://avatars0.githubusercontent.com/u/13268216?v=4",
  "gravatar_id": "",
  "url": "https://api.github.com/users/sinhaDroid",
  "html_url": "https://github.com/sinhaDroid",
  "followers_url": "https://api.github.com/users/sinhaDroid/followers",
  "following_url": "https://api.github.com/users/sinhaDroid/following{/other_user}",
  "gists_url": "https://api.github.com/users/sinhaDroid/gists{/gist_id}",
  "starred_url": "https://api.github.com/users/sinhaDroid/starred{/owner}{/repo}",
  "subscriptions_url": "https://api.github.com/users/sinhaDroid/subscriptions",
  "organizations_url": "https://api.github.com/users/sinhaDroid/orgs",
  "repos_url": "https://api.github.com/users/sinhaDroid/repos",
  "events_url": "https://api.github.com/users/sinhaDroid/events{/privacy}",
  "received_events_url": "https://api.github.com/users/sinhaDroid/received_events",
  "type": "User",
  "site_admin": false
}
