{
  "login": "skw",
  "id": 113158,
  "node_id": "MDQ6VXNlcjExMzE1OA==",
  "avatar_url": "https://avatars3.githubusercontent.com/u/113158?v=4",
  "gravatar_id": "",
  "url": "https://api.github.com/users/skw",
  "html_url": "https://github.com/skw",
  "followers_url": "https://api.github.com/users/skw/followers",
  "following_url": "https://api.github.com/users/skw/following{/other_user}",
  "gists_url": "https://api.github.com/users/skw/gists{/gist_id}",
  "starred_url": "https://api.github.com/users/skw/starred{/owner}{/repo}",
  "subscriptions_url": "https://api.github.com/users/skw/subscriptions",
  "organizations_url": "https://api.github.com/users/skw/orgs",
  "repos_url": "https://api.github.com/users/skw/repos",
  "events_url": "https://api.github.com/users/skw/events{/privacy}",
  "received_events_url": "https://api.github.com/users/skw/received_events",
  "type": "User",
  "site_admin": false
}
