{
  "login": "skyhee",
  "id": 3747013,
  "node_id": "MDQ6VXNlcjM3NDcwMTM=",
  "avatar_url": "https://avatars3.githubusercontent.com/u/3747013?v=4",
  "gravatar_id": "",
  "url": "https://api.github.com/users/skyhee",
  "html_url": "https://github.com/skyhee",
  "followers_url": "https://api.github.com/users/skyhee/followers",
  "following_url": "https://api.github.com/users/skyhee/following{/other_user}",
  "gists_url": "https://api.github.com/users/skyhee/gists{/gist_id}",
  "starred_url": "https://api.github.com/users/skyhee/starred{/owner}{/repo}",
  "subscriptions_url": "https://api.github.com/users/skyhee/subscriptions",
  "organizations_url": "https://api.github.com/users/skyhee/orgs",
  "repos_url": "https://api.github.com/users/skyhee/repos",
  "events_url": "https://api.github.com/users/skyhee/events{/privacy}",
  "received_events_url": "https://api.github.com/users/skyhee/received_events",
  "type": "User",
  "site_admin": false
}
