{
  "login": "smnalex",
  "id": 10850578,
  "node_id": "MDQ6VXNlcjEwODUwNTc4",
  "avatar_url": "https://avatars2.githubusercontent.com/u/10850578?v=4",
  "gravatar_id": "",
  "url": "https://api.github.com/users/smnalex",
  "html_url": "https://github.com/smnalex",
  "followers_url": "https://api.github.com/users/smnalex/followers",
  "following_url": "https://api.github.com/users/smnalex/following{/other_user}",
  "gists_url": "https://api.github.com/users/smnalex/gists{/gist_id}",
  "starred_url": "https://api.github.com/users/smnalex/starred{/owner}{/repo}",
  "subscriptions_url": "https://api.github.com/users/smnalex/subscriptions",
  "organizations_url": "https://api.github.com/users/smnalex/orgs",
  "repos_url": "https://api.github.com/users/smnalex/repos",
  "events_url": "https://api.github.com/users/smnalex/events{/privacy}",
  "received_events_url": "https://api.github.com/users/smnalex/received_events",
  "type": "User",
  "site_admin": false
}
