{
  "login": "snahor",
  "id": 96594,
  "node_id": "MDQ6VXNlcjk2NTk0",
  "avatar_url": "https://avatars1.githubusercontent.com/u/96594?v=4",
  "gravatar_id": "",
  "url": "https://api.github.com/users/snahor",
  "html_url": "https://github.com/snahor",
  "followers_url": "https://api.github.com/users/snahor/followers",
  "following_url": "https://api.github.com/users/snahor/following{/other_user}",
  "gists_url": "https://api.github.com/users/snahor/gists{/gist_id}",
  "starred_url": "https://api.github.com/users/snahor/starred{/owner}{/repo}",
  "subscriptions_url": "https://api.github.com/users/snahor/subscriptions",
  "organizations_url": "https://api.github.com/users/snahor/orgs",
  "repos_url": "https://api.github.com/users/snahor/repos",
  "events_url": "https://api.github.com/users/snahor/events{/privacy}",
  "received_events_url": "https://api.github.com/users/snahor/received_events",
  "type": "User",
  "site_admin": false
}
