{
  "login": "soraouji",
  "id": 13603572,
  "node_id": "MDQ6VXNlcjEzNjAzNTcy",
  "avatar_url": "https://avatars1.githubusercontent.com/u/13603572?v=4",
  "gravatar_id": "",
  "url": "https://api.github.com/users/soraouji",
  "html_url": "https://github.com/soraouji",
  "followers_url": "https://api.github.com/users/soraouji/followers",
  "following_url": "https://api.github.com/users/soraouji/following{/other_user}",
  "gists_url": "https://api.github.com/users/soraouji/gists{/gist_id}",
  "starred_url": "https://api.github.com/users/soraouji/starred{/owner}{/repo}",
  "subscriptions_url": "https://api.github.com/users/soraouji/subscriptions",
  "organizations_url": "https://api.github.com/users/soraouji/orgs",
  "repos_url": "https://api.github.com/users/soraouji/repos",
  "events_url": "https://api.github.com/users/soraouji/events{/privacy}",
  "received_events_url": "https://api.github.com/users/soraouji/received_events",
  "type": "User",
  "site_admin": false
}
