{
  "login": "srufle",
  "id": 5247678,
  "node_id": "MDQ6VXNlcjUyNDc2Nzg=",
  "avatar_url": "https://avatars2.githubusercontent.com/u/5247678?v=4",
  "gravatar_id": "",
  "url": "https://api.github.com/users/srufle",
  "html_url": "https://github.com/srufle",
  "followers_url": "https://api.github.com/users/srufle/followers",
  "following_url": "https://api.github.com/users/srufle/following{/other_user}",
  "gists_url": "https://api.github.com/users/srufle/gists{/gist_id}",
  "starred_url": "https://api.github.com/users/srufle/starred{/owner}{/repo}",
  "subscriptions_url": "https://api.github.com/users/srufle/subscriptions",
  "organizations_url": "https://api.github.com/users/srufle/orgs",
  "repos_url": "https://api.github.com/users/srufle/repos",
  "events_url": "https://api.github.com/users/srufle/events{/privacy}",
  "received_events_url": "https://api.github.com/users/srufle/received_events",
  "type": "User",
  "site_admin": false
}
