{
  "login": "stinkyfingers",
  "id": 4924621,
  "node_id": "MDQ6VXNlcjQ5MjQ2MjE=",
  "avatar_url": "https://avatars2.githubusercontent.com/u/4924621?v=4",
  "gravatar_id": "",
  "url": "https://api.github.com/users/stinkyfingers",
  "html_url": "https://github.com/stinkyfingers",
  "followers_url": "https://api.github.com/users/stinkyfingers/followers",
  "following_url": "https://api.github.com/users/stinkyfingers/following{/other_user}",
  "gists_url": "https://api.github.com/users/stinkyfingers/gists{/gist_id}",
  "starred_url": "https://api.github.com/users/stinkyfingers/starred{/owner}{/repo}",
  "subscriptions_url": "https://api.github.com/users/stinkyfingers/subscriptions",
  "organizations_url": "https://api.github.com/users/stinkyfingers/orgs",
  "repos_url": "https://api.github.com/users/stinkyfingers/repos",
  "events_url": "https://api.github.com/users/stinkyfingers/events{/privacy}",
  "received_events_url": "https://api.github.com/users/stinkyfingers/received_events",
  "type": "User",
  "site_admin": false
}
