{
  "login": "stuartcarnie",
  "id": 52852,
  "node_id": "MDQ6VXNlcjUyODUy",
  "avatar_url": "https://avatars0.githubusercontent.com/u/52852?v=4",
  "gravatar_id": "",
  "url": "https://api.github.com/users/stuartcarnie",
  "html_url": "https://github.com/stuartcarnie",
  "followers_url": "https://api.github.com/users/stuartcarnie/followers",
  "following_url": "https://api.github.com/users/stuartcarnie/following{/other_user}",
  "gists_url": "https://api.github.com/users/stuartcarnie/gists{/gist_id}",
  "starred_url": "https://api.github.com/users/stuartcarnie/starred{/owner}{/repo}",
  "subscriptions_url": "https://api.github.com/users/stuartcarnie/subscriptions",
  "organizations_url": "https://api.github.com/users/stuartcarnie/orgs",
  "repos_url": "https://api.github.com/users/stuartcarnie/repos",
  "events_url": "https://api.github.com/users/stuartcarnie/events{/privacy}",
  "received_events_url": "https://api.github.com/users/stuartcarnie/received_events",
  "type": "User",
  "site_admin": false
}
