{
  "login": "sunil91",
  "id": 15089871,
  "node_id": "MDQ6VXNlcjE1MDg5ODcx",
  "avatar_url": "https://avatars1.githubusercontent.com/u/15089871?v=4",
  "gravatar_id": "",
  "url": "https://api.github.com/users/sunil91",
  "html_url": "https://github.com/sunil91",
  "followers_url": "https://api.github.com/users/sunil91/followers",
  "following_url": "https://api.github.com/users/sunil91/following{/other_user}",
  "gists_url": "https://api.github.com/users/sunil91/gists{/gist_id}",
  "starred_url": "https://api.github.com/users/sunil91/starred{/owner}{/repo}",
  "subscriptions_url": "https://api.github.com/users/sunil91/subscriptions",
  "organizations_url": "https://api.github.com/users/sunil91/orgs",
  "repos_url": "https://api.github.com/users/sunil91/repos",
  "events_url": "https://api.github.com/users/sunil91/events{/privacy}",
  "received_events_url": "https://api.github.com/users/sunil91/received_events",
  "type": "User",
  "site_admin": false
}
