{
  "login": "suzannekozina",
  "id": 16749122,
  "node_id": "MDQ6VXNlcjE2NzQ5MTIy",
  "avatar_url": "https://avatars1.githubusercontent.com/u/16749122?v=4",
  "gravatar_id": "",
  "url": "https://api.github.com/users/suzannekozina",
  "html_url": "https://github.com/suzannekozina",
  "followers_url": "https://api.github.com/users/suzannekozina/followers",
  "following_url": "https://api.github.com/users/suzannekozina/following{/other_user}",
  "gists_url": "https://api.github.com/users/suzannekozina/gists{/gist_id}",
  "starred_url": "https://api.github.com/users/suzannekozina/starred{/owner}{/repo}",
  "subscriptions_url": "https://api.github.com/users/suzannekozina/subscriptions",
  "organizations_url": "https://api.github.com/users/suzannekozina/orgs",
  "repos_url": "https://api.github.com/users/suzannekozina/repos",
  "events_url": "https://api.github.com/users/suzannekozina/events{/privacy}",
  "received_events_url": "https://api.github.com/users/suzannekozina/received_events",
  "type": "User",
  "site_admin": false
}
