{
  "login": "swashed",
  "id": 10514859,
  "node_id": "MDQ6VXNlcjEwNTE0ODU5",
  "avatar_url": "https://avatars3.githubusercontent.com/u/10514859?v=4",
  "gravatar_id": "",
  "url": "https://api.github.com/users/swashed",
  "html_url": "https://github.com/swashed",
  "followers_url": "https://api.github.com/users/swashed/followers",
  "following_url": "https://api.github.com/users/swashed/following{/other_user}",
  "gists_url": "https://api.github.com/users/swashed/gists{/gist_id}",
  "starred_url": "https://api.github.com/users/swashed/starred{/owner}{/repo}",
  "subscriptions_url": "https://api.github.com/users/swashed/subscriptions",
  "organizations_url": "https://api.github.com/users/swashed/orgs",
  "repos_url": "https://api.github.com/users/swashed/repos",
  "events_url": "https://api.github.com/users/swashed/events{/privacy}",
  "received_events_url": "https://api.github.com/users/swashed/received_events",
  "type": "User",
  "site_admin": false
}
