{
  "login": "swiftdiaries",
  "id": 23024031,
  "node_id": "MDQ6VXNlcjIzMDI0MDMx",
  "avatar_url": "https://avatars0.githubusercontent.com/u/23024031?v=4",
  "gravatar_id": "",
  "url": "https://api.github.com/users/swiftdiaries",
  "html_url": "https://github.com/swiftdiaries",
  "followers_url": "https://api.github.com/users/swiftdiaries/followers",
  "following_url": "https://api.github.com/users/swiftdiaries/following{/other_user}",
  "gists_url": "https://api.github.com/users/swiftdiaries/gists{/gist_id}",
  "starred_url": "https://api.github.com/users/swiftdiaries/starred{/owner}{/repo}",
  "subscriptions_url": "https://api.github.com/users/swiftdiaries/subscriptions",
  "organizations_url": "https://api.github.com/users/swiftdiaries/orgs",
  "repos_url": "https://api.github.com/users/swiftdiaries/repos",
  "events_url": "https://api.github.com/users/swiftdiaries/events{/privacy}",
  "received_events_url": "https://api.github.com/users/swiftdiaries/received_events",
  "type": "User",
  "site_admin": false
}
