{
  "login": "sysbot",
  "id": 51646,
  "node_id": "MDQ6VXNlcjUxNjQ2",
  "avatar_url": "https://avatars3.githubusercontent.com/u/51646?v=4",
  "gravatar_id": "",
  "url": "https://api.github.com/users/sysbot",
  "html_url": "https://github.com/sysbot",
  "followers_url": "https://api.github.com/users/sysbot/followers",
  "following_url": "https://api.github.com/users/sysbot/following{/other_user}",
  "gists_url": "https://api.github.com/users/sysbot/gists{/gist_id}",
  "starred_url": "https://api.github.com/users/sysbot/starred{/owner}{/repo}",
  "subscriptions_url": "https://api.github.com/users/sysbot/subscriptions",
  "organizations_url": "https://api.github.com/users/sysbot/orgs",
  "repos_url": "https://api.github.com/users/sysbot/repos",
  "events_url": "https://api.github.com/users/sysbot/events{/privacy}",
  "received_events_url": "https://api.github.com/users/sysbot/received_events",
  "type": "User",
  "site_admin": false
}
