{
  "login": "tarikcayir",
  "id": 1753036,
  "node_id": "MDQ6VXNlcjE3NTMwMzY=",
  "avatar_url": "https://avatars0.githubusercontent.com/u/1753036?v=4",
  "gravatar_id": "",
  "url": "https://api.github.com/users/tarikcayir",
  "html_url": "https://github.com/tarikcayir",
  "followers_url": "https://api.github.com/users/tarikcayir/followers",
  "following_url": "https://api.github.com/users/tarikcayir/following{/other_user}",
  "gists_url": "https://api.github.com/users/tarikcayir/gists{/gist_id}",
  "starred_url": "https://api.github.com/users/tarikcayir/starred{/owner}{/repo}",
  "subscriptions_url": "https://api.github.com/users/tarikcayir/subscriptions",
  "organizations_url": "https://api.github.com/users/tarikcayir/orgs",
  "repos_url": "https://api.github.com/users/tarikcayir/repos",
  "events_url": "https://api.github.com/users/tarikcayir/events{/privacy}",
  "received_events_url": "https://api.github.com/users/tarikcayir/received_events",
  "type": "User",
  "site_admin": false
}
