{
  "login": "tarrsalah",
  "id": 909959,
  "node_id": "MDQ6VXNlcjkwOTk1OQ==",
  "avatar_url": "https://avatars3.githubusercontent.com/u/909959?v=4",
  "gravatar_id": "",
  "url": "https://api.github.com/users/tarrsalah",
  "html_url": "https://github.com/tarrsalah",
  "followers_url": "https://api.github.com/users/tarrsalah/followers",
  "following_url": "https://api.github.com/users/tarrsalah/following{/other_user}",
  "gists_url": "https://api.github.com/users/tarrsalah/gists{/gist_id}",
  "starred_url": "https://api.github.com/users/tarrsalah/starred{/owner}{/repo}",
  "subscriptions_url": "https://api.github.com/users/tarrsalah/subscriptions",
  "organizations_url": "https://api.github.com/users/tarrsalah/orgs",
  "repos_url": "https://api.github.com/users/tarrsalah/repos",
  "events_url": "https://api.github.com/users/tarrsalah/events{/privacy}",
  "received_events_url": "https://api.github.com/users/tarrsalah/received_events",
  "type": "User",
  "site_admin": false
}
