{
  "login": "tbranyen",
  "id": 181635,
  "node_id": "MDQ6VXNlcjE4MTYzNQ==",
  "avatar_url": "https://avatars3.githubusercontent.com/u/181635?v=4",
  "gravatar_id": "",
  "url": "https://api.github.com/users/tbranyen",
  "html_url": "https://github.com/tbranyen",
  "followers_url": "https://api.github.com/users/tbranyen/followers",
  "following_url": "https://api.github.com/users/tbranyen/following{/other_user}",
  "gists_url": "https://api.github.com/users/tbranyen/gists{/gist_id}",
  "starred_url": "https://api.github.com/users/tbranyen/starred{/owner}{/repo}",
  "subscriptions_url": "https://api.github.com/users/tbranyen/subscriptions",
  "organizations_url": "https://api.github.com/users/tbranyen/orgs",
  "repos_url": "https://api.github.com/users/tbranyen/repos",
  "events_url": "https://api.github.com/users/tbranyen/events{/privacy}",
  "received_events_url": "https://api.github.com/users/tbranyen/received_events",
  "type": "User",
  "site_admin": false
}
