{
  "login": "tdopires",
  "id": 841984,
  "node_id": "MDQ6VXNlcjg0MTk4NA==",
  "avatar_url": "https://avatars3.githubusercontent.com/u/841984?v=4",
  "gravatar_id": "",
  "url": "https://api.github.com/users/tdopires",
  "html_url": "https://github.com/tdopires",
  "followers_url": "https://api.github.com/users/tdopires/followers",
  "following_url": "https://api.github.com/users/tdopires/following{/other_user}",
  "gists_url": "https://api.github.com/users/tdopires/gists{/gist_id}",
  "starred_url": "https://api.github.com/users/tdopires/starred{/owner}{/repo}",
  "subscriptions_url": "https://api.github.com/users/tdopires/subscriptions",
  "organizations_url": "https://api.github.com/users/tdopires/orgs",
  "repos_url": "https://api.github.com/users/tdopires/repos",
  "events_url": "https://api.github.com/users/tdopires/events{/privacy}",
  "received_events_url": "https://api.github.com/users/tdopires/received_events",
  "type": "User",
  "site_admin": false
}
