{
  "login": "tehsphinx",
  "id": 6624571,
  "node_id": "MDQ6VXNlcjY2MjQ1NzE=",
  "avatar_url": "https://avatars0.githubusercontent.com/u/6624571?v=4",
  "gravatar_id": "",
  "url": "https://api.github.com/users/tehsphinx",
  "html_url": "https://github.com/tehsphinx",
  "followers_url": "https://api.github.com/users/tehsphinx/followers",
  "following_url": "https://api.github.com/users/tehsphinx/following{/other_user}",
  "gists_url": "https://api.github.com/users/tehsphinx/gists{/gist_id}",
  "starred_url": "https://api.github.com/users/tehsphinx/starred{/owner}{/repo}",
  "subscriptions_url": "https://api.github.com/users/tehsphinx/subscriptions",
  "organizations_url": "https://api.github.com/users/tehsphinx/orgs",
  "repos_url": "https://api.github.com/users/tehsphinx/repos",
  "events_url": "https://api.github.com/users/tehsphinx/events{/privacy}",
  "received_events_url": "https://api.github.com/users/tehsphinx/received_events",
  "type": "User",
  "site_admin": false
}
