{
  "login": "teivah",
  "id": 934784,
  "node_id": "MDQ6VXNlcjkzNDc4NA==",
  "avatar_url": "https://avatars1.githubusercontent.com/u/934784?v=4",
  "gravatar_id": "",
  "url": "https://api.github.com/users/teivah",
  "html_url": "https://github.com/teivah",
  "followers_url": "https://api.github.com/users/teivah/followers",
  "following_url": "https://api.github.com/users/teivah/following{/other_user}",
  "gists_url": "https://api.github.com/users/teivah/gists{/gist_id}",
  "starred_url": "https://api.github.com/users/teivah/starred{/owner}{/repo}",
  "subscriptions_url": "https://api.github.com/users/teivah/subscriptions",
  "organizations_url": "https://api.github.com/users/teivah/orgs",
  "repos_url": "https://api.github.com/users/teivah/repos",
  "events_url": "https://api.github.com/users/teivah/events{/privacy}",
  "received_events_url": "https://api.github.com/users/teivah/received_events",
  "type": "User",
  "site_admin": false
}
