{
  "login": "tekrei",
  "id": 200193,
  "node_id": "MDQ6VXNlcjIwMDE5Mw==",
  "avatar_url": "https://avatars2.githubusercontent.com/u/200193?v=4",
  "gravatar_id": "",
  "url": "https://api.github.com/users/tekrei",
  "html_url": "https://github.com/tekrei",
  "followers_url": "https://api.github.com/users/tekrei/followers",
  "following_url": "https://api.github.com/users/tekrei/following{/other_user}",
  "gists_url": "https://api.github.com/users/tekrei/gists{/gist_id}",
  "starred_url": "https://api.github.com/users/tekrei/starred{/owner}{/repo}",
  "subscriptions_url": "https://api.github.com/users/tekrei/subscriptions",
  "organizations_url": "https://api.github.com/users/tekrei/orgs",
  "repos_url": "https://api.github.com/users/tekrei/repos",
  "events_url": "https://api.github.com/users/tekrei/events{/privacy}",
  "received_events_url": "https://api.github.com/users/tekrei/received_events",
  "type": "User",
  "site_admin": false
}
