{
  "login": "tetafro",
  "id": 11755173,
  "node_id": "MDQ6VXNlcjExNzU1MTcz",
  "avatar_url": "https://avatars1.githubusercontent.com/u/11755173?v=4",
  "gravatar_id": "",
  "url": "https://api.github.com/users/tetafro",
  "html_url": "https://github.com/tetafro",
  "followers_url": "https://api.github.com/users/tetafro/followers",
  "following_url": "https://api.github.com/users/tetafro/following{/other_user}",
  "gists_url": "https://api.github.com/users/tetafro/gists{/gist_id}",
  "starred_url": "https://api.github.com/users/tetafro/starred{/owner}{/repo}",
  "subscriptions_url": "https://api.github.com/users/tetafro/subscriptions",
  "organizations_url": "https://api.github.com/users/tetafro/orgs",
  "repos_url": "https://api.github.com/users/tetafro/repos",
  "events_url": "https://api.github.com/users/tetafro/events{/privacy}",
  "received_events_url": "https://api.github.com/users/tetafro/received_events",
  "type": "User",
  "site_admin": false
}
