{
  "login": "tfenng",
  "id": 379939,
  "node_id": "MDQ6VXNlcjM3OTkzOQ==",
  "avatar_url": "https://avatars2.githubusercontent.com/u/379939?v=4",
  "gravatar_id": "",
  "url": "https://api.github.com/users/tfenng",
  "html_url": "https://github.com/tfenng",
  "followers_url": "https://api.github.com/users/tfenng/followers",
  "following_url": "https://api.github.com/users/tfenng/following{/other_user}",
  "gists_url": "https://api.github.com/users/tfenng/gists{/gist_id}",
  "starred_url": "https://api.github.com/users/tfenng/starred{/owner}{/repo}",
  "subscriptions_url": "https://api.github.com/users/tfenng/subscriptions",
  "organizations_url": "https://api.github.com/users/tfenng/orgs",
  "repos_url": "https://api.github.com/users/tfenng/repos",
  "events_url": "https://api.github.com/users/tfenng/events{/privacy}",
  "received_events_url": "https://api.github.com/users/tfenng/received_events",
  "type": "User",
  "site_admin": false
}
