{
  "login": "tgezginis",
  "id": 3657978,
  "node_id": "MDQ6VXNlcjM2NTc5Nzg=",
  "avatar_url": "https://avatars1.githubusercontent.com/u/3657978?v=4",
  "gravatar_id": "",
  "url": "https://api.github.com/users/tgezginis",
  "html_url": "https://github.com/tgezginis",
  "followers_url": "https://api.github.com/users/tgezginis/followers",
  "following_url": "https://api.github.com/users/tgezginis/following{/other_user}",
  "gists_url": "https://api.github.com/users/tgezginis/gists{/gist_id}",
  "starred_url": "https://api.github.com/users/tgezginis/starred{/owner}{/repo}",
  "subscriptions_url": "https://api.github.com/users/tgezginis/subscriptions",
  "organizations_url": "https://api.github.com/users/tgezginis/orgs",
  "repos_url": "https://api.github.com/users/tgezginis/repos",
  "events_url": "https://api.github.com/users/tgezginis/events{/privacy}",
  "received_events_url": "https://api.github.com/users/tgezginis/received_events",
  "type": "User",
  "site_admin": false
}
