{
  "login": "thaewrapt",
  "id": 7932568,
  "node_id": "MDQ6VXNlcjc5MzI1Njg=",
  "avatar_url": "https://avatars1.githubusercontent.com/u/7932568?v=4",
  "gravatar_id": "",
  "url": "https://api.github.com/users/thaewrapt",
  "html_url": "https://github.com/thaewrapt",
  "followers_url": "https://api.github.com/users/thaewrapt/followers",
  "following_url": "https://api.github.com/users/thaewrapt/following{/other_user}",
  "gists_url": "https://api.github.com/users/thaewrapt/gists{/gist_id}",
  "starred_url": "https://api.github.com/users/thaewrapt/starred{/owner}{/repo}",
  "subscriptions_url": "https://api.github.com/users/thaewrapt/subscriptions",
  "organizations_url": "https://api.github.com/users/thaewrapt/orgs",
  "repos_url": "https://api.github.com/users/thaewrapt/repos",
  "events_url": "https://api.github.com/users/thaewrapt/events{/privacy}",
  "received_events_url": "https://api.github.com/users/thaewrapt/received_events",
  "type": "User",
  "site_admin": false
}
