{
  "login": "thatInfrastructureGuy",
  "id": 5376494,
  "node_id": "MDQ6VXNlcjUzNzY0OTQ=",
  "avatar_url": "https://avatars3.githubusercontent.com/u/5376494?v=4",
  "gravatar_id": "",
  "url": "https://api.github.com/users/thatInfrastructureGuy",
  "html_url": "https://github.com/thatInfrastructureGuy",
  "followers_url": "https://api.github.com/users/thatInfrastructureGuy/followers",
  "following_url": "https://api.github.com/users/thatInfrastructureGuy/following{/other_user}",
  "gists_url": "https://api.github.com/users/thatInfrastructureGuy/gists{/gist_id}",
  "starred_url": "https://api.github.com/users/thatInfrastructureGuy/starred{/owner}{/repo}",
  "subscriptions_url": "https://api.github.com/users/thatInfrastructureGuy/subscriptions",
  "organizations_url": "https://api.github.com/users/thatInfrastructureGuy/orgs",
  "repos_url": "https://api.github.com/users/thatInfrastructureGuy/repos",
  "events_url": "https://api.github.com/users/thatInfrastructureGuy/events{/privacy}",
  "received_events_url": "https://api.github.com/users/thatInfrastructureGuy/received_events",
  "type": "User",
  "site_admin": false
}
