{
  "login": "thearchitect",
  "id": 10671029,
  "node_id": "MDQ6VXNlcjEwNjcxMDI5",
  "avatar_url": "https://avatars1.githubusercontent.com/u/10671029?v=4",
  "gravatar_id": "",
  "url": "https://api.github.com/users/thearchitect",
  "html_url": "https://github.com/thearchitect",
  "followers_url": "https://api.github.com/users/thearchitect/followers",
  "following_url": "https://api.github.com/users/thearchitect/following{/other_user}",
  "gists_url": "https://api.github.com/users/thearchitect/gists{/gist_id}",
  "starred_url": "https://api.github.com/users/thearchitect/starred{/owner}{/repo}",
  "subscriptions_url": "https://api.github.com/users/thearchitect/subscriptions",
  "organizations_url": "https://api.github.com/users/thearchitect/orgs",
  "repos_url": "https://api.github.com/users/thearchitect/repos",
  "events_url": "https://api.github.com/users/thearchitect/events{/privacy}",
  "received_events_url": "https://api.github.com/users/thearchitect/received_events",
  "type": "User",
  "site_admin": false
}
