{
  "login": "thedrow",
  "id": 48936,
  "node_id": "MDQ6VXNlcjQ4OTM2",
  "avatar_url": "https://avatars2.githubusercontent.com/u/48936?v=4",
  "gravatar_id": "",
  "url": "https://api.github.com/users/thedrow",
  "html_url": "https://github.com/thedrow",
  "followers_url": "https://api.github.com/users/thedrow/followers",
  "following_url": "https://api.github.com/users/thedrow/following{/other_user}",
  "gists_url": "https://api.github.com/users/thedrow/gists{/gist_id}",
  "starred_url": "https://api.github.com/users/thedrow/starred{/owner}{/repo}",
  "subscriptions_url": "https://api.github.com/users/thedrow/subscriptions",
  "organizations_url": "https://api.github.com/users/thedrow/orgs",
  "repos_url": "https://api.github.com/users/thedrow/repos",
  "events_url": "https://api.github.com/users/thedrow/events{/privacy}",
  "received_events_url": "https://api.github.com/users/thedrow/received_events",
  "type": "User",
  "site_admin": false
}
