{
  "login": "therohanchawla",
  "id": 10349050,
  "node_id": "MDQ6VXNlcjEwMzQ5MDUw",
  "avatar_url": "https://avatars0.githubusercontent.com/u/10349050?v=4",
  "gravatar_id": "",
  "url": "https://api.github.com/users/therohanchawla",
  "html_url": "https://github.com/therohanchawla",
  "followers_url": "https://api.github.com/users/therohanchawla/followers",
  "following_url": "https://api.github.com/users/therohanchawla/following{/other_user}",
  "gists_url": "https://api.github.com/users/therohanchawla/gists{/gist_id}",
  "starred_url": "https://api.github.com/users/therohanchawla/starred{/owner}{/repo}",
  "subscriptions_url": "https://api.github.com/users/therohanchawla/subscriptions",
  "organizations_url": "https://api.github.com/users/therohanchawla/orgs",
  "repos_url": "https://api.github.com/users/therohanchawla/repos",
  "events_url": "https://api.github.com/users/therohanchawla/events{/privacy}",
  "received_events_url": "https://api.github.com/users/therohanchawla/received_events",
  "type": "User",
  "site_admin": false
}
