{
  "login": "think2code1",
  "id": 24632190,
  "node_id": "MDQ6VXNlcjI0NjMyMTkw",
  "avatar_url": "https://avatars2.githubusercontent.com/u/24632190?v=4",
  "gravatar_id": "",
  "url": "https://api.github.com/users/think2code1",
  "html_url": "https://github.com/think2code1",
  "followers_url": "https://api.github.com/users/think2code1/followers",
  "following_url": "https://api.github.com/users/think2code1/following{/other_user}",
  "gists_url": "https://api.github.com/users/think2code1/gists{/gist_id}",
  "starred_url": "https://api.github.com/users/think2code1/starred{/owner}{/repo}",
  "subscriptions_url": "https://api.github.com/users/think2code1/subscriptions",
  "organizations_url": "https://api.github.com/users/think2code1/orgs",
  "repos_url": "https://api.github.com/users/think2code1/repos",
  "events_url": "https://api.github.com/users/think2code1/events{/privacy}",
  "received_events_url": "https://api.github.com/users/think2code1/received_events",
  "type": "User",
  "site_admin": false
}
