{
  "login": "tigefa4u",
  "id": 1493571,
  "node_id": "MDQ6VXNlcjE0OTM1NzE=",
  "avatar_url": "https://avatars2.githubusercontent.com/u/1493571?v=4",
  "gravatar_id": "",
  "url": "https://api.github.com/users/tigefa4u",
  "html_url": "https://github.com/tigefa4u",
  "followers_url": "https://api.github.com/users/tigefa4u/followers",
  "following_url": "https://api.github.com/users/tigefa4u/following{/other_user}",
  "gists_url": "https://api.github.com/users/tigefa4u/gists{/gist_id}",
  "starred_url": "https://api.github.com/users/tigefa4u/starred{/owner}{/repo}",
  "subscriptions_url": "https://api.github.com/users/tigefa4u/subscriptions",
  "organizations_url": "https://api.github.com/users/tigefa4u/orgs",
  "repos_url": "https://api.github.com/users/tigefa4u/repos",
  "events_url": "https://api.github.com/users/tigefa4u/events{/privacy}",
  "received_events_url": "https://api.github.com/users/tigefa4u/received_events",
  "type": "User",
  "site_admin": false
}
