{
  "login": "tktaofik",
  "id": 8204154,
  "node_id": "MDQ6VXNlcjgyMDQxNTQ=",
  "avatar_url": "https://avatars2.githubusercontent.com/u/8204154?v=4",
  "gravatar_id": "",
  "url": "https://api.github.com/users/tktaofik",
  "html_url": "https://github.com/tktaofik",
  "followers_url": "https://api.github.com/users/tktaofik/followers",
  "following_url": "https://api.github.com/users/tktaofik/following{/other_user}",
  "gists_url": "https://api.github.com/users/tktaofik/gists{/gist_id}",
  "starred_url": "https://api.github.com/users/tktaofik/starred{/owner}{/repo}",
  "subscriptions_url": "https://api.github.com/users/tktaofik/subscriptions",
  "organizations_url": "https://api.github.com/users/tktaofik/orgs",
  "repos_url": "https://api.github.com/users/tktaofik/repos",
  "events_url": "https://api.github.com/users/tktaofik/events{/privacy}",
  "received_events_url": "https://api.github.com/users/tktaofik/received_events",
  "type": "User",
  "site_admin": false
}
