{
  "login": "tlemar",
  "id": 3806478,
  "node_id": "MDQ6VXNlcjM4MDY0Nzg=",
  "avatar_url": "https://avatars3.githubusercontent.com/u/3806478?v=4",
  "gravatar_id": "",
  "url": "https://api.github.com/users/tlemar",
  "html_url": "https://github.com/tlemar",
  "followers_url": "https://api.github.com/users/tlemar/followers",
  "following_url": "https://api.github.com/users/tlemar/following{/other_user}",
  "gists_url": "https://api.github.com/users/tlemar/gists{/gist_id}",
  "starred_url": "https://api.github.com/users/tlemar/starred{/owner}{/repo}",
  "subscriptions_url": "https://api.github.com/users/tlemar/subscriptions",
  "organizations_url": "https://api.github.com/users/tlemar/orgs",
  "repos_url": "https://api.github.com/users/tlemar/repos",
  "events_url": "https://api.github.com/users/tlemar/events{/privacy}",
  "received_events_url": "https://api.github.com/users/tlemar/received_events",
  "type": "User",
  "site_admin": false
}
