{
  "login": "tohjustin",
  "id": 8844886,
  "node_id": "MDQ6VXNlcjg4NDQ4ODY=",
  "avatar_url": "https://avatars2.githubusercontent.com/u/8844886?v=4",
  "gravatar_id": "",
  "url": "https://api.github.com/users/tohjustin",
  "html_url": "https://github.com/tohjustin",
  "followers_url": "https://api.github.com/users/tohjustin/followers",
  "following_url": "https://api.github.com/users/tohjustin/following{/other_user}",
  "gists_url": "https://api.github.com/users/tohjustin/gists{/gist_id}",
  "starred_url": "https://api.github.com/users/tohjustin/starred{/owner}{/repo}",
  "subscriptions_url": "https://api.github.com/users/tohjustin/subscriptions",
  "organizations_url": "https://api.github.com/users/tohjustin/orgs",
  "repos_url": "https://api.github.com/users/tohjustin/repos",
  "events_url": "https://api.github.com/users/tohjustin/events{/privacy}",
  "received_events_url": "https://api.github.com/users/tohjustin/received_events",
  "type": "User",
  "site_admin": false
}
