{
  "login": "tommy-sho",
  "id": 37259600,
  "node_id": "MDQ6VXNlcjM3MjU5NjAw",
  "avatar_url": "https://avatars0.githubusercontent.com/u/37259600?v=4",
  "gravatar_id": "",
  "url": "https://api.github.com/users/tommy-sho",
  "html_url": "https://github.com/tommy-sho",
  "followers_url": "https://api.github.com/users/tommy-sho/followers",
  "following_url": "https://api.github.com/users/tommy-sho/following{/other_user}",
  "gists_url": "https://api.github.com/users/tommy-sho/gists{/gist_id}",
  "starred_url": "https://api.github.com/users/tommy-sho/starred{/owner}{/repo}",
  "subscriptions_url": "https://api.github.com/users/tommy-sho/subscriptions",
  "organizations_url": "https://api.github.com/users/tommy-sho/orgs",
  "repos_url": "https://api.github.com/users/tommy-sho/repos",
  "events_url": "https://api.github.com/users/tommy-sho/events{/privacy}",
  "received_events_url": "https://api.github.com/users/tommy-sho/received_events",
  "type": "User",
  "site_admin": false
}
