{
  "login": "tomorrow199011",
  "id": 8546007,
  "node_id": "MDQ6VXNlcjg1NDYwMDc=",
  "avatar_url": "https://avatars1.githubusercontent.com/u/8546007?v=4",
  "gravatar_id": "",
  "url": "https://api.github.com/users/tomorrow199011",
  "html_url": "https://github.com/tomorrow199011",
  "followers_url": "https://api.github.com/users/tomorrow199011/followers",
  "following_url": "https://api.github.com/users/tomorrow199011/following{/other_user}",
  "gists_url": "https://api.github.com/users/tomorrow199011/gists{/gist_id}",
  "starred_url": "https://api.github.com/users/tomorrow199011/starred{/owner}{/repo}",
  "subscriptions_url": "https://api.github.com/users/tomorrow199011/subscriptions",
  "organizations_url": "https://api.github.com/users/tomorrow199011/orgs",
  "repos_url": "https://api.github.com/users/tomorrow199011/repos",
  "events_url": "https://api.github.com/users/tomorrow199011/events{/privacy}",
  "received_events_url": "https://api.github.com/users/tomorrow199011/received_events",
  "type": "User",
  "site_admin": false
}
