{
  "login": "tomsapps",
  "id": 16643209,
  "node_id": "MDQ6VXNlcjE2NjQzMjA5",
  "avatar_url": "https://avatars0.githubusercontent.com/u/16643209?v=4",
  "gravatar_id": "",
  "url": "https://api.github.com/users/tomsapps",
  "html_url": "https://github.com/tomsapps",
  "followers_url": "https://api.github.com/users/tomsapps/followers",
  "following_url": "https://api.github.com/users/tomsapps/following{/other_user}",
  "gists_url": "https://api.github.com/users/tomsapps/gists{/gist_id}",
  "starred_url": "https://api.github.com/users/tomsapps/starred{/owner}{/repo}",
  "subscriptions_url": "https://api.github.com/users/tomsapps/subscriptions",
  "organizations_url": "https://api.github.com/users/tomsapps/orgs",
  "repos_url": "https://api.github.com/users/tomsapps/repos",
  "events_url": "https://api.github.com/users/tomsapps/events{/privacy}",
  "received_events_url": "https://api.github.com/users/tomsapps/received_events",
  "type": "User",
  "site_admin": false
}
