{
  "login": "tonyghita",
  "id": 779738,
  "node_id": "MDQ6VXNlcjc3OTczOA==",
  "avatar_url": "https://avatars1.githubusercontent.com/u/779738?v=4",
  "gravatar_id": "",
  "url": "https://api.github.com/users/tonyghita",
  "html_url": "https://github.com/tonyghita",
  "followers_url": "https://api.github.com/users/tonyghita/followers",
  "following_url": "https://api.github.com/users/tonyghita/following{/other_user}",
  "gists_url": "https://api.github.com/users/tonyghita/gists{/gist_id}",
  "starred_url": "https://api.github.com/users/tonyghita/starred{/owner}{/repo}",
  "subscriptions_url": "https://api.github.com/users/tonyghita/subscriptions",
  "organizations_url": "https://api.github.com/users/tonyghita/orgs",
  "repos_url": "https://api.github.com/users/tonyghita/repos",
  "events_url": "https://api.github.com/users/tonyghita/events{/privacy}",
  "received_events_url": "https://api.github.com/users/tonyghita/received_events",
  "type": "User",
  "site_admin": false
}
