{
  "login": "torubylist",
  "id": 9205892,
  "node_id": "MDQ6VXNlcjkyMDU4OTI=",
  "avatar_url": "https://avatars0.githubusercontent.com/u/9205892?v=4",
  "gravatar_id": "",
  "url": "https://api.github.com/users/torubylist",
  "html_url": "https://github.com/torubylist",
  "followers_url": "https://api.github.com/users/torubylist/followers",
  "following_url": "https://api.github.com/users/torubylist/following{/other_user}",
  "gists_url": "https://api.github.com/users/torubylist/gists{/gist_id}",
  "starred_url": "https://api.github.com/users/torubylist/starred{/owner}{/repo}",
  "subscriptions_url": "https://api.github.com/users/torubylist/subscriptions",
  "organizations_url": "https://api.github.com/users/torubylist/orgs",
  "repos_url": "https://api.github.com/users/torubylist/repos",
  "events_url": "https://api.github.com/users/torubylist/events{/privacy}",
  "received_events_url": "https://api.github.com/users/torubylist/received_events",
  "type": "User",
  "site_admin": false
}
