{
  "login": "TSXYQLS",
  "id": 15646564,
  "node_id": "MDQ6VXNlcjE1NjQ2NTY0",
  "avatar_url": "https://avatars3.githubusercontent.com/u/15646564?v=4",
  "gravatar_id": "",
  "url": "https://api.github.com/users/TSXYQLS",
  "html_url": "https://github.com/TSXYQLS",
  "followers_url": "https://api.github.com/users/TSXYQLS/followers",
  "following_url": "https://api.github.com/users/TSXYQLS/following{/other_user}",
  "gists_url": "https://api.github.com/users/TSXYQLS/gists{/gist_id}",
  "starred_url": "https://api.github.com/users/TSXYQLS/starred{/owner}{/repo}",
  "subscriptions_url": "https://api.github.com/users/TSXYQLS/subscriptions",
  "organizations_url": "https://api.github.com/users/TSXYQLS/orgs",
  "repos_url": "https://api.github.com/users/TSXYQLS/repos",
  "events_url": "https://api.github.com/users/TSXYQLS/events{/privacy}",
  "received_events_url": "https://api.github.com/users/TSXYQLS/received_events",
  "type": "User",
  "site_admin": false
}
