{
  "login": "tulasireddytulasi",
  "id": 47720534,
  "node_id": "MDQ6VXNlcjQ3NzIwNTM0",
  "avatar_url": "https://avatars2.githubusercontent.com/u/47720534?v=4",
  "gravatar_id": "",
  "url": "https://api.github.com/users/tulasireddytulasi",
  "html_url": "https://github.com/tulasireddytulasi",
  "followers_url": "https://api.github.com/users/tulasireddytulasi/followers",
  "following_url": "https://api.github.com/users/tulasireddytulasi/following{/other_user}",
  "gists_url": "https://api.github.com/users/tulasireddytulasi/gists{/gist_id}",
  "starred_url": "https://api.github.com/users/tulasireddytulasi/starred{/owner}{/repo}",
  "subscriptions_url": "https://api.github.com/users/tulasireddytulasi/subscriptions",
  "organizations_url": "https://api.github.com/users/tulasireddytulasi/orgs",
  "repos_url": "https://api.github.com/users/tulasireddytulasi/repos",
  "events_url": "https://api.github.com/users/tulasireddytulasi/events{/privacy}",
  "received_events_url": "https://api.github.com/users/tulasireddytulasi/received_events",
  "type": "User",
  "site_admin": false
}
