{
  "login": "turgayh",
  "id": 25547427,
  "node_id": "MDQ6VXNlcjI1NTQ3NDI3",
  "avatar_url": "https://avatars0.githubusercontent.com/u/25547427?v=4",
  "gravatar_id": "",
  "url": "https://api.github.com/users/turgayh",
  "html_url": "https://github.com/turgayh",
  "followers_url": "https://api.github.com/users/turgayh/followers",
  "following_url": "https://api.github.com/users/turgayh/following{/other_user}",
  "gists_url": "https://api.github.com/users/turgayh/gists{/gist_id}",
  "starred_url": "https://api.github.com/users/turgayh/starred{/owner}{/repo}",
  "subscriptions_url": "https://api.github.com/users/turgayh/subscriptions",
  "organizations_url": "https://api.github.com/users/turgayh/orgs",
  "repos_url": "https://api.github.com/users/turgayh/repos",
  "events_url": "https://api.github.com/users/turgayh/events{/privacy}",
  "received_events_url": "https://api.github.com/users/turgayh/received_events",
  "type": "User",
  "site_admin": false
}
