{
  "login": "tuxi",
  "id": 19991124,
  "node_id": "MDQ6VXNlcjE5OTkxMTI0",
  "avatar_url": "https://avatars2.githubusercontent.com/u/19991124?v=4",
  "gravatar_id": "",
  "url": "https://api.github.com/users/tuxi",
  "html_url": "https://github.com/tuxi",
  "followers_url": "https://api.github.com/users/tuxi/followers",
  "following_url": "https://api.github.com/users/tuxi/following{/other_user}",
  "gists_url": "https://api.github.com/users/tuxi/gists{/gist_id}",
  "starred_url": "https://api.github.com/users/tuxi/starred{/owner}{/repo}",
  "subscriptions_url": "https://api.github.com/users/tuxi/subscriptions",
  "organizations_url": "https://api.github.com/users/tuxi/orgs",
  "repos_url": "https://api.github.com/users/tuxi/repos",
  "events_url": "https://api.github.com/users/tuxi/events{/privacy}",
  "received_events_url": "https://api.github.com/users/tuxi/received_events",
  "type": "User",
  "site_admin": false
}
