{
  "login": "tylermercier",
  "id": 49043,
  "node_id": "MDQ6VXNlcjQ5MDQz",
  "avatar_url": "https://avatars3.githubusercontent.com/u/49043?v=4",
  "gravatar_id": "",
  "url": "https://api.github.com/users/tylermercier",
  "html_url": "https://github.com/tylermercier",
  "followers_url": "https://api.github.com/users/tylermercier/followers",
  "following_url": "https://api.github.com/users/tylermercier/following{/other_user}",
  "gists_url": "https://api.github.com/users/tylermercier/gists{/gist_id}",
  "starred_url": "https://api.github.com/users/tylermercier/starred{/owner}{/repo}",
  "subscriptions_url": "https://api.github.com/users/tylermercier/subscriptions",
  "organizations_url": "https://api.github.com/users/tylermercier/orgs",
  "repos_url": "https://api.github.com/users/tylermercier/repos",
  "events_url": "https://api.github.com/users/tylermercier/events{/privacy}",
  "received_events_url": "https://api.github.com/users/tylermercier/received_events",
  "type": "User",
  "site_admin": false
}
