{
  "login": "ugurcaneser",
  "id": 10551929,
  "node_id": "MDQ6VXNlcjEwNTUxOTI5",
  "avatar_url": "https://avatars3.githubusercontent.com/u/10551929?v=4",
  "gravatar_id": "",
  "url": "https://api.github.com/users/ugurcaneser",
  "html_url": "https://github.com/ugurcaneser",
  "followers_url": "https://api.github.com/users/ugurcaneser/followers",
  "following_url": "https://api.github.com/users/ugurcaneser/following{/other_user}",
  "gists_url": "https://api.github.com/users/ugurcaneser/gists{/gist_id}",
  "starred_url": "https://api.github.com/users/ugurcaneser/starred{/owner}{/repo}",
  "subscriptions_url": "https://api.github.com/users/ugurcaneser/subscriptions",
  "organizations_url": "https://api.github.com/users/ugurcaneser/orgs",
  "repos_url": "https://api.github.com/users/ugurcaneser/repos",
  "events_url": "https://api.github.com/users/ugurcaneser/events{/privacy}",
  "received_events_url": "https://api.github.com/users/ugurcaneser/received_events",
  "type": "User",
  "site_admin": false
}
