{
  "login": "ugurlu2001",
  "id": 8925439,
  "node_id": "MDQ6VXNlcjg5MjU0Mzk=",
  "avatar_url": "https://avatars2.githubusercontent.com/u/8925439?v=4",
  "gravatar_id": "",
  "url": "https://api.github.com/users/ugurlu2001",
  "html_url": "https://github.com/ugurlu2001",
  "followers_url": "https://api.github.com/users/ugurlu2001/followers",
  "following_url": "https://api.github.com/users/ugurlu2001/following{/other_user}",
  "gists_url": "https://api.github.com/users/ugurlu2001/gists{/gist_id}",
  "starred_url": "https://api.github.com/users/ugurlu2001/starred{/owner}{/repo}",
  "subscriptions_url": "https://api.github.com/users/ugurlu2001/subscriptions",
  "organizations_url": "https://api.github.com/users/ugurlu2001/orgs",
  "repos_url": "https://api.github.com/users/ugurlu2001/repos",
  "events_url": "https://api.github.com/users/ugurlu2001/events{/privacy}",
  "received_events_url": "https://api.github.com/users/ugurlu2001/received_events",
  "type": "User",
  "site_admin": false
}
