{
  "login": "umitdemirci",
  "id": 30320967,
  "node_id": "MDQ6VXNlcjMwMzIwOTY3",
  "avatar_url": "https://avatars3.githubusercontent.com/u/30320967?v=4",
  "gravatar_id": "",
  "url": "https://api.github.com/users/umitdemirci",
  "html_url": "https://github.com/umitdemirci",
  "followers_url": "https://api.github.com/users/umitdemirci/followers",
  "following_url": "https://api.github.com/users/umitdemirci/following{/other_user}",
  "gists_url": "https://api.github.com/users/umitdemirci/gists{/gist_id}",
  "starred_url": "https://api.github.com/users/umitdemirci/starred{/owner}{/repo}",
  "subscriptions_url": "https://api.github.com/users/umitdemirci/subscriptions",
  "organizations_url": "https://api.github.com/users/umitdemirci/orgs",
  "repos_url": "https://api.github.com/users/umitdemirci/repos",
  "events_url": "https://api.github.com/users/umitdemirci/events{/privacy}",
  "received_events_url": "https://api.github.com/users/umitdemirci/received_events",
  "type": "User",
  "site_admin": false
}
