{
  "login": "Upasana-Chauhan",
  "id": 11385726,
  "node_id": "MDQ6VXNlcjExMzg1NzI2",
  "avatar_url": "https://avatars1.githubusercontent.com/u/11385726?v=4",
  "gravatar_id": "",
  "url": "https://api.github.com/users/Upasana-Chauhan",
  "html_url": "https://github.com/Upasana-Chauhan",
  "followers_url": "https://api.github.com/users/Upasana-Chauhan/followers",
  "following_url": "https://api.github.com/users/Upasana-Chauhan/following{/other_user}",
  "gists_url": "https://api.github.com/users/Upasana-Chauhan/gists{/gist_id}",
  "starred_url": "https://api.github.com/users/Upasana-Chauhan/starred{/owner}{/repo}",
  "subscriptions_url": "https://api.github.com/users/Upasana-Chauhan/subscriptions",
  "organizations_url": "https://api.github.com/users/Upasana-Chauhan/orgs",
  "repos_url": "https://api.github.com/users/Upasana-Chauhan/repos",
  "events_url": "https://api.github.com/users/Upasana-Chauhan/events{/privacy}",
  "received_events_url": "https://api.github.com/users/Upasana-Chauhan/received_events",
  "type": "User",
  "site_admin": false
}
