{
  "login": "useiya",
  "id": 9418778,
  "node_id": "MDQ6VXNlcjk0MTg3Nzg=",
  "avatar_url": "https://avatars1.githubusercontent.com/u/9418778?v=4",
  "gravatar_id": "",
  "url": "https://api.github.com/users/useiya",
  "html_url": "https://github.com/useiya",
  "followers_url": "https://api.github.com/users/useiya/followers",
  "following_url": "https://api.github.com/users/useiya/following{/other_user}",
  "gists_url": "https://api.github.com/users/useiya/gists{/gist_id}",
  "starred_url": "https://api.github.com/users/useiya/starred{/owner}{/repo}",
  "subscriptions_url": "https://api.github.com/users/useiya/subscriptions",
  "organizations_url": "https://api.github.com/users/useiya/orgs",
  "repos_url": "https://api.github.com/users/useiya/repos",
  "events_url": "https://api.github.com/users/useiya/events{/privacy}",
  "received_events_url": "https://api.github.com/users/useiya/received_events",
  "type": "User",
  "site_admin": false
}
