{
  "login": "utkuturk",
  "id": 34624245,
  "node_id": "MDQ6VXNlcjM0NjI0MjQ1",
  "avatar_url": "https://avatars2.githubusercontent.com/u/34624245?v=4",
  "gravatar_id": "",
  "url": "https://api.github.com/users/utkuturk",
  "html_url": "https://github.com/utkuturk",
  "followers_url": "https://api.github.com/users/utkuturk/followers",
  "following_url": "https://api.github.com/users/utkuturk/following{/other_user}",
  "gists_url": "https://api.github.com/users/utkuturk/gists{/gist_id}",
  "starred_url": "https://api.github.com/users/utkuturk/starred{/owner}{/repo}",
  "subscriptions_url": "https://api.github.com/users/utkuturk/subscriptions",
  "organizations_url": "https://api.github.com/users/utkuturk/orgs",
  "repos_url": "https://api.github.com/users/utkuturk/repos",
  "events_url": "https://api.github.com/users/utkuturk/events{/privacy}",
  "received_events_url": "https://api.github.com/users/utkuturk/received_events",
  "type": "User",
  "site_admin": false
}
