{
  "login": "V-I-C-T-O-R",
  "id": 5562929,
  "node_id": "MDQ6VXNlcjU1NjI5Mjk=",
  "avatar_url": "https://avatars3.githubusercontent.com/u/5562929?v=4",
  "gravatar_id": "",
  "url": "https://api.github.com/users/V-I-C-T-O-R",
  "html_url": "https://github.com/V-I-C-T-O-R",
  "followers_url": "https://api.github.com/users/V-I-C-T-O-R/followers",
  "following_url": "https://api.github.com/users/V-I-C-T-O-R/following{/other_user}",
  "gists_url": "https://api.github.com/users/V-I-C-T-O-R/gists{/gist_id}",
  "starred_url": "https://api.github.com/users/V-I-C-T-O-R/starred{/owner}{/repo}",
  "subscriptions_url": "https://api.github.com/users/V-I-C-T-O-R/subscriptions",
  "organizations_url": "https://api.github.com/users/V-I-C-T-O-R/orgs",
  "repos_url": "https://api.github.com/users/V-I-C-T-O-R/repos",
  "events_url": "https://api.github.com/users/V-I-C-T-O-R/events{/privacy}",
  "received_events_url": "https://api.github.com/users/V-I-C-T-O-R/received_events",
  "type": "User",
  "site_admin": false
}
