{
  "login": "vanzhiganov",
  "id": 195940,
  "node_id": "MDQ6VXNlcjE5NTk0MA==",
  "avatar_url": "https://avatars3.githubusercontent.com/u/195940?v=4",
  "gravatar_id": "",
  "url": "https://api.github.com/users/vanzhiganov",
  "html_url": "https://github.com/vanzhiganov",
  "followers_url": "https://api.github.com/users/vanzhiganov/followers",
  "following_url": "https://api.github.com/users/vanzhiganov/following{/other_user}",
  "gists_url": "https://api.github.com/users/vanzhiganov/gists{/gist_id}",
  "starred_url": "https://api.github.com/users/vanzhiganov/starred{/owner}{/repo}",
  "subscriptions_url": "https://api.github.com/users/vanzhiganov/subscriptions",
  "organizations_url": "https://api.github.com/users/vanzhiganov/orgs",
  "repos_url": "https://api.github.com/users/vanzhiganov/repos",
  "events_url": "https://api.github.com/users/vanzhiganov/events{/privacy}",
  "received_events_url": "https://api.github.com/users/vanzhiganov/received_events",
  "type": "User",
  "site_admin": false
}
