{
  "login": "vbmade2000",
  "id": 1904995,
  "node_id": "MDQ6VXNlcjE5MDQ5OTU=",
  "avatar_url": "https://avatars0.githubusercontent.com/u/1904995?v=4",
  "gravatar_id": "",
  "url": "https://api.github.com/users/vbmade2000",
  "html_url": "https://github.com/vbmade2000",
  "followers_url": "https://api.github.com/users/vbmade2000/followers",
  "following_url": "https://api.github.com/users/vbmade2000/following{/other_user}",
  "gists_url": "https://api.github.com/users/vbmade2000/gists{/gist_id}",
  "starred_url": "https://api.github.com/users/vbmade2000/starred{/owner}{/repo}",
  "subscriptions_url": "https://api.github.com/users/vbmade2000/subscriptions",
  "organizations_url": "https://api.github.com/users/vbmade2000/orgs",
  "repos_url": "https://api.github.com/users/vbmade2000/repos",
  "events_url": "https://api.github.com/users/vbmade2000/events{/privacy}",
  "received_events_url": "https://api.github.com/users/vbmade2000/received_events",
  "type": "User",
  "site_admin": false
}
