{
  "login": "vermoudakias",
  "id": 100310,
  "node_id": "MDQ6VXNlcjEwMDMxMA==",
  "avatar_url": "https://avatars1.githubusercontent.com/u/100310?v=4",
  "gravatar_id": "",
  "url": "https://api.github.com/users/vermoudakias",
  "html_url": "https://github.com/vermoudakias",
  "followers_url": "https://api.github.com/users/vermoudakias/followers",
  "following_url": "https://api.github.com/users/vermoudakias/following{/other_user}",
  "gists_url": "https://api.github.com/users/vermoudakias/gists{/gist_id}",
  "starred_url": "https://api.github.com/users/vermoudakias/starred{/owner}{/repo}",
  "subscriptions_url": "https://api.github.com/users/vermoudakias/subscriptions",
  "organizations_url": "https://api.github.com/users/vermoudakias/orgs",
  "repos_url": "https://api.github.com/users/vermoudakias/repos",
  "events_url": "https://api.github.com/users/vermoudakias/events{/privacy}",
  "received_events_url": "https://api.github.com/users/vermoudakias/received_events",
  "type": "User",
  "site_admin": false
}
