{
  "login": "VictorZhang2014",
  "id": 6853884,
  "node_id": "MDQ6VXNlcjY4NTM4ODQ=",
  "avatar_url": "https://avatars2.githubusercontent.com/u/6853884?v=4",
  "gravatar_id": "",
  "url": "https://api.github.com/users/VictorZhang2014",
  "html_url": "https://github.com/VictorZhang2014",
  "followers_url": "https://api.github.com/users/VictorZhang2014/followers",
  "following_url": "https://api.github.com/users/VictorZhang2014/following{/other_user}",
  "gists_url": "https://api.github.com/users/VictorZhang2014/gists{/gist_id}",
  "starred_url": "https://api.github.com/users/VictorZhang2014/starred{/owner}{/repo}",
  "subscriptions_url": "https://api.github.com/users/VictorZhang2014/subscriptions",
  "organizations_url": "https://api.github.com/users/VictorZhang2014/orgs",
  "repos_url": "https://api.github.com/users/VictorZhang2014/repos",
  "events_url": "https://api.github.com/users/VictorZhang2014/events{/privacy}",
  "received_events_url": "https://api.github.com/users/VictorZhang2014/received_events",
  "type": "User",
  "site_admin": false
}
