{
  "login": "vihar",
  "id": 16307796,
  "node_id": "MDQ6VXNlcjE2MzA3Nzk2",
  "avatar_url": "https://avatars0.githubusercontent.com/u/16307796?v=4",
  "gravatar_id": "",
  "url": "https://api.github.com/users/vihar",
  "html_url": "https://github.com/vihar",
  "followers_url": "https://api.github.com/users/vihar/followers",
  "following_url": "https://api.github.com/users/vihar/following{/other_user}",
  "gists_url": "https://api.github.com/users/vihar/gists{/gist_id}",
  "starred_url": "https://api.github.com/users/vihar/starred{/owner}{/repo}",
  "subscriptions_url": "https://api.github.com/users/vihar/subscriptions",
  "organizations_url": "https://api.github.com/users/vihar/orgs",
  "repos_url": "https://api.github.com/users/vihar/repos",
  "events_url": "https://api.github.com/users/vihar/events{/privacy}",
  "received_events_url": "https://api.github.com/users/vihar/received_events",
  "type": "User",
  "site_admin": false
}
