{
  "login": "vincentpanqi",
  "id": 29220207,
  "node_id": "MDQ6VXNlcjI5MjIwMjA3",
  "avatar_url": "https://avatars0.githubusercontent.com/u/29220207?v=4",
  "gravatar_id": "",
  "url": "https://api.github.com/users/vincentpanqi",
  "html_url": "https://github.com/vincentpanqi",
  "followers_url": "https://api.github.com/users/vincentpanqi/followers",
  "following_url": "https://api.github.com/users/vincentpanqi/following{/other_user}",
  "gists_url": "https://api.github.com/users/vincentpanqi/gists{/gist_id}",
  "starred_url": "https://api.github.com/users/vincentpanqi/starred{/owner}{/repo}",
  "subscriptions_url": "https://api.github.com/users/vincentpanqi/subscriptions",
  "organizations_url": "https://api.github.com/users/vincentpanqi/orgs",
  "repos_url": "https://api.github.com/users/vincentpanqi/repos",
  "events_url": "https://api.github.com/users/vincentpanqi/events{/privacy}",
  "received_events_url": "https://api.github.com/users/vincentpanqi/received_events",
  "type": "User",
  "site_admin": false
}
