{
  "login": "virendrasuryavanshi",
  "id": 24255721,
  "node_id": "MDQ6VXNlcjI0MjU1NzIx",
  "avatar_url": "https://avatars2.githubusercontent.com/u/24255721?v=4",
  "gravatar_id": "",
  "url": "https://api.github.com/users/virendrasuryavanshi",
  "html_url": "https://github.com/virendrasuryavanshi",
  "followers_url": "https://api.github.com/users/virendrasuryavanshi/followers",
  "following_url": "https://api.github.com/users/virendrasuryavanshi/following{/other_user}",
  "gists_url": "https://api.github.com/users/virendrasuryavanshi/gists{/gist_id}",
  "starred_url": "https://api.github.com/users/virendrasuryavanshi/starred{/owner}{/repo}",
  "subscriptions_url": "https://api.github.com/users/virendrasuryavanshi/subscriptions",
  "organizations_url": "https://api.github.com/users/virendrasuryavanshi/orgs",
  "repos_url": "https://api.github.com/users/virendrasuryavanshi/repos",
  "events_url": "https://api.github.com/users/virendrasuryavanshi/events{/privacy}",
  "received_events_url": "https://api.github.com/users/virendrasuryavanshi/received_events",
  "type": "User",
  "site_admin": false
}
