{
  "login": "vsamidurai",
  "id": 25634810,
  "node_id": "MDQ6VXNlcjI1NjM0ODEw",
  "avatar_url": "https://avatars3.githubusercontent.com/u/25634810?v=4",
  "gravatar_id": "",
  "url": "https://api.github.com/users/vsamidurai",
  "html_url": "https://github.com/vsamidurai",
  "followers_url": "https://api.github.com/users/vsamidurai/followers",
  "following_url": "https://api.github.com/users/vsamidurai/following{/other_user}",
  "gists_url": "https://api.github.com/users/vsamidurai/gists{/gist_id}",
  "starred_url": "https://api.github.com/users/vsamidurai/starred{/owner}{/repo}",
  "subscriptions_url": "https://api.github.com/users/vsamidurai/subscriptions",
  "organizations_url": "https://api.github.com/users/vsamidurai/orgs",
  "repos_url": "https://api.github.com/users/vsamidurai/repos",
  "events_url": "https://api.github.com/users/vsamidurai/events{/privacy}",
  "received_events_url": "https://api.github.com/users/vsamidurai/received_events",
  "type": "User",
  "site_admin": false
}
