{
  "login": "vthiery",
  "id": 23509436,
  "node_id": "MDQ6VXNlcjIzNTA5NDM2",
  "avatar_url": "https://avatars0.githubusercontent.com/u/23509436?v=4",
  "gravatar_id": "",
  "url": "https://api.github.com/users/vthiery",
  "html_url": "https://github.com/vthiery",
  "followers_url": "https://api.github.com/users/vthiery/followers",
  "following_url": "https://api.github.com/users/vthiery/following{/other_user}",
  "gists_url": "https://api.github.com/users/vthiery/gists{/gist_id}",
  "starred_url": "https://api.github.com/users/vthiery/starred{/owner}{/repo}",
  "subscriptions_url": "https://api.github.com/users/vthiery/subscriptions",
  "organizations_url": "https://api.github.com/users/vthiery/orgs",
  "repos_url": "https://api.github.com/users/vthiery/repos",
  "events_url": "https://api.github.com/users/vthiery/events{/privacy}",
  "received_events_url": "https://api.github.com/users/vthiery/received_events",
  "type": "User",
  "site_admin": false
}
