{
  "login": "wangyang0313",
  "id": 15731375,
  "node_id": "MDQ6VXNlcjE1NzMxMzc1",
  "avatar_url": "https://avatars2.githubusercontent.com/u/15731375?v=4",
  "gravatar_id": "",
  "url": "https://api.github.com/users/wangyang0313",
  "html_url": "https://github.com/wangyang0313",
  "followers_url": "https://api.github.com/users/wangyang0313/followers",
  "following_url": "https://api.github.com/users/wangyang0313/following{/other_user}",
  "gists_url": "https://api.github.com/users/wangyang0313/gists{/gist_id}",
  "starred_url": "https://api.github.com/users/wangyang0313/starred{/owner}{/repo}",
  "subscriptions_url": "https://api.github.com/users/wangyang0313/subscriptions",
  "organizations_url": "https://api.github.com/users/wangyang0313/orgs",
  "repos_url": "https://api.github.com/users/wangyang0313/repos",
  "events_url": "https://api.github.com/users/wangyang0313/events{/privacy}",
  "received_events_url": "https://api.github.com/users/wangyang0313/received_events",
  "type": "User",
  "site_admin": false
}
