{
  "login": "weirdtales",
  "id": 15712690,
  "node_id": "MDQ6VXNlcjE1NzEyNjkw",
  "avatar_url": "https://avatars0.githubusercontent.com/u/15712690?v=4",
  "gravatar_id": "",
  "url": "https://api.github.com/users/weirdtales",
  "html_url": "https://github.com/weirdtales",
  "followers_url": "https://api.github.com/users/weirdtales/followers",
  "following_url": "https://api.github.com/users/weirdtales/following{/other_user}",
  "gists_url": "https://api.github.com/users/weirdtales/gists{/gist_id}",
  "starred_url": "https://api.github.com/users/weirdtales/starred{/owner}{/repo}",
  "subscriptions_url": "https://api.github.com/users/weirdtales/subscriptions",
  "organizations_url": "https://api.github.com/users/weirdtales/orgs",
  "repos_url": "https://api.github.com/users/weirdtales/repos",
  "events_url": "https://api.github.com/users/weirdtales/events{/privacy}",
  "received_events_url": "https://api.github.com/users/weirdtales/received_events",
  "type": "User",
  "site_admin": false
}
