{
  "login": "wellington1993",
  "id": 6920053,
  "node_id": "MDQ6VXNlcjY5MjAwNTM=",
  "avatar_url": "https://avatars3.githubusercontent.com/u/6920053?v=4",
  "gravatar_id": "",
  "url": "https://api.github.com/users/wellington1993",
  "html_url": "https://github.com/wellington1993",
  "followers_url": "https://api.github.com/users/wellington1993/followers",
  "following_url": "https://api.github.com/users/wellington1993/following{/other_user}",
  "gists_url": "https://api.github.com/users/wellington1993/gists{/gist_id}",
  "starred_url": "https://api.github.com/users/wellington1993/starred{/owner}{/repo}",
  "subscriptions_url": "https://api.github.com/users/wellington1993/subscriptions",
  "organizations_url": "https://api.github.com/users/wellington1993/orgs",
  "repos_url": "https://api.github.com/users/wellington1993/repos",
  "events_url": "https://api.github.com/users/wellington1993/events{/privacy}",
  "received_events_url": "https://api.github.com/users/wellington1993/received_events",
  "type": "User",
  "site_admin": false
}
