{
  "login": "WillemLabu",
  "id": 2142636,
  "node_id": "MDQ6VXNlcjIxNDI2MzY=",
  "avatar_url": "https://avatars1.githubusercontent.com/u/2142636?v=4",
  "gravatar_id": "",
  "url": "https://api.github.com/users/WillemLabu",
  "html_url": "https://github.com/WillemLabu",
  "followers_url": "https://api.github.com/users/WillemLabu/followers",
  "following_url": "https://api.github.com/users/WillemLabu/following{/other_user}",
  "gists_url": "https://api.github.com/users/WillemLabu/gists{/gist_id}",
  "starred_url": "https://api.github.com/users/WillemLabu/starred{/owner}{/repo}",
  "subscriptions_url": "https://api.github.com/users/WillemLabu/subscriptions",
  "organizations_url": "https://api.github.com/users/WillemLabu/orgs",
  "repos_url": "https://api.github.com/users/WillemLabu/repos",
  "events_url": "https://api.github.com/users/WillemLabu/events{/privacy}",
  "received_events_url": "https://api.github.com/users/WillemLabu/received_events",
  "type": "User",
  "site_admin": false
}
