{
  "login": "williambao",
  "id": 779521,
  "node_id": "MDQ6VXNlcjc3OTUyMQ==",
  "avatar_url": "https://avatars0.githubusercontent.com/u/779521?v=4",
  "gravatar_id": "",
  "url": "https://api.github.com/users/williambao",
  "html_url": "https://github.com/williambao",
  "followers_url": "https://api.github.com/users/williambao/followers",
  "following_url": "https://api.github.com/users/williambao/following{/other_user}",
  "gists_url": "https://api.github.com/users/williambao/gists{/gist_id}",
  "starred_url": "https://api.github.com/users/williambao/starred{/owner}{/repo}",
  "subscriptions_url": "https://api.github.com/users/williambao/subscriptions",
  "organizations_url": "https://api.github.com/users/williambao/orgs",
  "repos_url": "https://api.github.com/users/williambao/repos",
  "events_url": "https://api.github.com/users/williambao/events{/privacy}",
  "received_events_url": "https://api.github.com/users/williambao/received_events",
  "type": "User",
  "site_admin": false
}
