{
  "login": "winrainbow",
  "id": 15881889,
  "node_id": "MDQ6VXNlcjE1ODgxODg5",
  "avatar_url": "https://avatars0.githubusercontent.com/u/15881889?v=4",
  "gravatar_id": "",
  "url": "https://api.github.com/users/winrainbow",
  "html_url": "https://github.com/winrainbow",
  "followers_url": "https://api.github.com/users/winrainbow/followers",
  "following_url": "https://api.github.com/users/winrainbow/following{/other_user}",
  "gists_url": "https://api.github.com/users/winrainbow/gists{/gist_id}",
  "starred_url": "https://api.github.com/users/winrainbow/starred{/owner}{/repo}",
  "subscriptions_url": "https://api.github.com/users/winrainbow/subscriptions",
  "organizations_url": "https://api.github.com/users/winrainbow/orgs",
  "repos_url": "https://api.github.com/users/winrainbow/repos",
  "events_url": "https://api.github.com/users/winrainbow/events{/privacy}",
  "received_events_url": "https://api.github.com/users/winrainbow/received_events",
  "type": "User",
  "site_admin": false
}
