{
  "login": "wmydz1",
  "id": 9999341,
  "node_id": "MDQ6VXNlcjk5OTkzNDE=",
  "avatar_url": "https://avatars3.githubusercontent.com/u/9999341?v=4",
  "gravatar_id": "",
  "url": "https://api.github.com/users/wmydz1",
  "html_url": "https://github.com/wmydz1",
  "followers_url": "https://api.github.com/users/wmydz1/followers",
  "following_url": "https://api.github.com/users/wmydz1/following{/other_user}",
  "gists_url": "https://api.github.com/users/wmydz1/gists{/gist_id}",
  "starred_url": "https://api.github.com/users/wmydz1/starred{/owner}{/repo}",
  "subscriptions_url": "https://api.github.com/users/wmydz1/subscriptions",
  "organizations_url": "https://api.github.com/users/wmydz1/orgs",
  "repos_url": "https://api.github.com/users/wmydz1/repos",
  "events_url": "https://api.github.com/users/wmydz1/events{/privacy}",
  "received_events_url": "https://api.github.com/users/wmydz1/received_events",
  "type": "User",
  "site_admin": false
}
