{
  "login": "wnemay",
  "id": 171093,
  "node_id": "MDQ6VXNlcjE3MTA5Mw==",
  "avatar_url": "https://avatars2.githubusercontent.com/u/171093?v=4",
  "gravatar_id": "",
  "url": "https://api.github.com/users/wnemay",
  "html_url": "https://github.com/wnemay",
  "followers_url": "https://api.github.com/users/wnemay/followers",
  "following_url": "https://api.github.com/users/wnemay/following{/other_user}",
  "gists_url": "https://api.github.com/users/wnemay/gists{/gist_id}",
  "starred_url": "https://api.github.com/users/wnemay/starred{/owner}{/repo}",
  "subscriptions_url": "https://api.github.com/users/wnemay/subscriptions",
  "organizations_url": "https://api.github.com/users/wnemay/orgs",
  "repos_url": "https://api.github.com/users/wnemay/repos",
  "events_url": "https://api.github.com/users/wnemay/events{/privacy}",
  "received_events_url": "https://api.github.com/users/wnemay/received_events",
  "type": "User",
  "site_admin": false
}
