{
  "login": "wonminjeon",
  "id": 8985959,
  "node_id": "MDQ6VXNlcjg5ODU5NTk=",
  "avatar_url": "https://avatars1.githubusercontent.com/u/8985959?v=4",
  "gravatar_id": "",
  "url": "https://api.github.com/users/wonminjeon",
  "html_url": "https://github.com/wonminjeon",
  "followers_url": "https://api.github.com/users/wonminjeon/followers",
  "following_url": "https://api.github.com/users/wonminjeon/following{/other_user}",
  "gists_url": "https://api.github.com/users/wonminjeon/gists{/gist_id}",
  "starred_url": "https://api.github.com/users/wonminjeon/starred{/owner}{/repo}",
  "subscriptions_url": "https://api.github.com/users/wonminjeon/subscriptions",
  "organizations_url": "https://api.github.com/users/wonminjeon/orgs",
  "repos_url": "https://api.github.com/users/wonminjeon/repos",
  "events_url": "https://api.github.com/users/wonminjeon/events{/privacy}",
  "received_events_url": "https://api.github.com/users/wonminjeon/received_events",
  "type": "User",
  "site_admin": false
}
