{
  "login": "wub",
  "id": 427410,
  "node_id": "MDQ6VXNlcjQyNzQxMA==",
  "avatar_url": "https://avatars0.githubusercontent.com/u/427410?v=4",
  "gravatar_id": "",
  "url": "https://api.github.com/users/wub",
  "html_url": "https://github.com/wub",
  "followers_url": "https://api.github.com/users/wub/followers",
  "following_url": "https://api.github.com/users/wub/following{/other_user}",
  "gists_url": "https://api.github.com/users/wub/gists{/gist_id}",
  "starred_url": "https://api.github.com/users/wub/starred{/owner}{/repo}",
  "subscriptions_url": "https://api.github.com/users/wub/subscriptions",
  "organizations_url": "https://api.github.com/users/wub/orgs",
  "repos_url": "https://api.github.com/users/wub/repos",
  "events_url": "https://api.github.com/users/wub/events{/privacy}",
  "received_events_url": "https://api.github.com/users/wub/received_events",
  "type": "User",
  "site_admin": false
}
