{
  "login": "wubin1989",
  "id": 12456315,
  "node_id": "MDQ6VXNlcjEyNDU2MzE1",
  "avatar_url": "https://avatars0.githubusercontent.com/u/12456315?v=4",
  "gravatar_id": "",
  "url": "https://api.github.com/users/wubin1989",
  "html_url": "https://github.com/wubin1989",
  "followers_url": "https://api.github.com/users/wubin1989/followers",
  "following_url": "https://api.github.com/users/wubin1989/following{/other_user}",
  "gists_url": "https://api.github.com/users/wubin1989/gists{/gist_id}",
  "starred_url": "https://api.github.com/users/wubin1989/starred{/owner}{/repo}",
  "subscriptions_url": "https://api.github.com/users/wubin1989/subscriptions",
  "organizations_url": "https://api.github.com/users/wubin1989/orgs",
  "repos_url": "https://api.github.com/users/wubin1989/repos",
  "events_url": "https://api.github.com/users/wubin1989/events{/privacy}",
  "received_events_url": "https://api.github.com/users/wubin1989/received_events",
  "type": "User",
  "site_admin": false
}
