{
  "login": "wzqjava",
  "id": 10436701,
  "node_id": "MDQ6VXNlcjEwNDM2NzAx",
  "avatar_url": "https://avatars1.githubusercontent.com/u/10436701?v=4",
  "gravatar_id": "",
  "url": "https://api.github.com/users/wzqjava",
  "html_url": "https://github.com/wzqjava",
  "followers_url": "https://api.github.com/users/wzqjava/followers",
  "following_url": "https://api.github.com/users/wzqjava/following{/other_user}",
  "gists_url": "https://api.github.com/users/wzqjava/gists{/gist_id}",
  "starred_url": "https://api.github.com/users/wzqjava/starred{/owner}{/repo}",
  "subscriptions_url": "https://api.github.com/users/wzqjava/subscriptions",
  "organizations_url": "https://api.github.com/users/wzqjava/orgs",
  "repos_url": "https://api.github.com/users/wzqjava/repos",
  "events_url": "https://api.github.com/users/wzqjava/events{/privacy}",
  "received_events_url": "https://api.github.com/users/wzqjava/received_events",
  "type": "User",
  "site_admin": false
}
