{
  "login": "xiam",
  "id": 385670,
  "node_id": "MDQ6VXNlcjM4NTY3MA==",
  "avatar_url": "https://avatars2.githubusercontent.com/u/385670?v=4",
  "gravatar_id": "",
  "url": "https://api.github.com/users/xiam",
  "html_url": "https://github.com/xiam",
  "followers_url": "https://api.github.com/users/xiam/followers",
  "following_url": "https://api.github.com/users/xiam/following{/other_user}",
  "gists_url": "https://api.github.com/users/xiam/gists{/gist_id}",
  "starred_url": "https://api.github.com/users/xiam/starred{/owner}{/repo}",
  "subscriptions_url": "https://api.github.com/users/xiam/subscriptions",
  "organizations_url": "https://api.github.com/users/xiam/orgs",
  "repos_url": "https://api.github.com/users/xiam/repos",
  "events_url": "https://api.github.com/users/xiam/events{/privacy}",
  "received_events_url": "https://api.github.com/users/xiam/received_events",
  "type": "User",
  "site_admin": false
}
