{
  "login": "xianengqi",
  "id": 30774189,
  "node_id": "MDQ6VXNlcjMwNzc0MTg5",
  "avatar_url": "https://avatars2.githubusercontent.com/u/30774189?v=4",
  "gravatar_id": "",
  "url": "https://api.github.com/users/xianengqi",
  "html_url": "https://github.com/xianengqi",
  "followers_url": "https://api.github.com/users/xianengqi/followers",
  "following_url": "https://api.github.com/users/xianengqi/following{/other_user}",
  "gists_url": "https://api.github.com/users/xianengqi/gists{/gist_id}",
  "starred_url": "https://api.github.com/users/xianengqi/starred{/owner}{/repo}",
  "subscriptions_url": "https://api.github.com/users/xianengqi/subscriptions",
  "organizations_url": "https://api.github.com/users/xianengqi/orgs",
  "repos_url": "https://api.github.com/users/xianengqi/repos",
  "events_url": "https://api.github.com/users/xianengqi/events{/privacy}",
  "received_events_url": "https://api.github.com/users/xianengqi/received_events",
  "type": "User",
  "site_admin": false
}
