{
  "login": "xiongjia",
  "id": 1784521,
  "node_id": "MDQ6VXNlcjE3ODQ1MjE=",
  "avatar_url": "https://avatars0.githubusercontent.com/u/1784521?v=4",
  "gravatar_id": "",
  "url": "https://api.github.com/users/xiongjia",
  "html_url": "https://github.com/xiongjia",
  "followers_url": "https://api.github.com/users/xiongjia/followers",
  "following_url": "https://api.github.com/users/xiongjia/following{/other_user}",
  "gists_url": "https://api.github.com/users/xiongjia/gists{/gist_id}",
  "starred_url": "https://api.github.com/users/xiongjia/starred{/owner}{/repo}",
  "subscriptions_url": "https://api.github.com/users/xiongjia/subscriptions",
  "organizations_url": "https://api.github.com/users/xiongjia/orgs",
  "repos_url": "https://api.github.com/users/xiongjia/repos",
  "events_url": "https://api.github.com/users/xiongjia/events{/privacy}",
  "received_events_url": "https://api.github.com/users/xiongjia/received_events",
  "type": "User",
  "site_admin": false
}
