{
  "login": "xiris",
  "id": 1013118,
  "node_id": "MDQ6VXNlcjEwMTMxMTg=",
  "avatar_url": "https://avatars3.githubusercontent.com/u/1013118?v=4",
  "gravatar_id": "",
  "url": "https://api.github.com/users/xiris",
  "html_url": "https://github.com/xiris",
  "followers_url": "https://api.github.com/users/xiris/followers",
  "following_url": "https://api.github.com/users/xiris/following{/other_user}",
  "gists_url": "https://api.github.com/users/xiris/gists{/gist_id}",
  "starred_url": "https://api.github.com/users/xiris/starred{/owner}{/repo}",
  "subscriptions_url": "https://api.github.com/users/xiris/subscriptions",
  "organizations_url": "https://api.github.com/users/xiris/orgs",
  "repos_url": "https://api.github.com/users/xiris/repos",
  "events_url": "https://api.github.com/users/xiris/events{/privacy}",
  "received_events_url": "https://api.github.com/users/xiris/received_events",
  "type": "User",
  "site_admin": false
}
