{
  "login": "xulsitatirev",
  "id": 40642392,
  "node_id": "MDQ6VXNlcjQwNjQyMzky",
  "avatar_url": "https://avatars0.githubusercontent.com/u/40642392?v=4",
  "gravatar_id": "",
  "url": "https://api.github.com/users/xulsitatirev",
  "html_url": "https://github.com/xulsitatirev",
  "followers_url": "https://api.github.com/users/xulsitatirev/followers",
  "following_url": "https://api.github.com/users/xulsitatirev/following{/other_user}",
  "gists_url": "https://api.github.com/users/xulsitatirev/gists{/gist_id}",
  "starred_url": "https://api.github.com/users/xulsitatirev/starred{/owner}{/repo}",
  "subscriptions_url": "https://api.github.com/users/xulsitatirev/subscriptions",
  "organizations_url": "https://api.github.com/users/xulsitatirev/orgs",
  "repos_url": "https://api.github.com/users/xulsitatirev/repos",
  "events_url": "https://api.github.com/users/xulsitatirev/events{/privacy}",
  "received_events_url": "https://api.github.com/users/xulsitatirev/received_events",
  "type": "User",
  "site_admin": false
}
