{
  "login": "xulz",
  "id": 138479,
  "node_id": "MDQ6VXNlcjEzODQ3OQ==",
  "avatar_url": "https://avatars3.githubusercontent.com/u/138479?v=4",
  "gravatar_id": "",
  "url": "https://api.github.com/users/xulz",
  "html_url": "https://github.com/xulz",
  "followers_url": "https://api.github.com/users/xulz/followers",
  "following_url": "https://api.github.com/users/xulz/following{/other_user}",
  "gists_url": "https://api.github.com/users/xulz/gists{/gist_id}",
  "starred_url": "https://api.github.com/users/xulz/starred{/owner}{/repo}",
  "subscriptions_url": "https://api.github.com/users/xulz/subscriptions",
  "organizations_url": "https://api.github.com/users/xulz/orgs",
  "repos_url": "https://api.github.com/users/xulz/repos",
  "events_url": "https://api.github.com/users/xulz/events{/privacy}",
  "received_events_url": "https://api.github.com/users/xulz/received_events",
  "type": "User",
  "site_admin": false
}
