{
  "login": "xyvark",
  "id": 321648,
  "node_id": "MDQ6VXNlcjMyMTY0OA==",
  "avatar_url": "https://avatars1.githubusercontent.com/u/321648?v=4",
  "gravatar_id": "",
  "url": "https://api.github.com/users/xyvark",
  "html_url": "https://github.com/xyvark",
  "followers_url": "https://api.github.com/users/xyvark/followers",
  "following_url": "https://api.github.com/users/xyvark/following{/other_user}",
  "gists_url": "https://api.github.com/users/xyvark/gists{/gist_id}",
  "starred_url": "https://api.github.com/users/xyvark/starred{/owner}{/repo}",
  "subscriptions_url": "https://api.github.com/users/xyvark/subscriptions",
  "organizations_url": "https://api.github.com/users/xyvark/orgs",
  "repos_url": "https://api.github.com/users/xyvark/repos",
  "events_url": "https://api.github.com/users/xyvark/events{/privacy}",
  "received_events_url": "https://api.github.com/users/xyvark/received_events",
  "type": "User",
  "site_admin": false
}
