{
  "login": "yalanyali",
  "id": 6261264,
  "node_id": "MDQ6VXNlcjYyNjEyNjQ=",
  "avatar_url": "https://avatars1.githubusercontent.com/u/6261264?v=4",
  "gravatar_id": "",
  "url": "https://api.github.com/users/yalanyali",
  "html_url": "https://github.com/yalanyali",
  "followers_url": "https://api.github.com/users/yalanyali/followers",
  "following_url": "https://api.github.com/users/yalanyali/following{/other_user}",
  "gists_url": "https://api.github.com/users/yalanyali/gists{/gist_id}",
  "starred_url": "https://api.github.com/users/yalanyali/starred{/owner}{/repo}",
  "subscriptions_url": "https://api.github.com/users/yalanyali/subscriptions",
  "organizations_url": "https://api.github.com/users/yalanyali/orgs",
  "repos_url": "https://api.github.com/users/yalanyali/repos",
  "events_url": "https://api.github.com/users/yalanyali/events{/privacy}",
  "received_events_url": "https://api.github.com/users/yalanyali/received_events",
  "type": "User",
  "site_admin": false
}
