{
  "login": "yannliao",
  "id": 7913650,
  "node_id": "MDQ6VXNlcjc5MTM2NTA=",
  "avatar_url": "https://avatars3.githubusercontent.com/u/7913650?v=4",
  "gravatar_id": "",
  "url": "https://api.github.com/users/yannliao",
  "html_url": "https://github.com/yannliao",
  "followers_url": "https://api.github.com/users/yannliao/followers",
  "following_url": "https://api.github.com/users/yannliao/following{/other_user}",
  "gists_url": "https://api.github.com/users/yannliao/gists{/gist_id}",
  "starred_url": "https://api.github.com/users/yannliao/starred{/owner}{/repo}",
  "subscriptions_url": "https://api.github.com/users/yannliao/subscriptions",
  "organizations_url": "https://api.github.com/users/yannliao/orgs",
  "repos_url": "https://api.github.com/users/yannliao/repos",
  "events_url": "https://api.github.com/users/yannliao/events{/privacy}",
  "received_events_url": "https://api.github.com/users/yannliao/received_events",
  "type": "User",
  "site_admin": false
}
