{
  "login": "yao-tseng",
  "id": 30759867,
  "node_id": "MDQ6VXNlcjMwNzU5ODY3",
  "avatar_url": "https://avatars3.githubusercontent.com/u/30759867?v=4",
  "gravatar_id": "",
  "url": "https://api.github.com/users/yao-tseng",
  "html_url": "https://github.com/yao-tseng",
  "followers_url": "https://api.github.com/users/yao-tseng/followers",
  "following_url": "https://api.github.com/users/yao-tseng/following{/other_user}",
  "gists_url": "https://api.github.com/users/yao-tseng/gists{/gist_id}",
  "starred_url": "https://api.github.com/users/yao-tseng/starred{/owner}{/repo}",
  "subscriptions_url": "https://api.github.com/users/yao-tseng/subscriptions",
  "organizations_url": "https://api.github.com/users/yao-tseng/orgs",
  "repos_url": "https://api.github.com/users/yao-tseng/repos",
  "events_url": "https://api.github.com/users/yao-tseng/events{/privacy}",
  "received_events_url": "https://api.github.com/users/yao-tseng/received_events",
  "type": "User",
  "site_admin": false
}
