{
  "login": "yaoguais",
  "id": 6268554,
  "node_id": "MDQ6VXNlcjYyNjg1NTQ=",
  "avatar_url": "https://avatars2.githubusercontent.com/u/6268554?v=4",
  "gravatar_id": "",
  "url": "https://api.github.com/users/yaoguais",
  "html_url": "https://github.com/yaoguais",
  "followers_url": "https://api.github.com/users/yaoguais/followers",
  "following_url": "https://api.github.com/users/yaoguais/following{/other_user}",
  "gists_url": "https://api.github.com/users/yaoguais/gists{/gist_id}",
  "starred_url": "https://api.github.com/users/yaoguais/starred{/owner}{/repo}",
  "subscriptions_url": "https://api.github.com/users/yaoguais/subscriptions",
  "organizations_url": "https://api.github.com/users/yaoguais/orgs",
  "repos_url": "https://api.github.com/users/yaoguais/repos",
  "events_url": "https://api.github.com/users/yaoguais/events{/privacy}",
  "received_events_url": "https://api.github.com/users/yaoguais/received_events",
  "type": "User",
  "site_admin": false
}
