{
  "login": "yasarix",
  "id": 441303,
  "node_id": "MDQ6VXNlcjQ0MTMwMw==",
  "avatar_url": "https://avatars2.githubusercontent.com/u/441303?v=4",
  "gravatar_id": "",
  "url": "https://api.github.com/users/yasarix",
  "html_url": "https://github.com/yasarix",
  "followers_url": "https://api.github.com/users/yasarix/followers",
  "following_url": "https://api.github.com/users/yasarix/following{/other_user}",
  "gists_url": "https://api.github.com/users/yasarix/gists{/gist_id}",
  "starred_url": "https://api.github.com/users/yasarix/starred{/owner}{/repo}",
  "subscriptions_url": "https://api.github.com/users/yasarix/subscriptions",
  "organizations_url": "https://api.github.com/users/yasarix/orgs",
  "repos_url": "https://api.github.com/users/yasarix/repos",
  "events_url": "https://api.github.com/users/yasarix/events{/privacy}",
  "received_events_url": "https://api.github.com/users/yasarix/received_events",
  "type": "User",
  "site_admin": false
}
