{
  "login": "yavuzhan",
  "id": 11788429,
  "node_id": "MDQ6VXNlcjExNzg4NDI5",
  "avatar_url": "https://avatars2.githubusercontent.com/u/11788429?v=4",
  "gravatar_id": "",
  "url": "https://api.github.com/users/yavuzhan",
  "html_url": "https://github.com/yavuzhan",
  "followers_url": "https://api.github.com/users/yavuzhan/followers",
  "following_url": "https://api.github.com/users/yavuzhan/following{/other_user}",
  "gists_url": "https://api.github.com/users/yavuzhan/gists{/gist_id}",
  "starred_url": "https://api.github.com/users/yavuzhan/starred{/owner}{/repo}",
  "subscriptions_url": "https://api.github.com/users/yavuzhan/subscriptions",
  "organizations_url": "https://api.github.com/users/yavuzhan/orgs",
  "repos_url": "https://api.github.com/users/yavuzhan/repos",
  "events_url": "https://api.github.com/users/yavuzhan/events{/privacy}",
  "received_events_url": "https://api.github.com/users/yavuzhan/received_events",
  "type": "User",
  "site_admin": false
}
