{
  "login": "yewenjunfighting",
  "id": 33685660,
  "node_id": "MDQ6VXNlcjMzNjg1NjYw",
  "avatar_url": "https://avatars1.githubusercontent.com/u/33685660?v=4",
  "gravatar_id": "",
  "url": "https://api.github.com/users/yewenjunfighting",
  "html_url": "https://github.com/yewenjunfighting",
  "followers_url": "https://api.github.com/users/yewenjunfighting/followers",
  "following_url": "https://api.github.com/users/yewenjunfighting/following{/other_user}",
  "gists_url": "https://api.github.com/users/yewenjunfighting/gists{/gist_id}",
  "starred_url": "https://api.github.com/users/yewenjunfighting/starred{/owner}{/repo}",
  "subscriptions_url": "https://api.github.com/users/yewenjunfighting/subscriptions",
  "organizations_url": "https://api.github.com/users/yewenjunfighting/orgs",
  "repos_url": "https://api.github.com/users/yewenjunfighting/repos",
  "events_url": "https://api.github.com/users/yewenjunfighting/events{/privacy}",
  "received_events_url": "https://api.github.com/users/yewenjunfighting/received_events",
  "type": "User",
  "site_admin": false
}
