{
  "login": "yianz",
  "id": 29684337,
  "node_id": "MDQ6VXNlcjI5Njg0MzM3",
  "avatar_url": "https://avatars0.githubusercontent.com/u/29684337?v=4",
  "gravatar_id": "",
  "url": "https://api.github.com/users/yianz",
  "html_url": "https://github.com/yianz",
  "followers_url": "https://api.github.com/users/yianz/followers",
  "following_url": "https://api.github.com/users/yianz/following{/other_user}",
  "gists_url": "https://api.github.com/users/yianz/gists{/gist_id}",
  "starred_url": "https://api.github.com/users/yianz/starred{/owner}{/repo}",
  "subscriptions_url": "https://api.github.com/users/yianz/subscriptions",
  "organizations_url": "https://api.github.com/users/yianz/orgs",
  "repos_url": "https://api.github.com/users/yianz/repos",
  "events_url": "https://api.github.com/users/yianz/events{/privacy}",
  "received_events_url": "https://api.github.com/users/yianz/received_events",
  "type": "User",
  "site_admin": false
}
