{
  "login": "yields",
  "id": 1661587,
  "node_id": "MDQ6VXNlcjE2NjE1ODc=",
  "avatar_url": "https://avatars2.githubusercontent.com/u/1661587?v=4",
  "gravatar_id": "",
  "url": "https://api.github.com/users/yields",
  "html_url": "https://github.com/yields",
  "followers_url": "https://api.github.com/users/yields/followers",
  "following_url": "https://api.github.com/users/yields/following{/other_user}",
  "gists_url": "https://api.github.com/users/yields/gists{/gist_id}",
  "starred_url": "https://api.github.com/users/yields/starred{/owner}{/repo}",
  "subscriptions_url": "https://api.github.com/users/yields/subscriptions",
  "organizations_url": "https://api.github.com/users/yields/orgs",
  "repos_url": "https://api.github.com/users/yields/repos",
  "events_url": "https://api.github.com/users/yields/events{/privacy}",
  "received_events_url": "https://api.github.com/users/yields/received_events",
  "type": "User",
  "site_admin": false
}
