{
  "login": "yildizberkay",
  "id": 1406822,
  "node_id": "MDQ6VXNlcjE0MDY4MjI=",
  "avatar_url": "https://avatars2.githubusercontent.com/u/1406822?v=4",
  "gravatar_id": "",
  "url": "https://api.github.com/users/yildizberkay",
  "html_url": "https://github.com/yildizberkay",
  "followers_url": "https://api.github.com/users/yildizberkay/followers",
  "following_url": "https://api.github.com/users/yildizberkay/following{/other_user}",
  "gists_url": "https://api.github.com/users/yildizberkay/gists{/gist_id}",
  "starred_url": "https://api.github.com/users/yildizberkay/starred{/owner}{/repo}",
  "subscriptions_url": "https://api.github.com/users/yildizberkay/subscriptions",
  "organizations_url": "https://api.github.com/users/yildizberkay/orgs",
  "repos_url": "https://api.github.com/users/yildizberkay/repos",
  "events_url": "https://api.github.com/users/yildizberkay/events{/privacy}",
  "received_events_url": "https://api.github.com/users/yildizberkay/received_events",
  "type": "User",
  "site_admin": false
}
