{
  "login": "yinyangxu",
  "id": 1802574,
  "node_id": "MDQ6VXNlcjE4MDI1NzQ=",
  "avatar_url": "https://avatars1.githubusercontent.com/u/1802574?v=4",
  "gravatar_id": "",
  "url": "https://api.github.com/users/yinyangxu",
  "html_url": "https://github.com/yinyangxu",
  "followers_url": "https://api.github.com/users/yinyangxu/followers",
  "following_url": "https://api.github.com/users/yinyangxu/following{/other_user}",
  "gists_url": "https://api.github.com/users/yinyangxu/gists{/gist_id}",
  "starred_url": "https://api.github.com/users/yinyangxu/starred{/owner}{/repo}",
  "subscriptions_url": "https://api.github.com/users/yinyangxu/subscriptions",
  "organizations_url": "https://api.github.com/users/yinyangxu/orgs",
  "repos_url": "https://api.github.com/users/yinyangxu/repos",
  "events_url": "https://api.github.com/users/yinyangxu/events{/privacy}",
  "received_events_url": "https://api.github.com/users/yinyangxu/received_events",
  "type": "User",
  "site_admin": false
}
