{
  "login": "yisleyen",
  "id": 4365164,
  "node_id": "MDQ6VXNlcjQzNjUxNjQ=",
  "avatar_url": "https://avatars1.githubusercontent.com/u/4365164?v=4",
  "gravatar_id": "",
  "url": "https://api.github.com/users/yisleyen",
  "html_url": "https://github.com/yisleyen",
  "followers_url": "https://api.github.com/users/yisleyen/followers",
  "following_url": "https://api.github.com/users/yisleyen/following{/other_user}",
  "gists_url": "https://api.github.com/users/yisleyen/gists{/gist_id}",
  "starred_url": "https://api.github.com/users/yisleyen/starred{/owner}{/repo}",
  "subscriptions_url": "https://api.github.com/users/yisleyen/subscriptions",
  "organizations_url": "https://api.github.com/users/yisleyen/orgs",
  "repos_url": "https://api.github.com/users/yisleyen/repos",
  "events_url": "https://api.github.com/users/yisleyen/events{/privacy}",
  "received_events_url": "https://api.github.com/users/yisleyen/received_events",
  "type": "User",
  "site_admin": false
}
