{
  "login": "ymekuria",
  "id": 2808242,
  "node_id": "MDQ6VXNlcjI4MDgyNDI=",
  "avatar_url": "https://avatars0.githubusercontent.com/u/2808242?v=4",
  "gravatar_id": "",
  "url": "https://api.github.com/users/ymekuria",
  "html_url": "https://github.com/ymekuria",
  "followers_url": "https://api.github.com/users/ymekuria/followers",
  "following_url": "https://api.github.com/users/ymekuria/following{/other_user}",
  "gists_url": "https://api.github.com/users/ymekuria/gists{/gist_id}",
  "starred_url": "https://api.github.com/users/ymekuria/starred{/owner}{/repo}",
  "subscriptions_url": "https://api.github.com/users/ymekuria/subscriptions",
  "organizations_url": "https://api.github.com/users/ymekuria/orgs",
  "repos_url": "https://api.github.com/users/ymekuria/repos",
  "events_url": "https://api.github.com/users/ymekuria/events{/privacy}",
  "received_events_url": "https://api.github.com/users/ymekuria/received_events",
  "type": "User",
  "site_admin": false
}
