{
  "login": "youlingcao",
  "id": 742982,
  "node_id": "MDQ6VXNlcjc0Mjk4Mg==",
  "avatar_url": "https://avatars1.githubusercontent.com/u/742982?v=4",
  "gravatar_id": "",
  "url": "https://api.github.com/users/youlingcao",
  "html_url": "https://github.com/youlingcao",
  "followers_url": "https://api.github.com/users/youlingcao/followers",
  "following_url": "https://api.github.com/users/youlingcao/following{/other_user}",
  "gists_url": "https://api.github.com/users/youlingcao/gists{/gist_id}",
  "starred_url": "https://api.github.com/users/youlingcao/starred{/owner}{/repo}",
  "subscriptions_url": "https://api.github.com/users/youlingcao/subscriptions",
  "organizations_url": "https://api.github.com/users/youlingcao/orgs",
  "repos_url": "https://api.github.com/users/youlingcao/repos",
  "events_url": "https://api.github.com/users/youlingcao/events{/privacy}",
  "received_events_url": "https://api.github.com/users/youlingcao/received_events",
  "type": "User",
  "site_admin": false
}
