{
  "login": "yousufshawon",
  "id": 3018256,
  "node_id": "MDQ6VXNlcjMwMTgyNTY=",
  "avatar_url": "https://avatars2.githubusercontent.com/u/3018256?v=4",
  "gravatar_id": "",
  "url": "https://api.github.com/users/yousufshawon",
  "html_url": "https://github.com/yousufshawon",
  "followers_url": "https://api.github.com/users/yousufshawon/followers",
  "following_url": "https://api.github.com/users/yousufshawon/following{/other_user}",
  "gists_url": "https://api.github.com/users/yousufshawon/gists{/gist_id}",
  "starred_url": "https://api.github.com/users/yousufshawon/starred{/owner}{/repo}",
  "subscriptions_url": "https://api.github.com/users/yousufshawon/subscriptions",
  "organizations_url": "https://api.github.com/users/yousufshawon/orgs",
  "repos_url": "https://api.github.com/users/yousufshawon/repos",
  "events_url": "https://api.github.com/users/yousufshawon/events{/privacy}",
  "received_events_url": "https://api.github.com/users/yousufshawon/received_events",
  "type": "User",
  "site_admin": false
}
