{
  "login": "yunusinal",
  "id": 43116323,
  "node_id": "MDQ6VXNlcjQzMTE2MzIz",
  "avatar_url": "https://avatars2.githubusercontent.com/u/43116323?v=4",
  "gravatar_id": "",
  "url": "https://api.github.com/users/yunusinal",
  "html_url": "https://github.com/yunusinal",
  "followers_url": "https://api.github.com/users/yunusinal/followers",
  "following_url": "https://api.github.com/users/yunusinal/following{/other_user}",
  "gists_url": "https://api.github.com/users/yunusinal/gists{/gist_id}",
  "starred_url": "https://api.github.com/users/yunusinal/starred{/owner}{/repo}",
  "subscriptions_url": "https://api.github.com/users/yunusinal/subscriptions",
  "organizations_url": "https://api.github.com/users/yunusinal/orgs",
  "repos_url": "https://api.github.com/users/yunusinal/repos",
  "events_url": "https://api.github.com/users/yunusinal/events{/privacy}",
  "received_events_url": "https://api.github.com/users/yunusinal/received_events",
  "type": "User",
  "site_admin": false
}
