{
  "login": "yunuskiran",
  "id": 2011611,
  "node_id": "MDQ6VXNlcjIwMTE2MTE=",
  "avatar_url": "https://avatars0.githubusercontent.com/u/2011611?v=4",
  "gravatar_id": "",
  "url": "https://api.github.com/users/yunuskiran",
  "html_url": "https://github.com/yunuskiran",
  "followers_url": "https://api.github.com/users/yunuskiran/followers",
  "following_url": "https://api.github.com/users/yunuskiran/following{/other_user}",
  "gists_url": "https://api.github.com/users/yunuskiran/gists{/gist_id}",
  "starred_url": "https://api.github.com/users/yunuskiran/starred{/owner}{/repo}",
  "subscriptions_url": "https://api.github.com/users/yunuskiran/subscriptions",
  "organizations_url": "https://api.github.com/users/yunuskiran/orgs",
  "repos_url": "https://api.github.com/users/yunuskiran/repos",
  "events_url": "https://api.github.com/users/yunuskiran/events{/privacy}",
  "received_events_url": "https://api.github.com/users/yunuskiran/received_events",
  "type": "User",
  "site_admin": false
}
