{
  "login": "yvzkr",
  "id": 18627973,
  "node_id": "MDQ6VXNlcjE4NjI3OTcz",
  "avatar_url": "https://avatars1.githubusercontent.com/u/18627973?v=4",
  "gravatar_id": "",
  "url": "https://api.github.com/users/yvzkr",
  "html_url": "https://github.com/yvzkr",
  "followers_url": "https://api.github.com/users/yvzkr/followers",
  "following_url": "https://api.github.com/users/yvzkr/following{/other_user}",
  "gists_url": "https://api.github.com/users/yvzkr/gists{/gist_id}",
  "starred_url": "https://api.github.com/users/yvzkr/starred{/owner}{/repo}",
  "subscriptions_url": "https://api.github.com/users/yvzkr/subscriptions",
  "organizations_url": "https://api.github.com/users/yvzkr/orgs",
  "repos_url": "https://api.github.com/users/yvzkr/repos",
  "events_url": "https://api.github.com/users/yvzkr/events{/privacy}",
  "received_events_url": "https://api.github.com/users/yvzkr/received_events",
  "type": "User",
  "site_admin": false
}
