{
  "login": "zafatar",
  "id": 2921636,
  "node_id": "MDQ6VXNlcjI5MjE2MzY=",
  "avatar_url": "https://avatars0.githubusercontent.com/u/2921636?v=4",
  "gravatar_id": "",
  "url": "https://api.github.com/users/zafatar",
  "html_url": "https://github.com/zafatar",
  "followers_url": "https://api.github.com/users/zafatar/followers",
  "following_url": "https://api.github.com/users/zafatar/following{/other_user}",
  "gists_url": "https://api.github.com/users/zafatar/gists{/gist_id}",
  "starred_url": "https://api.github.com/users/zafatar/starred{/owner}{/repo}",
  "subscriptions_url": "https://api.github.com/users/zafatar/subscriptions",
  "organizations_url": "https://api.github.com/users/zafatar/orgs",
  "repos_url": "https://api.github.com/users/zafatar/repos",
  "events_url": "https://api.github.com/users/zafatar/events{/privacy}",
  "received_events_url": "https://api.github.com/users/zafatar/received_events",
  "type": "User",
  "site_admin": false
}
