{
  "login": "zekzekus",
  "id": 72403,
  "node_id": "MDQ6VXNlcjcyNDAz",
  "avatar_url": "https://avatars1.githubusercontent.com/u/72403?v=4",
  "gravatar_id": "",
  "url": "https://api.github.com/users/zekzekus",
  "html_url": "https://github.com/zekzekus",
  "followers_url": "https://api.github.com/users/zekzekus/followers",
  "following_url": "https://api.github.com/users/zekzekus/following{/other_user}",
  "gists_url": "https://api.github.com/users/zekzekus/gists{/gist_id}",
  "starred_url": "https://api.github.com/users/zekzekus/starred{/owner}{/repo}",
  "subscriptions_url": "https://api.github.com/users/zekzekus/subscriptions",
  "organizations_url": "https://api.github.com/users/zekzekus/orgs",
  "repos_url": "https://api.github.com/users/zekzekus/repos",
  "events_url": "https://api.github.com/users/zekzekus/events{/privacy}",
  "received_events_url": "https://api.github.com/users/zekzekus/received_events",
  "type": "User",
  "site_admin": false
}
