{
  "login": "zeroplucky",
  "id": 24800352,
  "node_id": "MDQ6VXNlcjI0ODAwMzUy",
  "avatar_url": "https://avatars3.githubusercontent.com/u/24800352?v=4",
  "gravatar_id": "",
  "url": "https://api.github.com/users/zeroplucky",
  "html_url": "https://github.com/zeroplucky",
  "followers_url": "https://api.github.com/users/zeroplucky/followers",
  "following_url": "https://api.github.com/users/zeroplucky/following{/other_user}",
  "gists_url": "https://api.github.com/users/zeroplucky/gists{/gist_id}",
  "starred_url": "https://api.github.com/users/zeroplucky/starred{/owner}{/repo}",
  "subscriptions_url": "https://api.github.com/users/zeroplucky/subscriptions",
  "organizations_url": "https://api.github.com/users/zeroplucky/orgs",
  "repos_url": "https://api.github.com/users/zeroplucky/repos",
  "events_url": "https://api.github.com/users/zeroplucky/events{/privacy}",
  "received_events_url": "https://api.github.com/users/zeroplucky/received_events",
  "type": "User",
  "site_admin": false
}
