{
  "login": "zhyuri",
  "id": 4649294,
  "node_id": "MDQ6VXNlcjQ2NDkyOTQ=",
  "avatar_url": "https://avatars0.githubusercontent.com/u/4649294?v=4",
  "gravatar_id": "",
  "url": "https://api.github.com/users/zhyuri",
  "html_url": "https://github.com/zhyuri",
  "followers_url": "https://api.github.com/users/zhyuri/followers",
  "following_url": "https://api.github.com/users/zhyuri/following{/other_user}",
  "gists_url": "https://api.github.com/users/zhyuri/gists{/gist_id}",
  "starred_url": "https://api.github.com/users/zhyuri/starred{/owner}{/repo}",
  "subscriptions_url": "https://api.github.com/users/zhyuri/subscriptions",
  "organizations_url": "https://api.github.com/users/zhyuri/orgs",
  "repos_url": "https://api.github.com/users/zhyuri/repos",
  "events_url": "https://api.github.com/users/zhyuri/events{/privacy}",
  "received_events_url": "https://api.github.com/users/zhyuri/received_events",
  "type": "User",
  "site_admin": false
}
