{
  "login": "ZiYangZhou",
  "id": 8471932,
  "node_id": "MDQ6VXNlcjg0NzE5MzI=",
  "avatar_url": "https://avatars2.githubusercontent.com/u/8471932?v=4",
  "gravatar_id": "",
  "url": "https://api.github.com/users/ZiYangZhou",
  "html_url": "https://github.com/ZiYangZhou",
  "followers_url": "https://api.github.com/users/ZiYangZhou/followers",
  "following_url": "https://api.github.com/users/ZiYangZhou/following{/other_user}",
  "gists_url": "https://api.github.com/users/ZiYangZhou/gists{/gist_id}",
  "starred_url": "https://api.github.com/users/ZiYangZhou/starred{/owner}{/repo}",
  "subscriptions_url": "https://api.github.com/users/ZiYangZhou/subscriptions",
  "organizations_url": "https://api.github.com/users/ZiYangZhou/orgs",
  "repos_url": "https://api.github.com/users/ZiYangZhou/repos",
  "events_url": "https://api.github.com/users/ZiYangZhou/events{/privacy}",
  "received_events_url": "https://api.github.com/users/ZiYangZhou/received_events",
  "type": "User",
  "site_admin": false
}
