{
  "login": "zjzstone",
  "id": 23325012,
  "node_id": "MDQ6VXNlcjIzMzI1MDEy",
  "avatar_url": "https://avatars2.githubusercontent.com/u/23325012?v=4",
  "gravatar_id": "",
  "url": "https://api.github.com/users/zjzstone",
  "html_url": "https://github.com/zjzstone",
  "followers_url": "https://api.github.com/users/zjzstone/followers",
  "following_url": "https://api.github.com/users/zjzstone/following{/other_user}",
  "gists_url": "https://api.github.com/users/zjzstone/gists{/gist_id}",
  "starred_url": "https://api.github.com/users/zjzstone/starred{/owner}{/repo}",
  "subscriptions_url": "https://api.github.com/users/zjzstone/subscriptions",
  "organizations_url": "https://api.github.com/users/zjzstone/orgs",
  "repos_url": "https://api.github.com/users/zjzstone/repos",
  "events_url": "https://api.github.com/users/zjzstone/events{/privacy}",
  "received_events_url": "https://api.github.com/users/zjzstone/received_events",
  "type": "User",
  "site_admin": false
}
