{
  "login": "zryfish",
  "id": 3326354,
  "node_id": "MDQ6VXNlcjMzMjYzNTQ=",
  "avatar_url": "https://avatars2.githubusercontent.com/u/3326354?v=4",
  "gravatar_id": "",
  "url": "https://api.github.com/users/zryfish",
  "html_url": "https://github.com/zryfish",
  "followers_url": "https://api.github.com/users/zryfish/followers",
  "following_url": "https://api.github.com/users/zryfish/following{/other_user}",
  "gists_url": "https://api.github.com/users/zryfish/gists{/gist_id}",
  "starred_url": "https://api.github.com/users/zryfish/starred{/owner}{/repo}",
  "subscriptions_url": "https://api.github.com/users/zryfish/subscriptions",
  "organizations_url": "https://api.github.com/users/zryfish/orgs",
  "repos_url": "https://api.github.com/users/zryfish/repos",
  "events_url": "https://api.github.com/users/zryfish/events{/privacy}",
  "received_events_url": "https://api.github.com/users/zryfish/received_events",
  "type": "User",
  "site_admin": false
}
